scenario,month,date,beginning_balance,gross_interest,modification_interest_loss,interest,principal,ordinary_writedown,modification_principal_loss,writedown,writeup,ending_balance,minimum_ce_test,cumulative_loss_test,delinquency_test,all_triggers_pass,a1_cnl_test,called,tranche
good,1,2026-10-25,18361378647.06,0.0,0.0,0.0,145304011.5707843,0.0,0.0,0.0,0.0,18216074635.489216,True,True,True,True,True,False,A-H
good,2,2026-11-25,18216074635.489216,0.0,0.0,0.0,149220565.31199136,0.0,0.0,0.0,0.0,18066854070.177223,True,True,True,True,True,False,A-H
good,3,2026-12-25,18066854070.177223,0.0,0.0,0.0,154023399.4145455,0.0,0.0,0.0,0.0,17912830670.762676,True,True,True,True,True,False,A-H
good,4,2027-01-25,17912830670.762676,0.0,0.0,0.0,159428831.51061204,0.0,0.0,0.0,0.0,17753401839.252064,True,True,True,True,True,False,A-H
good,5,2027-02-25,17753401839.252064,0.0,0.0,0.0,165880351.86147884,0.0,0.0,0.0,0.0,17587521487.390583,True,True,True,True,True,False,A-H
good,6,2027-03-25,17587521487.390583,0.0,0.0,0.0,177576881.73806486,0.0,0.0,0.0,0.0,17409944605.65252,True,True,True,True,True,False,A-H
good,7,2027-04-25,17409944605.65252,0.0,0.0,0.0,185650142.55876732,0.0,0.0,0.0,0.0,17224294463.09375,True,True,True,True,True,False,A-H
good,8,2027-05-25,17224294463.09375,0.0,0.0,0.0,192689860.69340417,0.0,0.0,0.0,0.0,17031604602.400347,True,True,True,True,True,False,A-H
good,9,2027-06-25,17031604602.400347,0.0,0.0,0.0,222133473.6697605,0.0,0.0,0.0,0.0,16809471128.730587,True,True,True,True,True,False,A-H
good,10,2027-07-25,16809471128.730587,0.0,0.0,0.0,209219194.18645728,0.0,0.0,0.0,0.0,16600251934.54413,False,True,True,False,True,False,A-H
good,11,2027-08-25,16600251934.54413,0.0,0.0,0.0,215151393.10601744,0.0,0.0,0.0,0.0,16385100541.438112,False,True,True,False,True,False,A-H
good,12,2027-09-25,16385100541.438112,0.0,0.0,0.0,219358053.49047232,0.0,0.0,0.0,0.0,16165742487.94764,False,True,True,False,True,False,A-H
good,13,2027-10-25,16165742487.94764,0.0,0.0,0.0,217653736.94991466,0.0,0.0,0.0,0.0,15948088750.997725,True,True,True,True,True,False,A-H
good,14,2027-11-25,15948088750.997725,0.0,0.0,0.0,221332081.5328298,0.0,0.0,0.0,0.0,15726756669.464895,True,True,True,True,True,False,A-H
good,15,2027-12-25,15726756669.464895,0.0,0.0,0.0,226875806.0845174,0.0,0.0,0.0,0.0,15499880863.380379,True,True,True,True,True,False,A-H
good,16,2028-01-25,15499880863.380379,0.0,0.0,0.0,233533643.81141227,0.0,0.0,0.0,0.0,15266347219.568966,True,True,True,True,True,False,A-H
good,17,2028-02-25,15266347219.568966,0.0,0.0,0.0,236948697.4155387,0.0,0.0,0.0,0.0,15029398522.153427,True,True,True,True,True,False,A-H
good,18,2028-03-25,15029398522.153427,0.0,0.0,0.0,239722982.72684652,0.0,0.0,0.0,0.0,14789675539.42658,True,True,True,True,True,False,A-H
good,19,2028-04-25,14789675539.42658,0.0,0.0,0.0,245942510.1289553,0.0,0.0,0.0,0.0,14543733029.297625,True,True,True,True,True,False,A-H
good,20,2028-05-25,14543733029.297625,0.0,0.0,0.0,252010419.03738004,0.0,0.0,0.0,0.0,14291722610.260244,True,True,True,True,True,False,A-H
good,21,2028-06-25,14291722610.260244,0.0,0.0,0.0,254628762.48780087,0.0,0.0,0.0,0.0,14037093847.772444,True,True,True,True,True,False,A-H
good,22,2028-07-25,14037093847.772444,0.0,0.0,0.0,258100604.00750878,0.0,0.0,0.0,0.0,13778993243.764935,True,True,True,True,True,False,A-H
good,23,2028-08-25,13778993243.764935,0.0,0.0,0.0,269859741.2654685,0.0,0.0,0.0,0.0,13509133502.499466,False,True,True,False,True,False,A-H
good,24,2028-09-25,13509133502.499466,0.0,0.0,0.0,258630275.22823706,0.0,0.0,0.0,0.0,13250503227.271229,True,True,True,True,True,False,A-H
good,25,2028-10-25,13250503227.271229,0.0,0.0,0.0,259886938.32516,0.0,0.0,0.0,0.0,12990616288.94607,True,True,True,True,True,False,A-H
good,26,2028-11-25,12990616288.94607,0.0,0.0,0.0,260512039.5739102,0.0,0.0,0.0,0.0,12730104249.37216,True,True,True,True,True,False,A-H
good,27,2028-12-25,12730104249.37216,0.0,0.0,0.0,259689332.49148968,0.0,0.0,0.0,0.0,12470414916.88067,True,True,True,True,True,False,A-H
good,28,2029-01-25,12470414916.88067,0.0,0.0,0.0,259359740.33846903,0.0,0.0,0.0,0.0,12211055176.542202,True,True,True,True,True,False,A-H
good,29,2029-02-25,12211055176.542202,0.0,0.0,0.0,259100227.25881436,0.0,0.0,0.0,0.0,11951954949.283388,True,True,True,True,True,False,A-H
good,30,2029-03-25,11951954949.283388,0.0,0.0,0.0,206030942.17825243,0.0,0.0,0.0,0.0,11745924007.105135,True,True,True,True,True,False,A-H
good,31,2029-04-25,11745924007.105135,0.0,0.0,0.0,259746906.92272687,0.0,0.0,0.0,0.0,11486177100.182407,True,True,True,True,True,False,A-H
good,32,2029-05-25,11486177100.182407,0.0,0.0,0.0,258580969.52120876,0.0,0.0,0.0,0.0,11227596130.661198,True,True,True,True,True,False,A-H
good,33,2029-06-25,11227596130.661198,0.0,0.0,0.0,265649834.69538784,0.0,0.0,0.0,0.0,10961946295.965809,False,True,True,False,True,False,A-H
good,34,2029-07-25,10961946295.965809,0.0,0.0,0.0,254342208.78341433,0.0,0.0,0.0,0.0,10707604087.182394,True,True,True,True,True,False,A-H
good,35,2029-08-25,10707604087.182394,0.0,0.0,0.0,251354875.35918015,0.0,0.0,0.0,0.0,10456249211.823214,True,True,True,True,True,False,A-H
good,36,2029-09-25,10456249211.823214,0.0,0.0,0.0,245555604.87860227,0.0,0.0,0.0,0.0,10210693606.94461,True,True,True,True,True,False,A-H
good,37,2029-10-25,10210693606.94461,0.0,0.0,0.0,244315552.2510469,0.0,0.0,0.0,0.0,9966378054.693563,True,True,True,True,True,False,A-H
good,38,2029-11-25,9966378054.693563,0.0,0.0,0.0,242307537.77650493,0.0,0.0,0.0,0.0,9724070516.917059,True,True,True,True,True,False,A-H
good,39,2029-12-25,9724070516.917059,0.0,0.0,0.0,238501094.0588658,0.0,0.0,0.0,0.0,9485569422.858192,True,True,True,True,True,False,A-H
good,40,2030-01-25,9485569422.858192,0.0,0.0,0.0,235252487.6623036,0.0,0.0,0.0,0.0,9250316935.195889,True,True,True,True,True,False,A-H
good,41,2030-02-25,9250316935.195889,0.0,0.0,0.0,232373998.6707966,0.0,0.0,0.0,0.0,9017942936.525091,True,True,True,True,True,False,A-H
good,42,2030-03-25,9017942936.525091,0.0,0.0,0.0,227017801.93288058,0.0,0.0,0.0,0.0,8790925134.59221,True,True,True,True,True,False,A-H
good,43,2030-04-25,8790925134.59221,0.0,0.0,0.0,224176977.23904008,0.0,0.0,0.0,0.0,8566748157.35317,True,True,True,True,True,False,A-H
good,44,2030-05-25,8566748157.35317,0.0,0.0,0.0,220758855.66197017,0.0,0.0,0.0,0.0,8345989301.6912,True,True,True,True,True,False,A-H
good,45,2030-06-25,8345989301.6912,0.0,0.0,0.0,216909254.12251064,0.0,0.0,0.0,0.0,8129080047.568689,True,True,True,True,True,False,A-H
good,46,2030-07-25,8129080047.568689,0.0,0.0,0.0,211525935.1717217,0.0,0.0,0.0,0.0,7917554112.396968,True,True,True,True,True,False,A-H
good,47,2030-08-25,7917554112.396968,0.0,0.0,0.0,206144642.16840935,0.0,0.0,0.0,0.0,7711409470.228559,True,True,True,True,True,False,A-H
good,48,2030-09-25,7711409470.228559,0.0,0.0,0.0,199423505.12392893,0.0,0.0,0.0,0.0,7511985965.1046295,True,True,True,True,True,False,A-H
good,49,2030-10-25,7511985965.1046295,0.0,0.0,0.0,195301719.21281022,0.0,0.0,0.0,0.0,7316684245.891819,True,True,True,True,True,False,A-H
good,50,2030-11-25,7316684245.891819,0.0,0.0,0.0,190894610.98386344,0.0,0.0,0.0,0.0,7125789634.907955,True,True,True,True,True,False,A-H
good,51,2030-12-25,7125789634.907955,0.0,0.0,0.0,186132969.70973697,0.0,0.0,0.0,0.0,6939656665.198218,True,True,True,True,True,False,A-H
good,52,2031-01-25,6939656665.198218,0.0,0.0,0.0,181260746.43199393,0.0,0.0,0.0,0.0,6758395918.766225,True,True,True,True,True,False,A-H
good,53,2031-02-25,6758395918.766225,0.0,0.0,0.0,6758395918.766225,0.0,0.0,0.0,0.0,0.0,False,True,True,False,True,True,A-H
good,1,2026-10-25,203476250.0,769867.65259375,0.0,769867.65259375,10346250.000241492,0.0,0.0,0.0,0.0,193129999.9997585,True,True,True,True,True,False,A-1
good,2,2026-11-25,193129999.9997585,786675.7719278387,0.0,786675.7719278387,10346250.000241492,0.0,0.0,0.0,0.0,182783749.99951702,True,True,True,True,True,False,A-1
good,3,2026-12-25,182783749.99951702,718670.7354203303,0.0,718670.7354203303,10346250.000241492,0.0,0.0,0.0,0.0,172437499.99927554,True,True,True,True,True,False,A-1
good,4,2027-01-25,172437499.99927554,699695.6684399943,0.0,699695.6684399943,10346250.000241492,0.0,0.0,0.0,0.0,162091249.99903405,True,True,True,True,True,False,A-1
good,5,2027-02-25,162091249.99903405,657070.2714979253,0.0,657070.2714979253,10346250.000241494,0.0,0.0,0.0,0.0,151744999.99879256,True,True,True,True,True,False,A-1
good,6,2027-03-25,151744999.99879256,554992.412194595,0.0,554992.412194595,4138500.000096597,0.0,0.0,0.0,0.0,147606499.99869597,True,True,True,True,True,False,A-1
good,7,2027-04-25,147606499.99869597,596633.0047803988,0.0,596633.0047803988,4138500.000096597,0.0,0.0,0.0,0.0,143467999.99859938,True,True,True,True,True,False,A-1
good,8,2027-05-25,143467999.99859938,559698.1984912027,0.0,559698.1984912027,4138500.000096597,0.0,0.0,0.0,0.0,139329499.9985028,True,True,True,True,True,False,A-1
good,9,2027-06-25,139329499.9985028,559766.3994850067,0.0,559766.3994850067,4138500.000096597,0.0,0.0,0.0,0.0,135190999.9984062,True,True,True,True,True,False,A-1
good,10,2027-07-25,135190999.9984062,523110.46179363295,0.0,523110.46179363295,4138500.0000965972,0.0,0.0,0.0,0.0,131052499.9983096,False,True,True,False,True,False,A-1
good,11,2027-08-25,131052499.9983096,521803.74292936805,0.0,521803.74292936805,4138500.000096597,0.0,0.0,0.0,0.0,126913999.998213,False,True,True,False,True,False,A-1
good,12,2027-09-25,126913999.998213,503689.7126083507,0.0,503689.7126083507,4138500.000096597,0.0,0.0,0.0,0.0,122775499.9981164,False,True,True,False,True,False,A-1
good,13,2027-10-25,122775499.9981164,470607.34462945926,0.0,470607.34462945926,4138500.0000965972,0.0,0.0,0.0,0.0,118636999.9980198,True,True,True,True,True,False,A-1
good,14,2027-11-25,118636999.9980198,469174.90047109994,0.0,469174.90047109994,4138500.0000965972,0.0,0.0,0.0,0.0,114498499.9979232,True,True,True,True,True,False,A-1
good,15,2027-12-25,114498499.9979232,437427.8986913366,0.0,437427.8986913366,4138500.000096597,0.0,0.0,0.0,0.0,110359999.9978266,True,True,True,True,True,False,A-1
good,16,2028-01-25,110359999.9978266,435014.657593833,0.0,435014.657593833,4138500.000096597,0.0,0.0,0.0,0.0,106221499.99773002,True,True,True,True,True,False,A-1
good,17,2028-02-25,106221499.99773002,417967.3956605027,0.0,417967.3956605027,4138500.000096597,0.0,0.0,0.0,0.0,102082999.99763343,True,True,True,True,True,False,A-1
good,18,2028-03-25,102082999.99763343,374915.5695504054,0.0,374915.5695504054,4138500.0000965977,0.0,0.0,0.0,0.0,97944499.99753682,True,True,True,True,True,False,A-1
good,19,2028-04-25,97944499.99753682,383626.45653212495,0.0,383626.45653212495,4138500.000096597,0.0,0.0,0.0,0.0,93805999.99744022,True,True,True,True,True,False,A-1
good,20,2028-05-25,93805999.99744022,354965.4428216637,0.0,354965.4428216637,4138500.0000965972,0.0,0.0,0.0,0.0,89667499.99734361,True,True,True,True,True,False,A-1
good,21,2028-06-25,89667499.99734361,350180.1974995899,0.0,350180.1974995899,4138500.0000965972,0.0,0.0,0.0,0.0,85528999.99724701,True,True,True,True,True,False,A-1
good,22,2028-07-25,85528999.99724701,322608.2819551993,0.0,322608.2819551993,4138500.0000965972,0.0,0.0,0.0,0.0,81390499.9971504,True,True,True,True,True,False,A-1
good,23,2028-08-25,81390499.9971504,316446.0758638234,0.0,316446.0758638234,4138500.0000965963,0.0,0.0,0.0,0.0,77251999.99705382,False,True,True,False,True,False,A-1
good,24,2028-09-25,77251999.99705382,299600.76333036856,0.0,299600.76333036856,4138500.0000965972,0.0,0.0,0.0,0.0,73113499.99695721,True,True,True,True,True,False,A-1
good,25,2028-10-25,73113499.99695721,273833.7164079246,0.0,273833.7164079246,4138500.0000965972,0.0,0.0,0.0,0.0,68974999.99686061,True,True,True,True,True,False,A-1
good,26,2028-11-25,68974999.99686061,266331.68720773904,0.0,266331.68720773904,4138500.000096597,0.0,0.0,0.0,0.0,64836499.99676401,True,True,True,True,True,False,A-1
good,27,2028-12-25,64836499.99676401,241767.5621470959,0.0,241767.5621470959,4138500.0000965977,0.0,0.0,0.0,0.0,60697999.996667415,True,True,True,True,True,False,A-1
good,28,2029-01-25,60697999.996667415,233333.16568355847,0.0,233333.16568355847,4138500.0000965972,0.0,0.0,0.0,0.0,56559499.99657082,True,True,True,True,True,False,A-1
good,29,2029-02-25,56559499.99657082,216991.04956266665,0.0,216991.04956266665,4138500.000096597,0.0,0.0,0.0,0.0,52420999.99647422,True,True,True,True,True,False,A-1
good,30,2029-03-25,52420999.99647422,181449.39709581924,0.0,181449.39709581924,52420999.99647422,0.0,0.0,0.0,0.0,0.0,True,True,True,True,True,False,A-1
good,31,2029-04-25,0.0,0.0,0.0,0.0,0.0,0.0,0.0,0.0,0.0,0.0,True,True,True,True,True,False,A-1
good,32,2029-05-25,0.0,0.0,0.0,0.0,0.0,0.0,0.0,0.0,0.0,0.0,True,True,True,True,True,False,A-1
good,33,2029-06-25,0.0,0.0,0.0,0.0,0.0,0.0,0.0,0.0,0.0,0.0,False,True,True,False,True,False,A-1
good,34,2029-07-25,0.0,0.0,0.0,0.0,0.0,0.0,0.0,0.0,0.0,0.0,True,True,True,True,True,False,A-1
good,35,2029-08-25,0.0,0.0,0.0,0.0,0.0,0.0,0.0,0.0,0.0,0.0,True,True,True,True,True,False,A-1
good,36,2029-09-25,0.0,0.0,0.0,0.0,0.0,0.0,0.0,0.0,0.0,0.0,True,True,True,True,True,False,A-1
good,37,2029-10-25,0.0,0.0,0.0,0.0,0.0,0.0,0.0,0.0,0.0,0.0,True,True,True,True,True,False,A-1
good,38,2029-11-25,0.0,0.0,0.0,0.0,0.0,0.0,0.0,0.0,0.0,0.0,True,True,True,True,True,False,A-1
good,39,2029-12-25,0.0,0.0,0.0,0.0,0.0,0.0,0.0,0.0,0.0,0.0,True,True,True,True,True,False,A-1
good,40,2030-01-25,0.0,0.0,0.0,0.0,0.0,0.0,0.0,0.0,0.0,0.0,True,True,True,True,True,False,A-1
good,41,2030-02-25,0.0,0.0,0.0,0.0,0.0,0.0,0.0,0.0,0.0,0.0,True,True,True,True,True,False,A-1
good,42,2030-03-25,0.0,0.0,0.0,0.0,0.0,0.0,0.0,0.0,0.0,0.0,True,True,True,True,True,False,A-1
good,43,2030-04-25,0.0,0.0,0.0,0.0,0.0,0.0,0.0,0.0,0.0,0.0,True,True,True,True,True,False,A-1
good,44,2030-05-25,0.0,0.0,0.0,0.0,0.0,0.0,0.0,0.0,0.0,0.0,True,True,True,True,True,False,A-1
good,45,2030-06-25,0.0,0.0,0.0,0.0,0.0,0.0,0.0,0.0,0.0,0.0,True,True,True,True,True,False,A-1
good,46,2030-07-25,0.0,0.0,0.0,0.0,0.0,0.0,0.0,0.0,0.0,0.0,True,True,True,True,True,False,A-1
good,47,2030-08-25,0.0,0.0,0.0,0.0,0.0,0.0,0.0,0.0,0.0,0.0,True,True,True,True,True,False,A-1
good,48,2030-09-25,0.0,0.0,0.0,0.0,0.0,0.0,0.0,0.0,0.0,0.0,True,True,True,True,True,False,A-1
good,49,2030-10-25,0.0,0.0,0.0,0.0,0.0,0.0,0.0,0.0,0.0,0.0,True,True,True,True,True,False,A-1
good,50,2030-11-25,0.0,0.0,0.0,0.0,0.0,0.0,0.0,0.0,0.0,0.0,True,True,True,True,True,False,A-1
good,51,2030-12-25,0.0,0.0,0.0,0.0,0.0,0.0,0.0,0.0,0.0,0.0,True,True,True,True,True,False,A-1
good,52,2031-01-25,0.0,0.0,0.0,0.0,0.0,0.0,0.0,0.0,0.0,0.0,True,True,True,True,True,False,A-1
good,53,2031-02-25,0.0,0.0,0.0,0.0,0.0,0.0,0.0,0.0,0.0,0.0,False,True,True,False,True,True,A-1
good,1,2026-10-25,10737765.47,0.0,0.0,0.0,545988.0747585067,0.0,0.0,0.0,0.0,10191777.395241493,True,True,True,True,True,False,A-1H
good,2,2026-11-25,10191777.395241493,0.0,0.0,0.0,545988.0747585066,0.0,0.0,0.0,0.0,9645789.320482986,True,True,True,True,True,False,A-1H
good,3,2026-12-25,9645789.320482986,0.0,0.0,0.0,545988.0747585066,0.0,0.0,0.0,0.0,9099801.245724479,True,True,True,True,True,False,A-1H
good,4,2027-01-25,9099801.245724479,0.0,0.0,0.0,545988.0747585066,0.0,0.0,0.0,0.0,8553813.170965971,True,True,True,True,True,False,A-1H
good,5,2027-02-25,8553813.170965971,0.0,0.0,0.0,545988.0747585065,0.0,0.0,0.0,0.0,8007825.096207465,True,True,True,True,True,False,A-1H
good,6,2027-03-25,8007825.096207465,0.0,0.0,0.0,218395.22990340256,0.0,0.0,0.0,0.0,7789429.866304062,True,True,True,True,True,False,A-1H
good,7,2027-04-25,7789429.866304062,0.0,0.0,0.0,218395.22990340256,0.0,0.0,0.0,0.0,7571034.63640066,True,True,True,True,True,False,A-1H
good,8,2027-05-25,7571034.63640066,0.0,0.0,0.0,218395.22990340253,0.0,0.0,0.0,0.0,7352639.406497257,True,True,True,True,True,False,A-1H
good,9,2027-06-25,7352639.406497257,0.0,0.0,0.0,218395.2299034025,0.0,0.0,0.0,0.0,7134244.176593854,True,True,True,True,True,False,A-1H
good,10,2027-07-25,7134244.176593854,0.0,0.0,0.0,218395.22990340253,0.0,0.0,0.0,0.0,6915848.946690451,False,True,True,False,True,False,A-1H
good,11,2027-08-25,6915848.946690451,0.0,0.0,0.0,218395.2299034025,0.0,0.0,0.0,0.0,6697453.716787049,False,True,True,False,True,False,A-1H
good,12,2027-09-25,6697453.716787049,0.0,0.0,0.0,218395.22990340253,0.0,0.0,0.0,0.0,6479058.486883646,False,True,True,False,True,False,A-1H
good,13,2027-10-25,6479058.486883646,0.0,0.0,0.0,218395.2299034025,0.0,0.0,0.0,0.0,6260663.256980243,True,True,True,True,True,False,A-1H
good,14,2027-11-25,6260663.256980243,0.0,0.0,0.0,218395.22990340253,0.0,0.0,0.0,0.0,6042268.02707684,True,True,True,True,True,False,A-1H
good,15,2027-12-25,6042268.02707684,0.0,0.0,0.0,218395.2299034025,0.0,0.0,0.0,0.0,5823872.797173438,True,True,True,True,True,False,A-1H
good,16,2028-01-25,5823872.797173438,0.0,0.0,0.0,218395.2299034025,0.0,0.0,0.0,0.0,5605477.567270035,True,True,True,True,True,False,A-1H
good,17,2028-02-25,5605477.567270035,0.0,0.0,0.0,218395.22990340245,0.0,0.0,0.0,0.0,5387082.337366632,True,True,True,True,True,False,A-1H
good,18,2028-03-25,5387082.337366632,0.0,0.0,0.0,218395.22990340248,0.0,0.0,0.0,0.0,5168687.107463229,True,True,True,True,True,False,A-1H
good,19,2028-04-25,5168687.107463229,0.0,0.0,0.0,218395.22990340245,0.0,0.0,0.0,0.0,4950291.877559827,True,True,True,True,True,False,A-1H
good,20,2028-05-25,4950291.877559827,0.0,0.0,0.0,218395.22990340248,0.0,0.0,0.0,0.0,4731896.647656424,True,True,True,True,True,False,A-1H
good,21,2028-06-25,4731896.647656424,0.0,0.0,0.0,218395.22990340245,0.0,0.0,0.0,0.0,4513501.417753021,True,True,True,True,True,False,A-1H
good,22,2028-07-25,4513501.417753021,0.0,0.0,0.0,218395.22990340248,0.0,0.0,0.0,0.0,4295106.1878496185,True,True,True,True,True,False,A-1H
good,23,2028-08-25,4295106.1878496185,0.0,0.0,0.0,218395.22990340245,0.0,0.0,0.0,0.0,4076710.957946216,False,True,True,False,True,False,A-1H
good,24,2028-09-25,4076710.957946216,0.0,0.0,0.0,218395.22990340248,0.0,0.0,0.0,0.0,3858315.728042814,True,True,True,True,True,False,A-1H
good,25,2028-10-25,3858315.728042814,0.0,0.0,0.0,218395.22990340248,0.0,0.0,0.0,0.0,3639920.4981394117,True,True,True,True,True,False,A-1H
good,26,2028-11-25,3639920.4981394117,0.0,0.0,0.0,218395.2299034025,0.0,0.0,0.0,0.0,3421525.2682360094,True,True,True,True,True,False,A-1H
good,27,2028-12-25,3421525.2682360094,0.0,0.0,0.0,218395.22990340253,0.0,0.0,0.0,0.0,3203130.0383326067,True,True,True,True,True,False,A-1H
good,28,2029-01-25,3203130.0383326067,0.0,0.0,0.0,218395.2299034025,0.0,0.0,0.0,0.0,2984734.808429204,True,True,True,True,True,False,A-1H
good,29,2029-02-25,2984734.808429204,0.0,0.0,0.0,218395.22990340248,0.0,0.0,0.0,0.0,2766339.5785258017,True,True,True,True,True,False,A-1H
good,30,2029-03-25,2766339.5785258017,0.0,0.0,0.0,2766339.5785258017,0.0,0.0,0.0,0.0,0.0,True,True,True,True,True,False,A-1H
good,31,2029-04-25,0.0,0.0,0.0,0.0,0.0,0.0,0.0,0.0,0.0,0.0,True,True,True,True,True,False,A-1H
good,32,2029-05-25,0.0,0.0,0.0,0.0,0.0,0.0,0.0,0.0,0.0,0.0,True,True,True,True,True,False,A-1H
good,33,2029-06-25,0.0,0.0,0.0,0.0,0.0,0.0,0.0,0.0,0.0,0.0,False,True,True,False,True,False,A-1H
good,34,2029-07-25,0.0,0.0,0.0,0.0,0.0,0.0,0.0,0.0,0.0,0.0,True,True,True,True,True,False,A-1H
good,35,2029-08-25,0.0,0.0,0.0,0.0,0.0,0.0,0.0,0.0,0.0,0.0,True,True,True,True,True,False,A-1H
good,36,2029-09-25,0.0,0.0,0.0,0.0,0.0,0.0,0.0,0.0,0.0,0.0,True,True,True,True,True,False,A-1H
good,37,2029-10-25,0.0,0.0,0.0,0.0,0.0,0.0,0.0,0.0,0.0,0.0,True,True,True,True,True,False,A-1H
good,38,2029-11-25,0.0,0.0,0.0,0.0,0.0,0.0,0.0,0.0,0.0,0.0,True,True,True,True,True,False,A-1H
good,39,2029-12-25,0.0,0.0,0.0,0.0,0.0,0.0,0.0,0.0,0.0,0.0,True,True,True,True,True,False,A-1H
good,40,2030-01-25,0.0,0.0,0.0,0.0,0.0,0.0,0.0,0.0,0.0,0.0,True,True,True,True,True,False,A-1H
good,41,2030-02-25,0.0,0.0,0.0,0.0,0.0,0.0,0.0,0.0,0.0,0.0,True,True,True,True,True,False,A-1H
good,42,2030-03-25,0.0,0.0,0.0,0.0,0.0,0.0,0.0,0.0,0.0,0.0,True,True,True,True,True,False,A-1H
good,43,2030-04-25,0.0,0.0,0.0,0.0,0.0,0.0,0.0,0.0,0.0,0.0,True,True,True,True,True,False,A-1H
good,44,2030-05-25,0.0,0.0,0.0,0.0,0.0,0.0,0.0,0.0,0.0,0.0,True,True,True,True,True,False,A-1H
good,45,2030-06-25,0.0,0.0,0.0,0.0,0.0,0.0,0.0,0.0,0.0,0.0,True,True,True,True,True,False,A-1H
good,46,2030-07-25,0.0,0.0,0.0,0.0,0.0,0.0,0.0,0.0,0.0,0.0,True,True,True,True,True,False,A-1H
good,47,2030-08-25,0.0,0.0,0.0,0.0,0.0,0.0,0.0,0.0,0.0,0.0,True,True,True,True,True,False,A-1H
good,48,2030-09-25,0.0,0.0,0.0,0.0,0.0,0.0,0.0,0.0,0.0,0.0,True,True,True,True,True,False,A-1H
good,49,2030-10-25,0.0,0.0,0.0,0.0,0.0,0.0,0.0,0.0,0.0,0.0,True,True,True,True,True,False,A-1H
good,50,2030-11-25,0.0,0.0,0.0,0.0,0.0,0.0,0.0,0.0,0.0,0.0,True,True,True,True,True,False,A-1H
good,51,2030-12-25,0.0,0.0,0.0,0.0,0.0,0.0,0.0,0.0,0.0,0.0,True,True,True,True,True,False,A-1H
good,52,2031-01-25,0.0,0.0,0.0,0.0,0.0,0.0,0.0,0.0,0.0,0.0,True,True,True,True,True,False,A-1H
good,53,2031-02-25,0.0,0.0,0.0,0.0,0.0,0.0,0.0,0.0,0.0,0.0,False,True,True,False,True,True,A-1H
good,1,2026-10-25,157810518.32,616814.246642594,0.0,616814.246642594,5421025.24016437,0.0,0.0,0.0,0.0,152389493.07983562,True,True,True,True,True,False,M-1
good,2,2026-11-25,152389493.07983562,640411.2465553201,0.0,640411.2465553201,5556955.115137049,0.0,0.0,0.0,0.0,146832537.96469858,True,True,True,True,True,False,M-1
good,3,2026-12-25,146832537.96469858,595671.5150110605,0.0,595671.5150110605,5723644.680048587,0.0,0.0,0.0,0.0,141108893.28465,True,True,True,True,True,False,M-1
good,4,2027-01-25,141108893.28465,590800.8685941747,0.0,590800.8685941747,5911248.312614788,0.0,0.0,0.0,0.0,135197644.9720352,True,True,True,True,True,False,M-1
good,5,2027-02-25,135197644.9720352,565514.5327748028,0.0,565514.5327748028,6135158.007878313,0.0,0.0,0.0,0.0,129062486.96415688,True,True,True,True,True,False,M-1
good,6,2027-03-25,129062486.96415688,487090.64191780984,0.0,487090.64191780984,6314284.748954885,0.0,0.0,0.0,0.0,122748202.215202,True,True,True,True,True,False,M-1
good,7,2027-04-25,122748202.215202,512009.47283671505,0.0,512009.47283671505,6594479.38089196,0.0,0.0,0.0,0.0,116153722.83431004,True,True,True,True,True,False,M-1
good,8,2027-05-25,116153722.83431004,467658.79643888236,0.0,467658.79643888236,6838803.362921423,0.0,0.0,0.0,0.0,109314919.47138862,True,True,True,True,True,False,M-1
good,9,2027-06-25,109314919.47138862,453300.48306362506,0.0,453300.48306362506,6946490.397706242,0.0,0.0,0.0,0.0,102368429.07368238,True,True,True,True,True,False,M-1
good,10,2027-07-25,102368429.07368238,408902.2752499545,0.0,408902.2752499545,0.0,0.0,0.0,0.0,0.0,102368429.07368238,False,True,True,False,True,False,M-1
good,11,2027-08-25,102368429.07368238,420816.7166745892,0.0,420816.7166745892,0.0,0.0,0.0,0.0,0.0,102368429.07368238,False,True,True,False,True,False,M-1
good,12,2027-09-25,102368429.07368238,419497.11025035847,0.0,419497.11025035847,0.0,0.0,0.0,0.0,0.0,102368429.07368238,False,True,True,False,True,False,M-1
good,13,2027-10-25,102368429.07368238,405181.62389044143,0.0,405181.62389044143,7756751.767591153,0.0,0.0,0.0,0.0,94611677.30609123,True,True,True,True,True,False,M-1
good,14,2027-11-25,94611677.30609123,386382.3975864988,0.0,386382.3975864988,7885268.161446649,0.0,0.0,0.0,0.0,86726409.14464459,True,True,True,True,True,False,M-1
good,15,2027-12-25,86726409.14464459,342168.7304511074,0.0,342168.7304511074,8078958.413094078,0.0,0.0,0.0,0.0,78647450.73155051,True,True,True,True,True,False,M-1
good,16,2028-01-25,78647450.73155051,320169.4468426683,0.0,320169.4468426683,8311574.2749983,0.0,0.0,0.0,0.0,70335876.45655221,True,True,True,True,True,False,M-1
good,17,2028-02-25,70335876.45655221,285847.31733740564,0.0,285847.31733740564,8430891.637505304,0.0,0.0,0.0,0.0,61904984.8190469,True,True,True,True,True,False,M-1
good,18,2028-03-25,61904984.8190469,234835.79474824626,0.0,234835.79474824626,8527821.420916993,0.0,0.0,0.0,0.0,53377163.39812991,True,True,True,True,True,False,M-1
good,19,2028-04-25,53377163.39812991,215960.82816101974,0.0,215960.82816101974,8745123.311804812,0.0,0.0,0.0,0.0,44632040.086325094,True,True,True,True,True,False,M-1
good,20,2028-05-25,44632040.086325094,174468.32844115703,0.0,174468.32844115703,8889785.969051367,0.0,0.0,0.0,0.0,35742254.117273726,True,True,True,True,True,False,M-1
good,21,2028-06-25,35742254.117273726,144201.61435302906,0.0,144201.61435302906,8961700.85606415,0.0,0.0,0.0,0.0,26780553.261209577,True,True,True,True,True,False,M-1
good,22,2028-07-25,26780553.261209577,104361.59104130029,0.0,104361.59104130029,9063146.617369553,0.0,0.0,0.0,0.0,17717406.643840022,True,True,True,True,True,False,M-1
good,23,2028-08-25,17717406.643840022,71173.73443759582,0.0,71173.73443759582,0.0,0.0,0.0,0.0,0.0,17717406.643840022,False,True,True,False,True,False,M-1
good,24,2028-09-25,17717406.643840022,71000.61655486246,0.0,71000.61655486246,9224675.739030873,0.0,0.0,0.0,0.0,8492730.904809149,True,True,True,True,True,False,M-1
good,25,2028-10-25,8492730.904809149,32869.616778559444,0.0,32869.616778559444,8492730.904809149,0.0,0.0,0.0,0.0,0.0,True,True,True,True,True,False,M-1
good,26,2028-11-25,0.0,0.0,0.0,0.0,0.0,0.0,0.0,0.0,0.0,0.0,True,True,True,True,True,False,M-1
good,27,2028-12-25,0.0,0.0,0.0,0.0,0.0,0.0,0.0,0.0,0.0,0.0,True,True,True,True,True,False,M-1
good,28,2029-01-25,0.0,0.0,0.0,0.0,0.0,0.0,0.0,0.0,0.0,0.0,True,True,True,True,True,False,M-1
good,29,2029-02-25,0.0,0.0,0.0,0.0,0.0,0.0,0.0,0.0,0.0,0.0,True,True,True,True,True,False,M-1
good,30,2029-03-25,0.0,0.0,0.0,0.0,0.0,0.0,0.0,0.0,0.0,0.0,True,True,True,True,True,False,M-1
good,31,2029-04-25,0.0,0.0,0.0,0.0,0.0,0.0,0.0,0.0,0.0,0.0,True,True,True,True,True,False,M-1
good,32,2029-05-25,0.0,0.0,0.0,0.0,0.0,0.0,0.0,0.0,0.0,0.0,True,True,True,True,True,False,M-1
good,33,2029-06-25,0.0,0.0,0.0,0.0,0.0,0.0,0.0,0.0,0.0,0.0,False,True,True,False,True,False,M-1
good,34,2029-07-25,0.0,0.0,0.0,0.0,0.0,0.0,0.0,0.0,0.0,0.0,True,True,True,True,True,False,M-1
good,35,2029-08-25,0.0,0.0,0.0,0.0,0.0,0.0,0.0,0.0,0.0,0.0,True,True,True,True,True,False,M-1
good,36,2029-09-25,0.0,0.0,0.0,0.0,0.0,0.0,0.0,0.0,0.0,0.0,True,True,True,True,True,False,M-1
good,37,2029-10-25,0.0,0.0,0.0,0.0,0.0,0.0,0.0,0.0,0.0,0.0,True,True,True,True,True,False,M-1
good,38,2029-11-25,0.0,0.0,0.0,0.0,0.0,0.0,0.0,0.0,0.0,0.0,True,True,True,True,True,False,M-1
good,39,2029-12-25,0.0,0.0,0.0,0.0,0.0,0.0,0.0,0.0,0.0,0.0,True,True,True,True,True,False,M-1
good,40,2030-01-25,0.0,0.0,0.0,0.0,0.0,0.0,0.0,0.0,0.0,0.0,True,True,True,True,True,False,M-1
good,41,2030-02-25,0.0,0.0,0.0,0.0,0.0,0.0,0.0,0.0,0.0,0.0,True,True,True,True,True,False,M-1
good,42,2030-03-25,0.0,0.0,0.0,0.0,0.0,0.0,0.0,0.0,0.0,0.0,True,True,True,True,True,False,M-1
good,43,2030-04-25,0.0,0.0,0.0,0.0,0.0,0.0,0.0,0.0,0.0,0.0,True,True,True,True,True,False,M-1
good,44,2030-05-25,0.0,0.0,0.0,0.0,0.0,0.0,0.0,0.0,0.0,0.0,True,True,True,True,True,False,M-1
good,45,2030-06-25,0.0,0.0,0.0,0.0,0.0,0.0,0.0,0.0,0.0,0.0,True,True,True,True,True,False,M-1
good,46,2030-07-25,0.0,0.0,0.0,0.0,0.0,0.0,0.0,0.0,0.0,0.0,True,True,True,True,True,False,M-1
good,47,2030-08-25,0.0,0.0,0.0,0.0,0.0,0.0,0.0,0.0,0.0,0.0,True,True,True,True,True,False,M-1
good,48,2030-09-25,0.0,0.0,0.0,0.0,0.0,0.0,0.0,0.0,0.0,0.0,True,True,True,True,True,False,M-1
good,49,2030-10-25,0.0,0.0,0.0,0.0,0.0,0.0,0.0,0.0,0.0,0.0,True,True,True,True,True,False,M-1
good,50,2030-11-25,0.0,0.0,0.0,0.0,0.0,0.0,0.0,0.0,0.0,0.0,True,True,True,True,True,False,M-1
good,51,2030-12-25,0.0,0.0,0.0,0.0,0.0,0.0,0.0,0.0,0.0,0.0,True,True,True,True,True,False,M-1
good,52,2031-01-25,0.0,0.0,0.0,0.0,0.0,0.0,0.0,0.0,0.0,0.0,True,True,True,True,True,False,M-1
good,53,2031-02-25,0.0,0.0,0.0,0.0,0.0,0.0,0.0,0.0,0.0,0.0,False,True,True,False,True,True,M-1
good,1,2026-10-25,8327912.15,0.0,0.0,0.0,286076.1275207092,0.0,0.0,0.0,0.0,8041836.022479291,True,True,True,True,True,False,M-1H
good,2,2026-11-25,8041836.022479291,0.0,0.0,0.0,293249.3633061561,0.0,0.0,0.0,0.0,7748586.659173135,True,True,True,True,True,False,M-1H
good,3,2026-12-25,7748586.659173135,0.0,0.0,0.0,302045.8368725766,0.0,0.0,0.0,0.0,7446540.822300558,True,True,True,True,True,False,M-1H
good,4,2027-01-25,7446540.822300558,0.0,0.0,0.0,311945.97906629374,0.0,0.0,0.0,0.0,7134594.843234264,True,True,True,True,True,False,M-1H
good,5,2027-02-25,7134594.843234264,0.0,0.0,0.0,323762.0499564911,0.0,0.0,0.0,0.0,6810832.793277773,True,True,True,True,True,False,M-1H
good,6,2027-03-25,6810832.793277773,0.0,0.0,0.0,333214.85309839953,0.0,0.0,0.0,0.0,6477617.940179373,True,True,True,True,True,False,M-1H
good,7,2027-04-25,6477617.940179373,0.0,0.0,0.0,348001.16965394065,0.0,0.0,0.0,0.0,6129616.770525432,True,True,True,True,True,False,M-1H
good,8,2027-05-25,6129616.770525432,0.0,0.0,0.0,360894.5349387164,0.0,0.0,0.0,0.0,5768722.235586716,True,True,True,True,True,False,M-1H
good,9,2027-06-25,5768722.235586716,0.0,0.0,0.0,366577.35110920423,0.0,0.0,0.0,0.0,5402144.884477512,True,True,True,True,True,False,M-1H
good,10,2027-07-25,5402144.884477512,0.0,0.0,0.0,0.0,0.0,0.0,0.0,0.0,5402144.884477512,False,True,True,False,True,False,M-1H
good,11,2027-08-25,5402144.884477512,0.0,0.0,0.0,0.0,0.0,0.0,0.0,0.0,5402144.884477512,False,True,True,False,True,False,M-1H
good,12,2027-09-25,5402144.884477512,0.0,0.0,0.0,0.0,0.0,0.0,0.0,0.0,5402144.884477512,False,True,True,False,True,False,M-1H
good,13,2027-10-25,5402144.884477512,0.0,0.0,0.0,409336.13283538405,0.0,0.0,0.0,0.0,4992808.7516421275,True,True,True,True,True,False,M-1H
good,14,2027-11-25,4992808.7516421275,0.0,0.0,0.0,416118.1474264085,0.0,0.0,0.0,0.0,4576690.604215719,True,True,True,True,True,False,M-1H
good,15,2027-12-25,4576690.604215719,0.0,0.0,0.0,426339.4901936906,0.0,0.0,0.0,0.0,4150351.114022028,True,True,True,True,True,False,M-1H
good,16,2028-01-25,4150351.114022028,0.0,0.0,0.0,438614.9993502269,0.0,0.0,0.0,0.0,3711736.114671801,True,True,True,True,True,False,M-1H
good,17,2028-02-25,3711736.114671801,0.0,0.0,0.0,444911.5664200665,0.0,0.0,0.0,0.0,3266824.5482517346,True,True,True,True,True,False,M-1H
good,18,2028-03-25,3266824.5482517346,0.0,0.0,0.0,450026.70531932684,0.0,0.0,0.0,0.0,2816797.8429324077,True,True,True,True,True,False,M-1H
good,19,2028-04-25,2816797.8429324077,0.0,0.0,0.0,461494.07185869204,0.0,0.0,0.0,0.0,2355303.7710737158,True,True,True,True,True,False,M-1H
good,20,2028-05-25,2355303.7710737158,0.0,0.0,0.0,469128.1504597899,0.0,0.0,0.0,0.0,1886175.6206139259,True,True,True,True,True,False,M-1H
good,21,2028-06-25,1886175.6206139259,0.0,0.0,0.0,472923.213473937,0.0,0.0,0.0,0.0,1413252.4071399888,True,True,True,True,True,False,M-1H
good,22,2028-07-25,1413252.4071399888,0.0,0.0,0.0,478276.66771219106,0.0,0.0,0.0,0.0,934975.7394277977,True,True,True,True,True,False,M-1H
good,23,2028-08-25,934975.7394277977,0.0,0.0,0.0,0.0,0.0,0.0,0.0,0.0,934975.7394277977,False,True,True,False,True,False,M-1H
good,24,2028-09-25,934975.7394277977,0.0,0.0,0.0,486800.8164773223,0.0,0.0,0.0,0.0,448174.9229504754,True,True,True,True,True,False,M-1H
good,25,2028-10-25,448174.9229504754,0.0,0.0,0.0,448174.9229504754,0.0,0.0,0.0,0.0,0.0,True,True,True,True,True,False,M-1H
good,26,2028-11-25,0.0,0.0,0.0,0.0,0.0,0.0,0.0,0.0,0.0,0.0,True,True,True,True,True,False,M-1H
good,27,2028-12-25,0.0,0.0,0.0,0.0,0.0,0.0,0.0,0.0,0.0,0.0,True,True,True,True,True,False,M-1H
good,28,2029-01-25,0.0,0.0,0.0,0.0,0.0,0.0,0.0,0.0,0.0,0.0,True,True,True,True,True,False,M-1H
good,29,2029-02-25,0.0,0.0,0.0,0.0,0.0,0.0,0.0,0.0,0.0,0.0,True,True,True,True,True,False,M-1H
good,30,2029-03-25,0.0,0.0,0.0,0.0,0.0,0.0,0.0,0.0,0.0,0.0,True,True,True,True,True,False,M-1H
good,31,2029-04-25,0.0,0.0,0.0,0.0,0.0,0.0,0.0,0.0,0.0,0.0,True,True,True,True,True,False,M-1H
good,32,2029-05-25,0.0,0.0,0.0,0.0,0.0,0.0,0.0,0.0,0.0,0.0,True,True,True,True,True,False,M-1H
good,33,2029-06-25,0.0,0.0,0.0,0.0,0.0,0.0,0.0,0.0,0.0,0.0,False,True,True,False,True,False,M-1H
good,34,2029-07-25,0.0,0.0,0.0,0.0,0.0,0.0,0.0,0.0,0.0,0.0,True,True,True,True,True,False,M-1H
good,35,2029-08-25,0.0,0.0,0.0,0.0,0.0,0.0,0.0,0.0,0.0,0.0,True,True,True,True,True,False,M-1H
good,36,2029-09-25,0.0,0.0,0.0,0.0,0.0,0.0,0.0,0.0,0.0,0.0,True,True,True,True,True,False,M-1H
good,37,2029-10-25,0.0,0.0,0.0,0.0,0.0,0.0,0.0,0.0,0.0,0.0,True,True,True,True,True,False,M-1H
good,38,2029-11-25,0.0,0.0,0.0,0.0,0.0,0.0,0.0,0.0,0.0,0.0,True,True,True,True,True,False,M-1H
good,39,2029-12-25,0.0,0.0,0.0,0.0,0.0,0.0,0.0,0.0,0.0,0.0,True,True,True,True,True,False,M-1H
good,40,2030-01-25,0.0,0.0,0.0,0.0,0.0,0.0,0.0,0.0,0.0,0.0,True,True,True,True,True,False,M-1H
good,41,2030-02-25,0.0,0.0,0.0,0.0,0.0,0.0,0.0,0.0,0.0,0.0,True,True,True,True,True,False,M-1H
good,42,2030-03-25,0.0,0.0,0.0,0.0,0.0,0.0,0.0,0.0,0.0,0.0,True,True,True,True,True,False,M-1H
good,43,2030-04-25,0.0,0.0,0.0,0.0,0.0,0.0,0.0,0.0,0.0,0.0,True,True,True,True,True,False,M-1H
good,44,2030-05-25,0.0,0.0,0.0,0.0,0.0,0.0,0.0,0.0,0.0,0.0,True,True,True,True,True,False,M-1H
good,45,2030-06-25,0.0,0.0,0.0,0.0,0.0,0.0,0.0,0.0,0.0,0.0,True,True,True,True,True,False,M-1H
good,46,2030-07-25,0.0,0.0,0.0,0.0,0.0,0.0,0.0,0.0,0.0,0.0,True,True,True,True,True,False,M-1H
good,47,2030-08-25,0.0,0.0,0.0,0.0,0.0,0.0,0.0,0.0,0.0,0.0,True,True,True,True,True,False,M-1H
good,48,2030-09-25,0.0,0.0,0.0,0.0,0.0,0.0,0.0,0.0,0.0,0.0,True,True,True,True,True,False,M-1H
good,49,2030-10-25,0.0,0.0,0.0,0.0,0.0,0.0,0.0,0.0,0.0,0.0,True,True,True,True,True,False,M-1H
good,50,2030-11-25,0.0,0.0,0.0,0.0,0.0,0.0,0.0,0.0,0.0,0.0,True,True,True,True,True,False,M-1H
good,51,2030-12-25,0.0,0.0,0.0,0.0,0.0,0.0,0.0,0.0,0.0,0.0,True,True,True,True,True,False,M-1H
good,52,2031-01-25,0.0,0.0,0.0,0.0,0.0,0.0,0.0,0.0,0.0,0.0,True,True,True,True,True,False,M-1H
good,53,2031-02-25,0.0,0.0,0.0,0.0,0.0,0.0,0.0,0.0,0.0,0.0,False,True,True,False,True,True,M-1H
good,1,2026-10-25,37850000.0,157402.06375,0.0,157402.06375,0.0,0.0,0.0,0.0,0.0,37850000.0,True,True,True,True,True,False,M-2A
good,2,2026-11-25,37850000.0,168841.15122588887,0.0,168841.15122588887,0.0,0.0,0.0,0.0,0.0,37850000.0,True,True,True,True,True,False,M-2A
good,3,2026-12-25,37850000.0,163012.70866416665,0.0,163012.70866416665,0.0,0.0,0.0,0.0,0.0,37850000.0,True,True,True,True,True,False,M-2A
good,4,2027-01-25,37850000.0,168249.94742081943,0.0,168249.94742081943,0.0,0.0,0.0,0.0,0.0,37850000.0,True,True,True,True,True,False,M-2A
good,5,2027-02-25,37850000.0,168099.64682663887,0.0,168099.64682663887,0.0,0.0,0.0,0.0,0.0,37850000.0,True,True,True,True,True,False,M-2A
good,6,2027-03-25,37850000.0,151680.1521581111,0.0,151680.1521581111,0.0,0.0,0.0,0.0,0.0,37850000.0,True,True,True,True,True,False,M-2A
good,7,2027-04-25,37850000.0,167658.50633830554,0.0,167658.50633830554,0.0,0.0,0.0,0.0,0.0,37850000.0,True,True,True,True,True,False,M-2A
good,8,2027-05-25,37850000.0,161854.39079166666,0.0,161854.39079166666,0.0,0.0,0.0,0.0,0.0,37850000.0,True,True,True,True,True,False,M-2A
good,9,2027-06-25,37850000.0,166732.00277793052,0.0,166732.00277793052,0.0,0.0,0.0,0.0,0.0,37850000.0,True,True,True,True,True,False,M-2A
good,10,2027-07-25,37850000.0,160651.21373,0.0,160651.21373,0.0,0.0,0.0,0.0,0.0,37850000.0,False,True,True,False,True,False,M-2A
good,11,2027-08-25,37850000.0,165371.91054019445,0.0,165371.91054019445,0.0,0.0,0.0,0.0,0.0,37850000.0,False,True,True,False,True,False,M-2A
good,12,2027-09-25,37850000.0,164883.9954319028,0.0,164883.9954319028,0.0,0.0,0.0,0.0,0.0,37850000.0,False,True,True,False,True,False,M-2A
good,13,2027-10-25,37850000.0,159275.52930041667,0.0,159275.52930041667,0.0,0.0,0.0,0.0,0.0,37850000.0,True,True,True,True,True,False,M-2A
good,14,2027-11-25,37850000.0,164352.63899544443,0.0,164352.63899544443,0.0,0.0,0.0,0.0,0.0,37850000.0,True,True,True,True,True,False,M-2A
good,15,2027-12-25,37850000.0,158795.17242708334,0.0,158795.17242708334,0.0,0.0,0.0,0.0,0.0,37850000.0,True,True,True,True,True,False,M-2A
good,16,2028-01-25,37850000.0,163863.185169,0.0,163863.185169,0.0,0.0,0.0,0.0,0.0,37850000.0,True,True,True,True,True,False,M-2A
good,17,2028-02-25,37850000.0,163601.56266763888,0.0,163601.56266763888,0.0,0.0,0.0,0.0,0.0,37850000.0,True,True,True,True,True,False,M-2A
good,18,2028-03-25,37850000.0,152730.59049681944,0.0,152730.59049681944,0.0,0.0,0.0,0.0,0.0,37850000.0,True,True,True,True,True,False,M-2A
good,19,2028-04-25,37850000.0,162916.76529609723,0.0,162916.76529609723,0.0,0.0,0.0,0.0,0.0,37850000.0,True,True,True,True,True,False,M-2A
good,20,2028-05-25,37850000.0,157419.57789125,0.0,157419.57789125,0.0,0.0,0.0,0.0,0.0,37850000.0,True,True,True,True,True,False,M-2A
good,21,2028-06-25,37850000.0,162483.2017153889,0.0,162483.2017153889,0.0,0.0,0.0,0.0,0.0,37850000.0,True,True,True,True,True,False,M-2A
good,22,2028-07-25,37850000.0,156960.80529583333,0.0,156960.80529583333,0.0,0.0,0.0,0.0,0.0,37850000.0,True,True,True,True,True,False,M-2A
good,23,2028-08-25,37850000.0,161827.58751393057,0.0,161827.58751393057,0.0,0.0,0.0,0.0,0.0,37850000.0,False,True,True,False,True,False,M-2A
good,24,2028-09-25,37850000.0,161457.75280881944,0.0,161457.75280881944,0.0,0.0,0.0,0.0,0.0,37850000.0,True,True,True,True,True,False,M-2A
good,25,2028-10-25,37850000.0,155954.24794458333,0.0,155954.24794458333,757053.0277453089,0.0,0.0,0.0,0.0,37092946.97225469,True,True,True,True,True,False,M-2A
good,26,2028-11-25,37092946.97225469,157599.71703985933,0.0,157599.71703985933,9248983.886636933,0.0,0.0,0.0,0.0,27843963.08561776,True,True,True,True,True,False,M-2A
good,27,2028-12-25,27843963.08561776,114268.29784588561,0.0,114268.29784588561,9201762.423018625,0.0,0.0,0.0,0.0,18642200.66259913,True,True,True,True,True,False,M-2A
good,28,2029-01-25,18642200.66259913,78887.55989951658,0.0,78887.55989951658,9172210.072014747,0.0,0.0,0.0,0.0,9469990.590584384,True,True,True,True,True,False,M-2A
good,29,2029-02-25,9469990.590584384,40001.32863068507,0.0,40001.32863068507,9145435.231584543,0.0,0.0,0.0,0.0,324555.3589998409,True,True,True,True,True,False,M-2A
good,30,2029-03-25,324555.3589998409,1237.0062567414764,0.0,1237.0062567414764,324555.3589998409,0.0,0.0,0.0,0.0,0.0,True,True,True,True,True,False,M-2A
good,31,2029-04-25,0.0,0.0,0.0,0.0,0.0,0.0,0.0,0.0,0.0,0.0,True,True,True,True,True,False,M-2A
good,32,2029-05-25,0.0,0.0,0.0,0.0,0.0,0.0,0.0,0.0,0.0,0.0,True,True,True,True,True,False,M-2A
good,33,2029-06-25,0.0,0.0,0.0,0.0,0.0,0.0,0.0,0.0,0.0,0.0,False,True,True,False,True,False,M-2A
good,34,2029-07-25,0.0,0.0,0.0,0.0,0.0,0.0,0.0,0.0,0.0,0.0,True,True,True,True,True,False,M-2A
good,35,2029-08-25,0.0,0.0,0.0,0.0,0.0,0.0,0.0,0.0,0.0,0.0,True,True,True,True,True,False,M-2A
good,36,2029-09-25,0.0,0.0,0.0,0.0,0.0,0.0,0.0,0.0,0.0,0.0,True,True,True,True,True,False,M-2A
good,37,2029-10-25,0.0,0.0,0.0,0.0,0.0,0.0,0.0,0.0,0.0,0.0,True,True,True,True,True,False,M-2A
good,38,2029-11-25,0.0,0.0,0.0,0.0,0.0,0.0,0.0,0.0,0.0,0.0,True,True,True,True,True,False,M-2A
good,39,2029-12-25,0.0,0.0,0.0,0.0,0.0,0.0,0.0,0.0,0.0,0.0,True,True,True,True,True,False,M-2A
good,40,2030-01-25,0.0,0.0,0.0,0.0,0.0,0.0,0.0,0.0,0.0,0.0,True,True,True,True,True,False,M-2A
good,41,2030-02-25,0.0,0.0,0.0,0.0,0.0,0.0,0.0,0.0,0.0,0.0,True,True,True,True,True,False,M-2A
good,42,2030-03-25,0.0,0.0,0.0,0.0,0.0,0.0,0.0,0.0,0.0,0.0,True,True,True,True,True,False,M-2A
good,43,2030-04-25,0.0,0.0,0.0,0.0,0.0,0.0,0.0,0.0,0.0,0.0,True,True,True,True,True,False,M-2A
good,44,2030-05-25,0.0,0.0,0.0,0.0,0.0,0.0,0.0,0.0,0.0,0.0,True,True,True,True,True,False,M-2A
good,45,2030-06-25,0.0,0.0,0.0,0.0,0.0,0.0,0.0,0.0,0.0,0.0,True,True,True,True,True,False,M-2A
good,46,2030-07-25,0.0,0.0,0.0,0.0,0.0,0.0,0.0,0.0,0.0,0.0,True,True,True,True,True,False,M-2A
good,47,2030-08-25,0.0,0.0,0.0,0.0,0.0,0.0,0.0,0.0,0.0,0.0,True,True,True,True,True,False,M-2A
good,48,2030-09-25,0.0,0.0,0.0,0.0,0.0,0.0,0.0,0.0,0.0,0.0,True,True,True,True,True,False,M-2A
good,49,2030-10-25,0.0,0.0,0.0,0.0,0.0,0.0,0.0,0.0,0.0,0.0,True,True,True,True,True,False,M-2A
good,50,2030-11-25,0.0,0.0,0.0,0.0,0.0,0.0,0.0,0.0,0.0,0.0,True,True,True,True,True,False,M-2A
good,51,2030-12-25,0.0,0.0,0.0,0.0,0.0,0.0,0.0,0.0,0.0,0.0,True,True,True,True,True,False,M-2A
good,52,2031-01-25,0.0,0.0,0.0,0.0,0.0,0.0,0.0,0.0,0.0,0.0,True,True,True,True,True,False,M-2A
good,53,2031-02-25,0.0,0.0,0.0,0.0,0.0,0.0,0.0,0.0,0.0,0.0,False,True,True,False,True,True,M-2A
good,1,2026-10-25,2017015.0,0.0,0.0,0.0,0.0,0.0,0.0,0.0,0.0,2017015.0,True,True,True,True,True,False,M-2AH
good,2,2026-11-25,2017015.0,0.0,0.0,0.0,0.0,0.0,0.0,0.0,0.0,2017015.0,True,True,True,True,True,False,M-2AH
good,3,2026-12-25,2017015.0,0.0,0.0,0.0,0.0,0.0,0.0,0.0,0.0,2017015.0,True,True,True,True,True,False,M-2AH
good,4,2027-01-25,2017015.0,0.0,0.0,0.0,0.0,0.0,0.0,0.0,0.0,2017015.0,True,True,True,True,True,False,M-2AH
good,5,2027-02-25,2017015.0,0.0,0.0,0.0,0.0,0.0,0.0,0.0,0.0,2017015.0,True,True,True,True,True,False,M-2AH
good,6,2027-03-25,2017015.0,0.0,0.0,0.0,0.0,0.0,0.0,0.0,0.0,2017015.0,True,True,True,True,True,False,M-2AH
good,7,2027-04-25,2017015.0,0.0,0.0,0.0,0.0,0.0,0.0,0.0,0.0,2017015.0,True,True,True,True,True,False,M-2AH
good,8,2027-05-25,2017015.0,0.0,0.0,0.0,0.0,0.0,0.0,0.0,0.0,2017015.0,True,True,True,True,True,False,M-2AH
good,9,2027-06-25,2017015.0,0.0,0.0,0.0,0.0,0.0,0.0,0.0,0.0,2017015.0,True,True,True,True,True,False,M-2AH
good,10,2027-07-25,2017015.0,0.0,0.0,0.0,0.0,0.0,0.0,0.0,0.0,2017015.0,False,True,True,False,True,False,M-2AH
good,11,2027-08-25,2017015.0,0.0,0.0,0.0,0.0,0.0,0.0,0.0,0.0,2017015.0,False,True,True,False,True,False,M-2AH
good,12,2027-09-25,2017015.0,0.0,0.0,0.0,0.0,0.0,0.0,0.0,0.0,2017015.0,False,True,True,False,True,False,M-2AH
good,13,2027-10-25,2017015.0,0.0,0.0,0.0,0.0,0.0,0.0,0.0,0.0,2017015.0,True,True,True,True,True,False,M-2AH
good,14,2027-11-25,2017015.0,0.0,0.0,0.0,0.0,0.0,0.0,0.0,0.0,2017015.0,True,True,True,True,True,False,M-2AH
good,15,2027-12-25,2017015.0,0.0,0.0,0.0,0.0,0.0,0.0,0.0,0.0,2017015.0,True,True,True,True,True,False,M-2AH
good,16,2028-01-25,2017015.0,0.0,0.0,0.0,0.0,0.0,0.0,0.0,0.0,2017015.0,True,True,True,True,True,False,M-2AH
good,17,2028-02-25,2017015.0,0.0,0.0,0.0,0.0,0.0,0.0,0.0,0.0,2017015.0,True,True,True,True,True,False,M-2AH
good,18,2028-03-25,2017015.0,0.0,0.0,0.0,0.0,0.0,0.0,0.0,0.0,2017015.0,True,True,True,True,True,False,M-2AH
good,19,2028-04-25,2017015.0,0.0,0.0,0.0,0.0,0.0,0.0,0.0,0.0,2017015.0,True,True,True,True,True,False,M-2AH
good,20,2028-05-25,2017015.0,0.0,0.0,0.0,0.0,0.0,0.0,0.0,0.0,2017015.0,True,True,True,True,True,False,M-2AH
good,21,2028-06-25,2017015.0,0.0,0.0,0.0,0.0,0.0,0.0,0.0,0.0,2017015.0,True,True,True,True,True,False,M-2AH
good,22,2028-07-25,2017015.0,0.0,0.0,0.0,0.0,0.0,0.0,0.0,0.0,2017015.0,True,True,True,True,True,False,M-2AH
good,23,2028-08-25,2017015.0,0.0,0.0,0.0,0.0,0.0,0.0,0.0,0.0,2017015.0,False,True,True,False,True,False,M-2AH
good,24,2028-09-25,2017015.0,0.0,0.0,0.0,0.0,0.0,0.0,0.0,0.0,2017015.0,True,True,True,True,True,False,M-2AH
good,25,2028-10-25,2017015.0,0.0,0.0,0.0,40343.125832436046,0.0,0.0,0.0,0.0,1976671.8741675639,True,True,True,True,True,False,M-2AH
good,26,2028-11-25,1976671.8741675639,0.0,0.0,0.0,492875.54119167745,0.0,0.0,0.0,0.0,1483796.3329758863,True,True,True,True,True,False,M-2AH
good,27,2028-12-25,1483796.3329758863,0.0,0.0,0.0,490359.12374279817,0.0,0.0,0.0,0.0,993437.2092330882,True,True,True,True,True,False,M-2AH
good,28,2029-01-25,993437.2092330882,0.0,0.0,0.0,488784.2879367193,0.0,0.0,0.0,0.0,504652.9212963689,True,True,True,True,True,False,M-2AH
good,29,2029-02-25,504652.9212963689,0.0,0.0,0.0,487357.46482521796,0.0,0.0,0.0,0.0,17295.456471150916,True,True,True,True,True,False,M-2AH
good,30,2029-03-25,17295.456471150916,0.0,0.0,0.0,17295.456471150916,0.0,0.0,0.0,0.0,0.0,True,True,True,True,True,False,M-2AH
good,31,2029-04-25,0.0,0.0,0.0,0.0,0.0,0.0,0.0,0.0,0.0,0.0,True,True,True,True,True,False,M-2AH
good,32,2029-05-25,0.0,0.0,0.0,0.0,0.0,0.0,0.0,0.0,0.0,0.0,True,True,True,True,True,False,M-2AH
good,33,2029-06-25,0.0,0.0,0.0,0.0,0.0,0.0,0.0,0.0,0.0,0.0,False,True,True,False,True,False,M-2AH
good,34,2029-07-25,0.0,0.0,0.0,0.0,0.0,0.0,0.0,0.0,0.0,0.0,True,True,True,True,True,False,M-2AH
good,35,2029-08-25,0.0,0.0,0.0,0.0,0.0,0.0,0.0,0.0,0.0,0.0,True,True,True,True,True,False,M-2AH
good,36,2029-09-25,0.0,0.0,0.0,0.0,0.0,0.0,0.0,0.0,0.0,0.0,True,True,True,True,True,False,M-2AH
good,37,2029-10-25,0.0,0.0,0.0,0.0,0.0,0.0,0.0,0.0,0.0,0.0,True,True,True,True,True,False,M-2AH
good,38,2029-11-25,0.0,0.0,0.0,0.0,0.0,0.0,0.0,0.0,0.0,0.0,True,True,True,True,True,False,M-2AH
good,39,2029-12-25,0.0,0.0,0.0,0.0,0.0,0.0,0.0,0.0,0.0,0.0,True,True,True,True,True,False,M-2AH
good,40,2030-01-25,0.0,0.0,0.0,0.0,0.0,0.0,0.0,0.0,0.0,0.0,True,True,True,True,True,False,M-2AH
good,41,2030-02-25,0.0,0.0,0.0,0.0,0.0,0.0,0.0,0.0,0.0,0.0,True,True,True,True,True,False,M-2AH
good,42,2030-03-25,0.0,0.0,0.0,0.0,0.0,0.0,0.0,0.0,0.0,0.0,True,True,True,True,True,False,M-2AH
good,43,2030-04-25,0.0,0.0,0.0,0.0,0.0,0.0,0.0,0.0,0.0,0.0,True,True,True,True,True,False,M-2AH
good,44,2030-05-25,0.0,0.0,0.0,0.0,0.0,0.0,0.0,0.0,0.0,0.0,True,True,True,True,True,False,M-2AH
good,45,2030-06-25,0.0,0.0,0.0,0.0,0.0,0.0,0.0,0.0,0.0,0.0,True,True,True,True,True,False,M-2AH
good,46,2030-07-25,0.0,0.0,0.0,0.0,0.0,0.0,0.0,0.0,0.0,0.0,True,True,True,True,True,False,M-2AH
good,47,2030-08-25,0.0,0.0,0.0,0.0,0.0,0.0,0.0,0.0,0.0,0.0,True,True,True,True,True,False,M-2AH
good,48,2030-09-25,0.0,0.0,0.0,0.0,0.0,0.0,0.0,0.0,0.0,0.0,True,True,True,True,True,False,M-2AH
good,49,2030-10-25,0.0,0.0,0.0,0.0,0.0,0.0,0.0,0.0,0.0,0.0,True,True,True,True,True,False,M-2AH
good,50,2030-11-25,0.0,0.0,0.0,0.0,0.0,0.0,0.0,0.0,0.0,0.0,True,True,True,True,True,False,M-2AH
good,51,2030-12-25,0.0,0.0,0.0,0.0,0.0,0.0,0.0,0.0,0.0,0.0,True,True,True,True,True,False,M-2AH
good,52,2031-01-25,0.0,0.0,0.0,0.0,0.0,0.0,0.0,0.0,0.0,0.0,True,True,True,True,True,False,M-2AH
good,53,2031-02-25,0.0,0.0,0.0,0.0,0.0,0.0,0.0,0.0,0.0,0.0,False,True,True,False,True,True,M-2AH
good,1,2026-10-25,37850000.0,157402.06375,0.0,157402.06375,0.0,0.0,0.0,0.0,0.0,37850000.0,True,True,True,True,True,False,M-2B
good,2,2026-11-25,37850000.0,168841.15122588887,0.0,168841.15122588887,0.0,0.0,0.0,0.0,0.0,37850000.0,True,True,True,True,True,False,M-2B
good,3,2026-12-25,37850000.0,163012.70866416665,0.0,163012.70866416665,0.0,0.0,0.0,0.0,0.0,37850000.0,True,True,True,True,True,False,M-2B
good,4,2027-01-25,37850000.0,168249.94742081943,0.0,168249.94742081943,0.0,0.0,0.0,0.0,0.0,37850000.0,True,True,True,True,True,False,M-2B
good,5,2027-02-25,37850000.0,168099.64682663887,0.0,168099.64682663887,0.0,0.0,0.0,0.0,0.0,37850000.0,True,True,True,True,True,False,M-2B
good,6,2027-03-25,37850000.0,151680.1521581111,0.0,151680.1521581111,0.0,0.0,0.0,0.0,0.0,37850000.0,True,True,True,True,True,False,M-2B
good,7,2027-04-25,37850000.0,167658.50633830554,0.0,167658.50633830554,0.0,0.0,0.0,0.0,0.0,37850000.0,True,True,True,True,True,False,M-2B
good,8,2027-05-25,37850000.0,161854.39079166666,0.0,161854.39079166666,0.0,0.0,0.0,0.0,0.0,37850000.0,True,True,True,True,True,False,M-2B
good,9,2027-06-25,37850000.0,166732.00277793052,0.0,166732.00277793052,0.0,0.0,0.0,0.0,0.0,37850000.0,True,True,True,True,True,False,M-2B
good,10,2027-07-25,37850000.0,160651.21373,0.0,160651.21373,0.0,0.0,0.0,0.0,0.0,37850000.0,False,True,True,False,True,False,M-2B
good,11,2027-08-25,37850000.0,165371.91054019445,0.0,165371.91054019445,0.0,0.0,0.0,0.0,0.0,37850000.0,False,True,True,False,True,False,M-2B
good,12,2027-09-25,37850000.0,164883.9954319028,0.0,164883.9954319028,0.0,0.0,0.0,0.0,0.0,37850000.0,False,True,True,False,True,False,M-2B
good,13,2027-10-25,37850000.0,159275.52930041667,0.0,159275.52930041667,0.0,0.0,0.0,0.0,0.0,37850000.0,True,True,True,True,True,False,M-2B
good,14,2027-11-25,37850000.0,164352.63899544443,0.0,164352.63899544443,0.0,0.0,0.0,0.0,0.0,37850000.0,True,True,True,True,True,False,M-2B
good,15,2027-12-25,37850000.0,158795.17242708334,0.0,158795.17242708334,0.0,0.0,0.0,0.0,0.0,37850000.0,True,True,True,True,True,False,M-2B
good,16,2028-01-25,37850000.0,163863.185169,0.0,163863.185169,0.0,0.0,0.0,0.0,0.0,37850000.0,True,True,True,True,True,False,M-2B
good,17,2028-02-25,37850000.0,163601.56266763888,0.0,163601.56266763888,0.0,0.0,0.0,0.0,0.0,37850000.0,True,True,True,True,True,False,M-2B
good,18,2028-03-25,37850000.0,152730.59049681944,0.0,152730.59049681944,0.0,0.0,0.0,0.0,0.0,37850000.0,True,True,True,True,True,False,M-2B
good,19,2028-04-25,37850000.0,162916.76529609723,0.0,162916.76529609723,0.0,0.0,0.0,0.0,0.0,37850000.0,True,True,True,True,True,False,M-2B
good,20,2028-05-25,37850000.0,157419.57789125,0.0,157419.57789125,0.0,0.0,0.0,0.0,0.0,37850000.0,True,True,True,True,True,False,M-2B
good,21,2028-06-25,37850000.0,162483.2017153889,0.0,162483.2017153889,0.0,0.0,0.0,0.0,0.0,37850000.0,True,True,True,True,True,False,M-2B
good,22,2028-07-25,37850000.0,156960.80529583333,0.0,156960.80529583333,0.0,0.0,0.0,0.0,0.0,37850000.0,True,True,True,True,True,False,M-2B
good,23,2028-08-25,37850000.0,161827.58751393057,0.0,161827.58751393057,0.0,0.0,0.0,0.0,0.0,37850000.0,False,True,True,False,True,False,M-2B
good,24,2028-09-25,37850000.0,161457.75280881944,0.0,161457.75280881944,0.0,0.0,0.0,0.0,0.0,37850000.0,True,True,True,True,True,False,M-2B
good,25,2028-10-25,37850000.0,155954.24794458333,0.0,155954.24794458333,0.0,0.0,0.0,0.0,0.0,37850000.0,True,True,True,True,True,False,M-2B
good,26,2028-11-25,37850000.0,160816.26769694444,0.0,160816.26769694444,0.0,0.0,0.0,0.0,0.0,37850000.0,True,True,True,True,True,False,M-2B
good,27,2028-12-25,37850000.0,155331.87787124998,0.0,155331.87787124998,0.0,0.0,0.0,0.0,0.0,37850000.0,True,True,True,True,True,False,M-2B
good,28,2029-01-25,37850000.0,160168.5442742361,0.0,160168.5442742361,0.0,0.0,0.0,0.0,0.0,37850000.0,True,True,True,True,True,False,M-2B
good,29,2029-02-25,37850000.0,159878.7532246111,0.0,159878.7532246111,0.0,0.0,0.0,0.0,0.0,37850000.0,True,True,True,True,True,False,M-2B
good,30,2029-03-25,37850000.0,144261.01901983333,0.0,144261.01901983333,8725382.804351328,0.0,0.0,0.0,0.0,29124617.19564867,True,True,True,True,True,False,M-2B
good,31,2029-04-25,29124617.19564867,122759.3764310836,0.0,122759.3764310836,8981762.546754742,0.0,0.0,0.0,0.0,20142854.64889393,True,True,True,True,True,False,M-2B
good,32,2029-05-25,20142854.64889393,82059.22506493618,0.0,82059.22506493618,8938342.137511682,0.0,0.0,0.0,0.0,11204512.511382248,True,True,True,True,True,False,M-2B
good,33,2029-06-25,11204512.511382248,47118.68975173234,0.0,47118.68975173234,0.0,0.0,0.0,0.0,0.0,11204512.511382248,False,True,True,False,True,False,M-2B
good,34,2029-07-25,11204512.511382248,45545.11132924727,0.0,45545.11132924727,8978347.659711238,0.0,0.0,0.0,0.0,2226164.8516710103,True,True,True,True,True,False,M-2B
good,35,2029-08-25,2226164.8516710103,9329.70542942535,0.0,9329.70542942535,2226164.8516710103,0.0,0.0,0.0,0.0,0.0,True,True,True,True,True,False,M-2B
good,36,2029-09-25,0.0,0.0,0.0,0.0,0.0,0.0,0.0,0.0,0.0,0.0,True,True,True,True,True,False,M-2B
good,37,2029-10-25,0.0,0.0,0.0,0.0,0.0,0.0,0.0,0.0,0.0,0.0,True,True,True,True,True,False,M-2B
good,38,2029-11-25,0.0,0.0,0.0,0.0,0.0,0.0,0.0,0.0,0.0,0.0,True,True,True,True,True,False,M-2B
good,39,2029-12-25,0.0,0.0,0.0,0.0,0.0,0.0,0.0,0.0,0.0,0.0,True,True,True,True,True,False,M-2B
good,40,2030-01-25,0.0,0.0,0.0,0.0,0.0,0.0,0.0,0.0,0.0,0.0,True,True,True,True,True,False,M-2B
good,41,2030-02-25,0.0,0.0,0.0,0.0,0.0,0.0,0.0,0.0,0.0,0.0,True,True,True,True,True,False,M-2B
good,42,2030-03-25,0.0,0.0,0.0,0.0,0.0,0.0,0.0,0.0,0.0,0.0,True,True,True,True,True,False,M-2B
good,43,2030-04-25,0.0,0.0,0.0,0.0,0.0,0.0,0.0,0.0,0.0,0.0,True,True,True,True,True,False,M-2B
good,44,2030-05-25,0.0,0.0,0.0,0.0,0.0,0.0,0.0,0.0,0.0,0.0,True,True,True,True,True,False,M-2B
good,45,2030-06-25,0.0,0.0,0.0,0.0,0.0,0.0,0.0,0.0,0.0,0.0,True,True,True,True,True,False,M-2B
good,46,2030-07-25,0.0,0.0,0.0,0.0,0.0,0.0,0.0,0.0,0.0,0.0,True,True,True,True,True,False,M-2B
good,47,2030-08-25,0.0,0.0,0.0,0.0,0.0,0.0,0.0,0.0,0.0,0.0,True,True,True,True,True,False,M-2B
good,48,2030-09-25,0.0,0.0,0.0,0.0,0.0,0.0,0.0,0.0,0.0,0.0,True,True,True,True,True,False,M-2B
good,49,2030-10-25,0.0,0.0,0.0,0.0,0.0,0.0,0.0,0.0,0.0,0.0,True,True,True,True,True,False,M-2B
good,50,2030-11-25,0.0,0.0,0.0,0.0,0.0,0.0,0.0,0.0,0.0,0.0,True,True,True,True,True,False,M-2B
good,51,2030-12-25,0.0,0.0,0.0,0.0,0.0,0.0,0.0,0.0,0.0,0.0,True,True,True,True,True,False,M-2B
good,52,2031-01-25,0.0,0.0,0.0,0.0,0.0,0.0,0.0,0.0,0.0,0.0,True,True,True,True,True,False,M-2B
good,53,2031-02-25,0.0,0.0,0.0,0.0,0.0,0.0,0.0,0.0,0.0,0.0,False,True,True,False,True,True,M-2B
good,1,2026-10-25,2017015.0,0.0,0.0,0.0,0.0,0.0,0.0,0.0,0.0,2017015.0,True,True,True,True,True,False,M-2BH
good,2,2026-11-25,2017015.0,0.0,0.0,0.0,0.0,0.0,0.0,0.0,0.0,2017015.0,True,True,True,True,True,False,M-2BH
good,3,2026-12-25,2017015.0,0.0,0.0,0.0,0.0,0.0,0.0,0.0,0.0,2017015.0,True,True,True,True,True,False,M-2BH
good,4,2027-01-25,2017015.0,0.0,0.0,0.0,0.0,0.0,0.0,0.0,0.0,2017015.0,True,True,True,True,True,False,M-2BH
good,5,2027-02-25,2017015.0,0.0,0.0,0.0,0.0,0.0,0.0,0.0,0.0,2017015.0,True,True,True,True,True,False,M-2BH
good,6,2027-03-25,2017015.0,0.0,0.0,0.0,0.0,0.0,0.0,0.0,0.0,2017015.0,True,True,True,True,True,False,M-2BH
good,7,2027-04-25,2017015.0,0.0,0.0,0.0,0.0,0.0,0.0,0.0,0.0,2017015.0,True,True,True,True,True,False,M-2BH
good,8,2027-05-25,2017015.0,0.0,0.0,0.0,0.0,0.0,0.0,0.0,0.0,2017015.0,True,True,True,True,True,False,M-2BH
good,9,2027-06-25,2017015.0,0.0,0.0,0.0,0.0,0.0,0.0,0.0,0.0,2017015.0,True,True,True,True,True,False,M-2BH
good,10,2027-07-25,2017015.0,0.0,0.0,0.0,0.0,0.0,0.0,0.0,0.0,2017015.0,False,True,True,False,True,False,M-2BH
good,11,2027-08-25,2017015.0,0.0,0.0,0.0,0.0,0.0,0.0,0.0,0.0,2017015.0,False,True,True,False,True,False,M-2BH
good,12,2027-09-25,2017015.0,0.0,0.0,0.0,0.0,0.0,0.0,0.0,0.0,2017015.0,False,True,True,False,True,False,M-2BH
good,13,2027-10-25,2017015.0,0.0,0.0,0.0,0.0,0.0,0.0,0.0,0.0,2017015.0,True,True,True,True,True,False,M-2BH
good,14,2027-11-25,2017015.0,0.0,0.0,0.0,0.0,0.0,0.0,0.0,0.0,2017015.0,True,True,True,True,True,False,M-2BH
good,15,2027-12-25,2017015.0,0.0,0.0,0.0,0.0,0.0,0.0,0.0,0.0,2017015.0,True,True,True,True,True,False,M-2BH
good,16,2028-01-25,2017015.0,0.0,0.0,0.0,0.0,0.0,0.0,0.0,0.0,2017015.0,True,True,True,True,True,False,M-2BH
good,17,2028-02-25,2017015.0,0.0,0.0,0.0,0.0,0.0,0.0,0.0,0.0,2017015.0,True,True,True,True,True,False,M-2BH
good,18,2028-03-25,2017015.0,0.0,0.0,0.0,0.0,0.0,0.0,0.0,0.0,2017015.0,True,True,True,True,True,False,M-2BH
good,19,2028-04-25,2017015.0,0.0,0.0,0.0,0.0,0.0,0.0,0.0,0.0,2017015.0,True,True,True,True,True,False,M-2BH
good,20,2028-05-25,2017015.0,0.0,0.0,0.0,0.0,0.0,0.0,0.0,0.0,2017015.0,True,True,True,True,True,False,M-2BH
good,21,2028-06-25,2017015.0,0.0,0.0,0.0,0.0,0.0,0.0,0.0,0.0,2017015.0,True,True,True,True,True,False,M-2BH
good,22,2028-07-25,2017015.0,0.0,0.0,0.0,0.0,0.0,0.0,0.0,0.0,2017015.0,True,True,True,True,True,False,M-2BH
good,23,2028-08-25,2017015.0,0.0,0.0,0.0,0.0,0.0,0.0,0.0,0.0,2017015.0,False,True,True,False,True,False,M-2BH
good,24,2028-09-25,2017015.0,0.0,0.0,0.0,0.0,0.0,0.0,0.0,0.0,2017015.0,True,True,True,True,True,False,M-2BH
good,25,2028-10-25,2017015.0,0.0,0.0,0.0,0.0,0.0,0.0,0.0,0.0,2017015.0,True,True,True,True,True,False,M-2BH
good,26,2028-11-25,2017015.0,0.0,0.0,0.0,0.0,0.0,0.0,0.0,0.0,2017015.0,True,True,True,True,True,False,M-2BH
good,27,2028-12-25,2017015.0,0.0,0.0,0.0,0.0,0.0,0.0,0.0,0.0,2017015.0,True,True,True,True,True,False,M-2BH
good,28,2029-01-25,2017015.0,0.0,0.0,0.0,0.0,0.0,0.0,0.0,0.0,2017015.0,True,True,True,True,True,False,M-2BH
good,29,2029-02-25,2017015.0,0.0,0.0,0.0,0.0,0.0,0.0,0.0,0.0,2017015.0,True,True,True,True,True,False,M-2BH
good,30,2029-03-25,2017015.0,0.0,0.0,0.0,464972.99860287167,0.0,0.0,0.0,0.0,1552042.0013971282,True,True,True,True,True,False,M-2BH
good,31,2029-04-25,1552042.0013971282,0.0,0.0,0.0,478635.3971794589,0.0,0.0,0.0,0.0,1073406.6042176695,True,True,True,True,True,False,M-2BH
good,32,2029-05-25,1073406.6042176695,0.0,0.0,0.0,476321.53676335857,0.0,0.0,0.0,0.0,597085.0674543108,True,True,True,True,True,False,M-2BH
good,33,2029-06-25,597085.0674543108,0.0,0.0,0.0,0.0,0.0,0.0,0.0,0.0,597085.0674543108,False,True,True,False,True,False,M-2BH
good,34,2029-07-25,597085.0674543108,0.0,0.0,0.0,478453.4188864586,0.0,0.0,0.0,0.0,118631.64856785221,True,True,True,True,True,False,M-2BH
good,35,2029-08-25,118631.64856785221,0.0,0.0,0.0,118631.6485678522,0.0,0.0,0.0,0.0,1.4551915228366852e-11,True,True,True,True,True,False,M-2BH
good,36,2029-09-25,1.4551915228366852e-11,0.0,0.0,0.0,1.4551915228366852e-11,0.0,0.0,0.0,0.0,0.0,True,True,True,True,True,False,M-2BH
good,37,2029-10-25,0.0,0.0,0.0,0.0,0.0,0.0,0.0,0.0,0.0,0.0,True,True,True,True,True,False,M-2BH
good,38,2029-11-25,0.0,0.0,0.0,0.0,0.0,0.0,0.0,0.0,0.0,0.0,True,True,True,True,True,False,M-2BH
good,39,2029-12-25,0.0,0.0,0.0,0.0,0.0,0.0,0.0,0.0,0.0,0.0,True,True,True,True,True,False,M-2BH
good,40,2030-01-25,0.0,0.0,0.0,0.0,0.0,0.0,0.0,0.0,0.0,0.0,True,True,True,True,True,False,M-2BH
good,41,2030-02-25,0.0,0.0,0.0,0.0,0.0,0.0,0.0,0.0,0.0,0.0,True,True,True,True,True,False,M-2BH
good,42,2030-03-25,0.0,0.0,0.0,0.0,0.0,0.0,0.0,0.0,0.0,0.0,True,True,True,True,True,False,M-2BH
good,43,2030-04-25,0.0,0.0,0.0,0.0,0.0,0.0,0.0,0.0,0.0,0.0,True,True,True,True,True,False,M-2BH
good,44,2030-05-25,0.0,0.0,0.0,0.0,0.0,0.0,0.0,0.0,0.0,0.0,True,True,True,True,True,False,M-2BH
good,45,2030-06-25,0.0,0.0,0.0,0.0,0.0,0.0,0.0,0.0,0.0,0.0,True,True,True,True,True,False,M-2BH
good,46,2030-07-25,0.0,0.0,0.0,0.0,0.0,0.0,0.0,0.0,0.0,0.0,True,True,True,True,True,False,M-2BH
good,47,2030-08-25,0.0,0.0,0.0,0.0,0.0,0.0,0.0,0.0,0.0,0.0,True,True,True,True,True,False,M-2BH
good,48,2030-09-25,0.0,0.0,0.0,0.0,0.0,0.0,0.0,0.0,0.0,0.0,True,True,True,True,True,False,M-2BH
good,49,2030-10-25,0.0,0.0,0.0,0.0,0.0,0.0,0.0,0.0,0.0,0.0,True,True,True,True,True,False,M-2BH
good,50,2030-11-25,0.0,0.0,0.0,0.0,0.0,0.0,0.0,0.0,0.0,0.0,True,True,True,True,True,False,M-2BH
good,51,2030-12-25,0.0,0.0,0.0,0.0,0.0,0.0,0.0,0.0,0.0,0.0,True,True,True,True,True,False,M-2BH
good,52,2031-01-25,0.0,0.0,0.0,0.0,0.0,0.0,0.0,0.0,0.0,0.0,True,True,True,True,True,False,M-2BH
good,53,2031-02-25,0.0,0.0,0.0,0.0,0.0,0.0,0.0,0.0,0.0,0.0,False,True,True,False,True,True,M-2BH
good,1,2026-10-25,102515181.0,0.0,0.0,0.0,0.0,0.0,0.0,0.0,0.0,102515181.0,True,True,True,True,True,False,B-1H
good,2,2026-11-25,102515181.0,0.0,0.0,0.0,0.0,0.0,0.0,0.0,0.0,102515181.0,True,True,True,True,True,False,B-1H
good,3,2026-12-25,102515181.0,0.0,0.0,0.0,0.0,0.0,0.0,0.0,0.0,102515181.0,True,True,True,True,True,False,B-1H
good,4,2027-01-25,102515181.0,0.0,0.0,0.0,0.0,0.0,0.0,0.0,0.0,102515181.0,True,True,True,True,True,False,B-1H
good,5,2027-02-25,102515181.0,0.0,0.0,0.0,0.0,0.0,0.0,0.0,0.0,102515181.0,True,True,True,True,True,False,B-1H
good,6,2027-03-25,102515181.0,0.0,0.0,0.0,0.0,0.0,0.0,0.0,0.0,102515181.0,True,True,True,True,True,False,B-1H
good,7,2027-04-25,102515181.0,0.0,0.0,0.0,0.0,0.0,0.0,0.0,0.0,102515181.0,True,True,True,True,True,False,B-1H
good,8,2027-05-25,102515181.0,0.0,0.0,0.0,0.0,0.0,0.0,0.0,0.0,102515181.0,True,True,True,True,True,False,B-1H
good,9,2027-06-25,102515181.0,0.0,0.0,0.0,0.0,0.0,0.0,0.0,0.0,102515181.0,True,True,True,True,True,False,B-1H
good,10,2027-07-25,102515181.0,0.0,0.0,0.0,0.0,0.0,0.0,0.0,0.0,102515181.0,False,True,True,False,True,False,B-1H
good,11,2027-08-25,102515181.0,0.0,0.0,0.0,0.0,0.0,0.0,0.0,0.0,102515181.0,False,True,True,False,True,False,B-1H
good,12,2027-09-25,102515181.0,0.0,0.0,0.0,0.0,0.0,0.0,0.0,0.0,102515181.0,False,True,True,False,True,False,B-1H
good,13,2027-10-25,102515181.0,0.0,0.0,0.0,0.0,0.0,0.0,0.0,0.0,102515181.0,True,True,True,True,True,False,B-1H
good,14,2027-11-25,102515181.0,0.0,0.0,0.0,0.0,0.0,0.0,0.0,0.0,102515181.0,True,True,True,True,True,False,B-1H
good,15,2027-12-25,102515181.0,0.0,0.0,0.0,0.0,0.0,0.0,0.0,0.0,102515181.0,True,True,True,True,True,False,B-1H
good,16,2028-01-25,102515181.0,0.0,0.0,0.0,0.0,0.0,0.0,0.0,0.0,102515181.0,True,True,True,True,True,False,B-1H
good,17,2028-02-25,102515181.0,0.0,0.0,0.0,0.0,0.0,0.0,0.0,0.0,102515181.0,True,True,True,True,True,False,B-1H
good,18,2028-03-25,102515181.0,0.0,0.0,0.0,0.0,0.0,0.0,0.0,0.0,102515181.0,True,True,True,True,True,False,B-1H
good,19,2028-04-25,102515181.0,0.0,0.0,0.0,0.0,0.0,0.0,0.0,0.0,102515181.0,True,True,True,True,True,False,B-1H
good,20,2028-05-25,102515181.0,0.0,0.0,0.0,0.0,0.0,0.0,0.0,0.0,102515181.0,True,True,True,True,True,False,B-1H
good,21,2028-06-25,102515181.0,0.0,0.0,0.0,0.0,0.0,0.0,0.0,0.0,102515181.0,True,True,True,True,True,False,B-1H
good,22,2028-07-25,102515181.0,0.0,0.0,0.0,0.0,0.0,0.0,0.0,0.0,102515181.0,True,True,True,True,True,False,B-1H
good,23,2028-08-25,102515181.0,0.0,0.0,0.0,0.0,0.0,0.0,0.0,0.0,102515181.0,False,True,True,False,True,False,B-1H
good,24,2028-09-25,102515181.0,0.0,0.0,0.0,0.0,0.0,0.0,0.0,0.0,102515181.0,True,True,True,True,True,False,B-1H
good,25,2028-10-25,102515181.0,0.0,0.0,0.0,0.0,0.0,0.0,0.0,0.0,102515181.0,True,True,True,True,True,False,B-1H
good,26,2028-11-25,102515181.0,0.0,0.0,0.0,0.0,0.0,0.0,0.0,0.0,102515181.0,True,True,True,True,True,False,B-1H
good,27,2028-12-25,102515181.0,0.0,0.0,0.0,0.0,0.0,0.0,0.0,0.0,102515181.0,True,True,True,True,True,False,B-1H
good,28,2029-01-25,102515181.0,0.0,0.0,0.0,0.0,0.0,0.0,0.0,0.0,102515181.0,True,True,True,True,True,False,B-1H
good,29,2029-02-25,102515181.0,0.0,0.0,0.0,0.0,0.0,0.0,0.0,0.0,102515181.0,True,True,True,True,True,False,B-1H
good,30,2029-03-25,102515181.0,0.0,0.0,0.0,0.0,0.0,0.0,0.0,0.0,102515181.0,True,True,True,True,True,False,B-1H
good,31,2029-04-25,102515181.0,0.0,0.0,0.0,0.0,0.0,0.0,0.0,0.0,102515181.0,True,True,True,True,True,False,B-1H
good,32,2029-05-25,102515181.0,0.0,0.0,0.0,0.0,0.0,0.0,0.0,0.0,102515181.0,True,True,True,True,True,False,B-1H
good,33,2029-06-25,102515181.0,0.0,0.0,0.0,0.0,0.0,0.0,0.0,0.0,102515181.0,False,True,True,False,True,False,B-1H
good,34,2029-07-25,102515181.0,0.0,0.0,0.0,0.0,0.0,0.0,0.0,0.0,102515181.0,True,True,True,True,True,False,B-1H
good,35,2029-08-25,102515181.0,0.0,0.0,0.0,6988001.368488941,0.0,0.0,0.0,0.0,95527179.63151106,True,True,True,True,True,False,B-1H
good,36,2029-09-25,95527179.63151106,0.0,0.0,0.0,9104562.250131488,0.0,0.0,0.0,0.0,86422617.38137957,True,True,True,True,True,False,B-1H
good,37,2029-10-25,86422617.38137957,0.0,0.0,0.0,9046776.831189215,0.0,0.0,0.0,0.0,77375840.55019036,True,True,True,True,True,False,B-1H
good,38,2029-11-25,77375840.55019036,0.0,0.0,0.0,8960818.247938722,0.0,0.0,0.0,0.0,68415022.30225164,True,True,True,True,True,False,B-1H
good,39,2029-12-25,68415022.30225164,0.0,0.0,0.0,8808561.250009835,0.0,0.0,0.0,0.0,59606461.0522418,True,True,True,True,True,False,B-1H
good,40,2030-01-25,59606461.0522418,0.0,0.0,0.0,8677561.12861681,0.0,0.0,0.0,0.0,50928899.92362499,True,True,True,True,True,False,B-1H
good,41,2030-02-25,50928899.92362499,0.0,0.0,0.0,8560781.852591932,0.0,0.0,0.0,0.0,42368118.07103306,True,True,True,True,True,False,B-1H
good,42,2030-03-25,42368118.07103306,0.0,0.0,0.0,8352891.939267933,0.0,0.0,0.0,0.0,34015226.13176513,True,True,True,True,True,False,B-1H
good,43,2030-04-25,34015226.13176513,0.0,0.0,0.0,8238588.809577912,0.0,0.0,0.0,0.0,25776637.322187215,True,True,True,True,True,False,B-1H
good,44,2030-05-25,25776637.322187215,0.0,0.0,0.0,8103463.957466572,0.0,0.0,0.0,0.0,17673173.364720643,True,True,True,True,True,False,B-1H
good,45,2030-06-25,17673173.364720643,0.0,0.0,0.0,7952965.323291004,0.0,0.0,0.0,0.0,9720208.041429639,True,True,True,True,True,False,B-1H
good,46,2030-07-25,9720208.041429639,0.0,0.0,0.0,7746564.154204219,0.0,0.0,0.0,0.0,1973643.8872254202,True,True,True,True,True,False,B-1H
good,47,2030-08-25,1973643.8872254202,0.0,0.0,0.0,1973643.8872254202,0.0,0.0,0.0,0.0,0.0,True,True,True,True,True,False,B-1H
good,48,2030-09-25,0.0,0.0,0.0,0.0,0.0,0.0,0.0,0.0,0.0,0.0,True,True,True,True,True,False,B-1H
good,49,2030-10-25,0.0,0.0,0.0,0.0,0.0,0.0,0.0,0.0,0.0,0.0,True,True,True,True,True,False,B-1H
good,50,2030-11-25,0.0,0.0,0.0,0.0,0.0,0.0,0.0,0.0,0.0,0.0,True,True,True,True,True,False,B-1H
good,51,2030-12-25,0.0,0.0,0.0,0.0,0.0,0.0,0.0,0.0,0.0,0.0,True,True,True,True,True,False,B-1H
good,52,2031-01-25,0.0,0.0,0.0,0.0,0.0,0.0,0.0,0.0,0.0,0.0,True,True,True,True,True,False,B-1H
good,53,2031-02-25,0.0,0.0,0.0,0.0,0.0,0.0,0.0,0.0,0.0,0.0,False,True,True,False,True,True,B-1H
good,1,2026-10-25,273373818.0,0.0,0.0,0.0,0.0,0.0,0.0,0.0,0.0,273373818.0,True,True,True,True,True,False,B-2H
good,2,2026-11-25,273373818.0,0.0,0.0,0.0,0.0,0.0,0.0,0.0,0.0,273373818.0,True,True,True,True,True,False,B-2H
good,3,2026-12-25,273373818.0,0.0,0.0,0.0,0.0,0.0,0.0,0.0,0.0,273373818.0,True,True,True,True,True,False,B-2H
good,4,2027-01-25,273373818.0,0.0,0.0,0.0,0.0,0.0,0.0,0.0,0.0,273373818.0,True,True,True,True,True,False,B-2H
good,5,2027-02-25,273373818.0,0.0,0.0,0.0,0.0,0.0,0.0,0.0,0.0,273373818.0,True,True,True,True,True,False,B-2H
good,6,2027-03-25,273373818.0,0.0,0.0,0.0,0.0,0.0,0.0,0.0,0.0,273373818.0,True,True,True,True,True,False,B-2H
good,7,2027-04-25,273373818.0,0.0,0.0,0.0,0.0,0.0,0.0,0.0,0.0,273373818.0,True,True,True,True,True,False,B-2H
good,8,2027-05-25,273373818.0,0.0,0.0,0.0,0.0,0.0,0.0,0.0,0.0,273373818.0,True,True,True,True,True,False,B-2H
good,9,2027-06-25,273373818.0,0.0,0.0,0.0,0.0,0.0,0.0,0.0,0.0,273373818.0,True,True,True,True,True,False,B-2H
good,10,2027-07-25,273373818.0,0.0,0.0,0.0,0.0,0.0,0.0,0.0,0.0,273373818.0,False,True,True,False,True,False,B-2H
good,11,2027-08-25,273373818.0,0.0,0.0,0.0,0.0,0.0,0.0,0.0,0.0,273373818.0,False,True,True,False,True,False,B-2H
good,12,2027-09-25,273373818.0,0.0,0.0,0.0,0.0,0.0,0.0,0.0,0.0,273373818.0,False,True,True,False,True,False,B-2H
good,13,2027-10-25,273373818.0,0.0,0.0,0.0,0.0,0.0,0.0,0.0,0.0,273373818.0,True,True,True,True,True,False,B-2H
good,14,2027-11-25,273373818.0,0.0,0.0,0.0,0.0,0.0,0.0,0.0,0.0,273373818.0,True,True,True,True,True,False,B-2H
good,15,2027-12-25,273373818.0,0.0,0.0,0.0,0.0,0.0,0.0,0.0,0.0,273373818.0,True,True,True,True,True,False,B-2H
good,16,2028-01-25,273373818.0,0.0,0.0,0.0,0.0,0.0,0.0,0.0,0.0,273373818.0,True,True,True,True,True,False,B-2H
good,17,2028-02-25,273373818.0,0.0,0.0,0.0,0.0,0.0,0.0,0.0,0.0,273373818.0,True,True,True,True,True,False,B-2H
good,18,2028-03-25,273373818.0,0.0,0.0,0.0,0.0,0.0,0.0,0.0,0.0,273373818.0,True,True,True,True,True,False,B-2H
good,19,2028-04-25,273373818.0,0.0,0.0,0.0,0.0,0.0,0.0,0.0,0.0,273373818.0,True,True,True,True,True,False,B-2H
good,20,2028-05-25,273373818.0,0.0,0.0,0.0,0.0,0.0,0.0,0.0,0.0,273373818.0,True,True,True,True,True,False,B-2H
good,21,2028-06-25,273373818.0,0.0,0.0,0.0,0.0,0.0,0.0,0.0,0.0,273373818.0,True,True,True,True,True,False,B-2H
good,22,2028-07-25,273373818.0,0.0,0.0,0.0,0.0,0.0,0.0,0.0,0.0,273373818.0,True,True,True,True,True,False,B-2H
good,23,2028-08-25,273373818.0,0.0,0.0,0.0,0.0,0.0,0.0,0.0,0.0,273373818.0,False,True,True,False,True,False,B-2H
good,24,2028-09-25,273373818.0,0.0,0.0,0.0,0.0,0.0,0.0,0.0,0.0,273373818.0,True,True,True,True,True,False,B-2H
good,25,2028-10-25,273373818.0,0.0,0.0,0.0,0.0,0.0,0.0,0.0,0.0,273373818.0,True,True,True,True,True,False,B-2H
good,26,2028-11-25,273373818.0,0.0,0.0,0.0,0.0,0.0,0.0,0.0,0.0,273373818.0,True,True,True,True,True,False,B-2H
good,27,2028-12-25,273373818.0,0.0,0.0,0.0,0.0,0.0,0.0,0.0,0.0,273373818.0,True,True,True,True,True,False,B-2H
good,28,2029-01-25,273373818.0,0.0,0.0,0.0,0.0,0.0,0.0,0.0,0.0,273373818.0,True,True,True,True,True,False,B-2H
good,29,2029-02-25,273373818.0,0.0,0.0,0.0,0.0,0.0,0.0,0.0,0.0,273373818.0,True,True,True,True,True,False,B-2H
good,30,2029-03-25,273373818.0,0.0,0.0,0.0,0.0,0.0,0.0,0.0,0.0,273373818.0,True,True,True,True,True,False,B-2H
good,31,2029-04-25,273373818.0,0.0,0.0,0.0,0.0,0.0,0.0,0.0,0.0,273373818.0,True,True,True,True,True,False,B-2H
good,32,2029-05-25,273373818.0,0.0,0.0,0.0,0.0,0.0,0.0,0.0,0.0,273373818.0,True,True,True,True,True,False,B-2H
good,33,2029-06-25,273373818.0,0.0,0.0,0.0,0.0,0.0,0.0,0.0,0.0,273373818.0,False,True,True,False,True,False,B-2H
good,34,2029-07-25,273373818.0,0.0,0.0,0.0,0.0,0.0,0.0,0.0,0.0,273373818.0,True,True,True,True,True,False,B-2H
good,35,2029-08-25,273373818.0,0.0,0.0,0.0,0.0,0.0,0.0,0.0,0.0,273373818.0,True,True,True,True,True,False,B-2H
good,36,2029-09-25,273373818.0,0.0,0.0,0.0,0.0,0.0,0.0,0.0,0.0,273373818.0,True,True,True,True,True,False,B-2H
good,37,2029-10-25,273373818.0,0.0,0.0,0.0,0.0,0.0,0.0,0.0,0.0,273373818.0,True,True,True,True,True,False,B-2H
good,38,2029-11-25,273373818.0,0.0,0.0,0.0,0.0,0.0,0.0,0.0,0.0,273373818.0,True,True,True,True,True,False,B-2H
good,39,2029-12-25,273373818.0,0.0,0.0,0.0,0.0,0.0,0.0,0.0,0.0,273373818.0,True,True,True,True,True,False,B-2H
good,40,2030-01-25,273373818.0,0.0,0.0,0.0,0.0,0.0,0.0,0.0,0.0,273373818.0,True,True,True,True,True,False,B-2H
good,41,2030-02-25,273373818.0,0.0,0.0,0.0,0.0,0.0,0.0,0.0,0.0,273373818.0,True,True,True,True,True,False,B-2H
good,42,2030-03-25,273373818.0,0.0,0.0,0.0,0.0,0.0,0.0,0.0,0.0,273373818.0,True,True,True,True,True,False,B-2H
good,43,2030-04-25,273373818.0,0.0,0.0,0.0,0.0,0.0,0.0,0.0,0.0,273373818.0,True,True,True,True,True,False,B-2H
good,44,2030-05-25,273373818.0,0.0,0.0,0.0,0.0,0.0,0.0,0.0,0.0,273373818.0,True,True,True,True,True,False,B-2H
good,45,2030-06-25,273373818.0,0.0,0.0,0.0,0.0,0.0,0.0,0.0,0.0,273373818.0,True,True,True,True,True,False,B-2H
good,46,2030-07-25,273373818.0,0.0,0.0,0.0,0.0,0.0,0.0,0.0,0.0,273373818.0,True,True,True,True,True,False,B-2H
good,47,2030-08-25,273373818.0,0.0,0.0,0.0,5567241.314565449,0.0,0.0,0.0,0.0,267806576.68543455,True,True,True,True,True,False,B-2H
good,48,2030-09-25,267806576.68543455,0.0,0.0,0.0,7286642.940518826,0.0,0.0,0.0,0.0,260519933.74491572,True,True,True,True,True,False,B-2H
good,49,2030-10-25,260519933.74491572,0.0,0.0,0.0,7128461.587775081,0.0,0.0,0.0,0.0,253391472.15714064,True,True,True,True,True,False,B-2H
good,50,2030-11-25,253391472.15714064,0.0,0.0,0.0,6960332.014191568,0.0,0.0,0.0,0.0,246431140.14294907,True,True,True,True,True,False,B-2H
good,51,2030-12-25,246431140.14294907,0.0,0.0,0.0,6779743.251815468,0.0,0.0,0.0,0.0,239651396.8911336,True,True,True,True,True,False,B-2H
good,52,2031-01-25,239651396.8911336,0.0,0.0,0.0,6595627.409354688,0.0,0.0,0.0,0.0,233055769.48177892,True,True,True,True,True,False,B-2H
good,53,2031-02-25,233055769.48177892,0.0,0.0,0.0,233055769.48177892,0.0,0.0,0.0,0.0,0.0,False,True,True,False,True,True,B-2H
good,1,2026-10-25,56953878.0,0.0,0.0,0.0,0.0,0.0,0.0,0.0,0.0,56953878.0,True,True,True,True,True,False,B-3H
good,2,2026-11-25,56953878.0,0.0,0.0,0.0,0.0,0.0,1988.2950086203882,1988.2950086203882,0.0,56951889.70499138,True,True,True,True,True,False,B-3H
good,3,2026-12-25,56951889.70499138,0.0,0.0,0.0,0.0,0.0,3923.937193857849,3923.937193857849,0.0,56947965.76779752,True,True,True,True,True,False,B-3H
good,4,2027-01-25,56947965.76779752,0.0,0.0,0.0,0.0,0.0,5805.244878618171,5805.244878618171,0.0,56942160.5229189,True,True,True,True,True,False,B-3H
good,5,2027-02-25,56942160.5229189,0.0,0.0,0.0,0.0,0.0,7630.174201353594,7630.174201353594,0.0,56934530.34871755,True,True,True,True,True,False,B-3H
good,6,2027-03-25,56934530.34871755,0.0,0.0,0.0,0.0,0.0,9396.47929972001,9396.47929972001,0.0,56925133.86941783,True,True,True,True,True,False,B-3H
good,7,2027-04-25,56925133.86941783,0.0,0.0,0.0,0.0,0.0,11102.980968854563,11102.980968854563,0.0,56914030.888448976,True,True,True,True,True,False,B-3H
good,8,2027-05-25,56914030.888448976,0.0,0.0,0.0,0.0,0.0,12745.71195259346,12745.71195259346,0.0,56901285.17649638,True,True,True,True,True,False,B-3H
good,9,2027-06-25,56901285.17649638,0.0,0.0,0.0,0.0,20978086.295455657,14323.783608812708,20992410.07906447,0.0,35908875.09743191,True,True,True,True,True,False,B-3H
good,10,2027-07-25,35908875.09743191,0.0,0.0,0.0,0.0,0.0,15840.10456717603,15840.10456717603,0.0,35893034.992864735,False,True,True,False,True,False,B-3H
good,11,2027-08-25,35893034.992864735,0.0,0.0,0.0,0.0,0.0,17291.272918596762,17291.272918596762,0.0,35875743.71994614,False,True,True,False,True,False,B-3H
good,12,2027-09-25,35875743.71994614,0.0,0.0,0.0,0.0,0.0,18676.34695134132,18676.34695134132,0.0,35857067.372994795,False,True,True,False,True,False,B-3H
good,13,2027-10-25,35857067.372994795,0.0,0.0,0.0,0.0,0.0,19996.515490035636,19996.515490035636,0.0,35837070.85750476,True,True,True,True,True,False,B-3H
good,14,2027-11-25,35837070.85750476,0.0,0.0,0.0,0.0,0.0,20885.534346214576,20885.534346214576,0.0,35816185.32315855,True,True,True,True,True,False,B-3H
good,15,2027-12-25,35816185.32315855,0.0,0.0,0.0,0.0,0.0,21724.83449438023,21724.83449438023,0.0,35794460.488664165,True,True,True,True,True,False,B-3H
good,16,2028-01-25,35794460.488664165,0.0,0.0,0.0,0.0,0.0,22511.926165169058,22511.926165169058,0.0,35771948.562498994,True,True,True,True,True,False,B-3H
good,17,2028-02-25,35771948.562498994,0.0,0.0,0.0,0.0,0.0,23244.475182622016,23244.475182622016,0.0,35748704.08731637,True,True,True,True,True,False,B-3H
good,18,2028-03-25,35748704.08731637,0.0,0.0,0.0,0.0,0.0,23927.228797177555,23927.228797177555,0.0,35724776.8585192,True,True,True,True,True,False,B-3H
good,19,2028-04-25,35724776.8585192,0.0,0.0,0.0,0.0,0.0,24561.33493747292,24561.33493747292,0.0,35700215.52358172,True,True,True,True,True,False,B-3H
good,20,2028-05-25,35700215.52358172,0.0,0.0,0.0,0.0,1259918.3913695582,25140.609411773778,1285059.000781332,0.0,34415156.522800386,True,True,True,True,True,False,B-3H
good,21,2028-06-25,34415156.522800386,0.0,0.0,0.0,0.0,1224920.657348049,25668.447001713233,1250589.1043497624,0.0,33164567.418450624,True,True,True,True,True,False,B-3H
good,22,2028-07-25,33164567.418450624,0.0,0.0,0.0,0.0,1190153.7674492032,26147.84999946437,1216301.6174486675,0.0,31948265.801001955,True,True,True,True,True,False,B-3H
good,23,2028-08-25,31948265.801001955,0.0,0.0,0.0,0.0,1155238.6982164497,26577.431016364873,1181816.1292328145,0.0,30766449.671769142,False,True,True,False,True,False,B-3H
good,24,2028-09-25,30766449.671769142,0.0,0.0,0.0,0.0,1120074.346315751,26959.839194850378,1147034.1855106014,0.0,29619415.48625854,True,True,True,True,True,False,B-3H
good,25,2028-10-25,29619415.48625854,0.0,0.0,0.0,0.0,1084670.9139630152,27302.655821968227,1111973.5697849835,0.0,28507441.916473556,True,True,True,True,True,False,B-3H
good,26,2028-11-25,28507441.916473556,0.0,0.0,0.0,0.0,1049696.5401819088,27600.991330713074,1077297.5315126218,0.0,27430144.384960935,True,True,True,True,True,False,B-3H
good,27,2028-12-25,27430144.384960935,0.0,0.0,0.0,0.0,1015040.8747118292,27856.814410655024,1042897.6891224843,0.0,26387246.695838448,True,True,True,True,True,False,B-3H
good,28,2029-01-25,26387246.695838448,0.0,0.0,0.0,0.0,980852.8828064369,28073.95237035511,1008926.835176792,0.0,25378319.860661656,True,True,True,True,True,False,B-3H
good,29,2029-02-25,25378319.860661656,0.0,0.0,0.0,0.0,947533.8457739564,28252.072937579833,975785.9187115362,0.0,24402533.941950116,True,True,True,True,True,False,B-3H
good,30,2029-03-25,24402533.941950116,0.0,0.0,0.0,0.0,914025.7562170328,28391.80084937012,942417.5570664029,0.0,23460116.384883713,True,True,True,True,True,False,B-3H
good,31,2029-04-25,23460116.384883713,0.0,0.0,0.0,0.0,880766.6764164686,28498.318448115042,909264.9948645836,0.0,22550851.39001913,True,True,True,True,True,False,B-3H
good,32,2029-05-25,22550851.39001913,0.0,0.0,0.0,0.0,655295.2473605997,28570.681978650824,683865.9293392505,0.0,21866985.46067988,True,True,True,True,True,False,B-3H
good,33,2029-06-25,21866985.46067988,0.0,0.0,0.0,0.0,631375.1905942867,28608.048996298017,659983.2395905846,0.0,21207002.221089296,False,True,True,False,True,False,B-3H
good,34,2029-07-25,21207002.221089296,0.0,0.0,0.0,0.0,608165.1760779177,28615.04764025396,636780.2237181716,0.0,20570221.997371126,True,True,True,True,True,False,B-3H
good,35,2029-08-25,20570221.997371126,0.0,0.0,0.0,0.0,585296.7146613633,28591.33241578148,613888.0470771447,0.0,19956333.95029398,True,True,True,True,True,False,B-3H
good,36,2029-09-25,19956333.95029398,0.0,0.0,0.0,0.0,562559.3374182242,28540.964837876458,591100.3022561007,0.0,19365233.64803788,True,True,True,True,True,False,B-3H
good,37,2029-10-25,19365233.64803788,0.0,0.0,0.0,0.0,540237.5692750318,28472.488119273417,568710.0573943052,0.0,18796523.590643574,True,True,True,True,True,False,B-3H
good,38,2029-11-25,18796523.590643574,0.0,0.0,0.0,0.0,518486.8948554748,28374.655197559245,546861.5500530341,0.0,18249662.04059054,True,True,True,True,True,False,B-3H
good,39,2029-12-25,18249662.04059054,0.0,0.0,0.0,0.0,497339.94796846044,28250.38566364562,525590.3336321061,0.0,17724071.70695843,True,True,True,True,True,False,B-3H
good,40,2030-01-25,17724071.70695843,0.0,0.0,0.0,0.0,476708.7574199294,28105.72213408931,504814.4795540187,0.0,17219257.227404412,True,True,True,True,True,False,B-3H
good,41,2030-02-25,17219257.227404412,0.0,0.0,0.0,0.0,456601.4520982115,27940.056555730225,484541.50865394174,0.0,16734715.718750471,True,True,True,True,True,False,B-3H
good,42,2030-03-25,16734715.718750471,0.0,0.0,0.0,0.0,436762.942688768,27753.20763275489,464516.15032152284,0.0,16270199.568428949,True,True,True,True,True,False,B-3H
good,43,2030-04-25,16270199.568428949,0.0,0.0,0.0,0.0,417331.43905205454,27553.43396139975,444884.8730134543,0.0,15825314.695415495,True,True,True,True,True,False,B-3H
good,44,2030-05-25,15825314.695415495,0.0,0.0,0.0,0.0,398498.9416002027,27334.215843286533,425833.15744348924,0.0,15399481.537972005,True,True,True,True,True,False,B-3H
good,45,2030-06-25,15399481.537972005,0.0,0.0,0.0,0.0,380584.6672914549,27098.17281882361,407682.8401102785,0.0,14991798.697861727,True,True,True,True,True,False,B-3H
good,46,2030-07-25,14991798.697861727,0.0,0.0,0.0,0.0,363155.7937266971,26847.697497381163,390003.4912240783,0.0,14601795.206637649,True,True,True,True,True,False,B-3H
good,47,2030-08-25,14601795.206637649,0.0,0.0,0.0,0.0,346380.4557474097,26588.62197061629,372969.077718026,0.0,14228826.128919624,True,True,True,True,True,False,B-3H
good,48,2030-09-25,14228826.128919624,0.0,0.0,0.0,0.0,330082.36992916296,26322.111438942902,356404.48136810586,0.0,13872421.647551518,True,True,True,True,True,False,B-3H
good,49,2030-10-25,13872421.647551518,0.0,0.0,0.0,0.0,314355.4988925995,26053.68991141517,340409.18880401464,0.0,13532012.458747502,True,True,True,True,True,False,B-3H
good,50,2030-11-25,13532012.458747502,0.0,0.0,0.0,0.0,299220.53097964445,25775.95060701327,324996.4815866577,0.0,13207015.977160845,True,True,True,True,True,False,B-3H
good,51,2030-12-25,13207015.977160845,0.0,0.0,0.0,0.0,284840.6506626329,25490.773940929863,310331.42460356274,0.0,12896684.552557282,True,True,True,True,True,False,B-3H
good,52,2031-01-25,12896684.552557282,0.0,0.0,0.0,0.0,271045.30175362085,25200.38128736263,296245.6830409835,0.0,12600438.869516298,True,True,True,True,True,False,B-3H
good,53,2031-02-25,12600438.869516298,0.0,0.0,0.0,12317593.743962785,257939.005550203,24906.120003308853,282845.12555351184,0.0,0.0,False,True,True,False,True,True,B-3H
base,1,2026-10-25,18361378647.06,0.0,0.0,0.0,144953111.12745705,0.0,0.0,0.0,0.0,18216425535.932545,True,True,True,True,True,False,A-H
base,2,2026-11-25,18216425535.932545,0.0,0.0,0.0,149137474.03729993,0.0,0.0,0.0,0.0,18067288061.895245,True,True,True,True,True,False,A-H
base,3,2026-12-25,18067288061.895245,0.0,0.0,0.0,153212231.61403817,0.0,0.0,0.0,0.0,17914075830.281208,True,True,True,True,True,False,A-H
base,4,2027-01-25,17914075830.281208,0.0,0.0,0.0,157698282.0783721,0.0,0.0,0.0,0.0,17756377548.202835,True,True,True,True,True,False,A-H
base,5,2027-02-25,17756377548.202835,0.0,0.0,0.0,161939792.96458885,0.0,0.0,0.0,0.0,17594437755.238247,True,True,True,True,True,False,A-H
base,6,2027-03-25,17594437755.238247,0.0,0.0,0.0,173228916.59954783,0.0,0.0,0.0,0.0,17421208838.6387,True,True,True,True,True,False,A-H
base,7,2027-04-25,17421208838.6387,0.0,0.0,0.0,176531111.28679088,0.0,0.0,0.0,0.0,17244677727.351906,True,True,True,True,True,False,A-H
base,8,2027-05-25,17244677727.351906,0.0,0.0,0.0,180967674.49322757,0.0,0.0,0.0,0.0,17063710052.858679,True,True,True,True,True,False,A-H
base,9,2027-06-25,17063710052.858679,0.0,0.0,0.0,213399910.38066405,0.0,0.0,0.0,0.0,16850310142.478014,True,True,True,True,True,False,A-H
base,10,2027-07-25,16850310142.478014,0.0,0.0,0.0,200493575.005121,0.0,0.0,0.0,0.0,16649816567.472893,False,True,True,False,True,False,A-H
base,11,2027-08-25,16649816567.472893,0.0,0.0,0.0,207256627.25996903,0.0,0.0,0.0,0.0,16442559940.212923,False,True,True,False,True,False,A-H
base,12,2027-09-25,16442559940.212923,0.0,0.0,0.0,212422319.75775224,0.0,0.0,0.0,0.0,16230137620.455172,False,True,True,False,True,False,A-H
base,13,2027-10-25,16230137620.455172,0.0,0.0,0.0,209401435.3272668,0.0,0.0,0.0,0.0,16020736185.127905,True,True,True,True,True,False,A-H
base,14,2027-11-25,16020736185.127905,0.0,0.0,0.0,211438717.8169681,0.0,0.0,0.0,0.0,15809297467.310936,True,True,True,True,True,False,A-H
base,15,2027-12-25,15809297467.310936,0.0,0.0,0.0,214520110.00984466,0.0,0.0,0.0,0.0,15594777357.301092,True,True,True,True,True,False,A-H
base,16,2028-01-25,15594777357.301092,0.0,0.0,0.0,218380712.48774952,0.0,0.0,0.0,0.0,15376396644.813343,True,True,True,True,True,False,A-H
base,17,2028-02-25,15376396644.813343,0.0,0.0,0.0,223412473.01687655,0.0,0.0,0.0,0.0,15152984171.796467,True,True,True,True,True,False,A-H
base,18,2028-03-25,15152984171.796467,0.0,0.0,0.0,228054407.80492783,0.0,0.0,0.0,0.0,14924929763.991539,True,True,True,True,True,False,A-H
base,19,2028-04-25,14924929763.991539,0.0,0.0,0.0,232756575.62630835,0.0,0.0,0.0,0.0,14692173188.36523,True,True,True,True,True,False,A-H
base,20,2028-05-25,14692173188.36523,0.0,0.0,0.0,235709662.56520095,0.0,0.0,0.0,0.0,14456463525.80003,True,True,True,True,True,False,A-H
base,21,2028-06-25,14456463525.80003,0.0,0.0,0.0,235839672.34722644,0.0,0.0,0.0,0.0,14220623853.452803,True,True,True,True,True,False,A-H
base,22,2028-07-25,14220623853.452803,0.0,0.0,0.0,237406951.13283864,0.0,0.0,0.0,0.0,13983216902.319963,True,True,True,True,True,False,A-H
base,23,2028-08-25,13983216902.319963,0.0,0.0,0.0,247745498.6047238,0.0,0.0,0.0,0.0,13735471403.71524,False,True,True,False,True,False,A-H
base,24,2028-09-25,13735471403.71524,0.0,0.0,0.0,239119415.050887,0.0,0.0,0.0,0.0,13496351988.664354,True,True,True,True,True,False,A-H
base,25,2028-10-25,13496351988.664354,0.0,0.0,0.0,238592735.1601066,0.0,0.0,0.0,0.0,13257759253.504248,True,True,True,True,True,False,A-H
base,26,2028-11-25,13257759253.504248,0.0,0.0,0.0,239911616.30539876,0.0,0.0,0.0,0.0,13017847637.198849,True,True,True,True,True,False,A-H
base,27,2028-12-25,13017847637.198849,0.0,0.0,0.0,238854269.66060412,0.0,0.0,0.0,0.0,12778993367.538244,True,True,True,True,True,False,A-H
base,28,2029-01-25,12778993367.538244,0.0,0.0,0.0,238430185.84029102,0.0,0.0,0.0,0.0,12540563181.697952,True,True,True,True,True,False,A-H
base,29,2029-02-25,12540563181.697952,0.0,0.0,0.0,239433082.2250749,0.0,0.0,0.0,0.0,12301130099.472878,True,True,True,True,True,False,A-H
base,30,2029-03-25,12301130099.472878,0.0,0.0,0.0,197637014.11378855,0.0,0.0,0.0,0.0,12103493085.359089,False,True,True,False,True,False,A-H
base,31,2029-04-25,12103493085.359089,0.0,0.0,0.0,244134873.01372018,0.0,0.0,0.0,0.0,11859358212.34537,True,True,True,True,True,False,A-H
base,32,2029-05-25,11859358212.34537,0.0,0.0,0.0,244307550.74292693,0.0,0.0,0.0,0.0,11615050661.602442,True,True,True,True,True,False,A-H
base,33,2029-06-25,11615050661.602442,0.0,0.0,0.0,242163631.6564753,0.0,0.0,0.0,0.0,11372887029.945967,True,True,True,True,True,False,A-H
base,34,2029-07-25,11372887029.945967,0.0,0.0,0.0,240147052.53594515,0.0,0.0,0.0,0.0,11132739977.41002,True,True,True,True,True,False,A-H
base,35,2029-08-25,11132739977.41002,0.0,0.0,0.0,240153718.7209556,0.0,0.0,0.0,0.0,10892586258.689066,True,True,True,True,True,False,A-H
base,36,2029-09-25,10892586258.689066,0.0,0.0,0.0,237449898.65458953,0.0,0.0,0.0,0.0,10655136360.034477,True,True,True,True,True,False,A-H
base,37,2029-10-25,10655136360.034477,0.0,0.0,0.0,236545356.05920973,0.0,0.0,0.0,0.0,10418591003.975267,True,True,True,True,True,False,A-H
base,38,2029-11-25,10418591003.975267,0.0,0.0,0.0,234487049.70332712,0.0,0.0,0.0,0.0,10184103954.27194,True,True,True,True,True,False,A-H
base,39,2029-12-25,10184103954.27194,0.0,0.0,0.0,231635926.6857359,0.0,0.0,0.0,0.0,9952468027.586205,True,True,True,True,True,False,A-H
base,40,2030-01-25,9952468027.586205,0.0,0.0,0.0,227815330.71594805,0.0,0.0,0.0,0.0,9724652696.870256,True,True,True,True,True,False,A-H
base,41,2030-02-25,9724652696.870256,0.0,0.0,0.0,225802514.33092192,0.0,0.0,0.0,0.0,9498850182.539335,True,True,True,True,True,False,A-H
base,42,2030-03-25,9498850182.539335,0.0,0.0,0.0,222659451.58450964,0.0,0.0,0.0,0.0,9276190730.954826,True,True,True,True,True,False,A-H
base,43,2030-04-25,9276190730.954826,0.0,0.0,0.0,226378798.98301044,0.0,0.0,0.0,0.0,9049811931.971815,False,True,True,False,True,False,A-H
base,44,2030-05-25,9049811931.971815,0.0,0.0,0.0,214668972.63843372,0.0,0.0,0.0,0.0,8835142959.333382,True,True,True,True,True,False,A-H
base,45,2030-06-25,8835142959.333382,0.0,0.0,0.0,211555887.6120615,0.0,0.0,0.0,0.0,8623587071.721321,True,True,True,True,True,False,A-H
base,46,2030-07-25,8623587071.721321,0.0,0.0,0.0,208481994.02392337,0.0,0.0,0.0,0.0,8415105077.697398,True,True,True,True,True,False,A-H
base,47,2030-08-25,8415105077.697398,0.0,0.0,0.0,204883744.7506451,0.0,0.0,0.0,0.0,8210221332.9467535,True,True,True,True,True,False,A-H
base,48,2030-09-25,8210221332.9467535,0.0,0.0,0.0,200780874.49620077,0.0,0.0,0.0,0.0,8009440458.450553,True,True,True,True,True,False,A-H
base,49,2030-10-25,8009440458.450553,0.0,0.0,0.0,197774699.12836134,0.0,0.0,0.0,0.0,7811665759.322191,True,True,True,True,True,False,A-H
base,50,2030-11-25,7811665759.322191,0.0,0.0,0.0,193905211.7258886,0.0,0.0,0.0,0.0,7617760547.596303,True,True,True,True,True,False,A-H
base,51,2030-12-25,7617760547.596303,0.0,0.0,0.0,187654978.298387,0.0,0.0,0.0,0.0,7430105569.297916,True,True,True,True,True,False,A-H
base,52,2031-01-25,7430105569.297916,0.0,0.0,0.0,182837010.15059233,0.0,0.0,0.0,0.0,7247268559.147324,True,True,True,True,True,False,A-H
base,53,2031-02-25,7247268559.147324,0.0,0.0,0.0,7247268559.147324,0.0,0.0,0.0,0.0,0.0,True,True,True,True,True,True,A-H
base,1,2026-10-25,203476250.0,769867.65259375,0.0,769867.65259375,10346250.000241492,0.0,0.0,0.0,0.0,193129999.9997585,True,True,True,True,True,False,A-1
base,2,2026-11-25,193129999.9997585,786640.0077389082,0.0,786640.0077389082,10346250.000241492,0.0,0.0,0.0,0.0,182783749.99951702,True,True,True,True,True,False,A-1
base,3,2026-12-25,182783749.99951702,718218.1064970085,0.0,718218.1064970085,10346250.000241492,0.0,0.0,0.0,0.0,172437499.99927554,True,True,True,True,True,False,A-1
base,4,2027-01-25,172437499.99927554,698447.5775982288,0.0,698447.5775982288,10346250.000241492,0.0,0.0,0.0,0.0,162091249.99903405,True,True,True,True,True,False,A-1
base,5,2027-02-25,162091249.99903405,654956.6191578233,0.0,654956.6191578233,10346250.000241494,0.0,0.0,0.0,0.0,151744999.99879256,True,True,True,True,True,False,A-1
base,6,2027-03-25,151744999.99879256,552433.0677047765,0.0,552433.0677047765,4138500.000096597,0.0,0.0,0.0,0.0,147606499.99869597,True,True,True,True,True,False,A-1
base,7,2027-04-25,147606499.99869597,593704.0927088493,0.0,593704.0927088493,4138500.000096597,0.0,0.0,0.0,0.0,143467999.99859938,True,True,True,True,True,False,A-1
base,8,2027-05-25,143467999.99859938,557252.7302395932,0.0,557252.7302395932,4138500.000096597,0.0,0.0,0.0,0.0,139329499.9985028,True,True,True,True,True,False,A-1
base,9,2027-06-25,139329499.9985028,558238.9632672793,0.0,558238.9632672793,4138500.000096597,0.0,0.0,0.0,0.0,135190999.9984062,True,True,True,True,True,False,A-1
base,10,2027-07-25,135190999.9984062,523055.6666281502,0.0,523055.6666281502,4138500.0000965972,0.0,0.0,0.0,0.0,131052499.9983096,False,True,True,False,True,False,A-1
base,11,2027-08-25,131052499.9983096,522569.98833108734,0.0,522569.98833108734,4138500.000096597,0.0,0.0,0.0,0.0,126913999.998213,False,True,True,False,True,False,A-1
base,12,2027-09-25,126913999.998213,504403.1111852433,0.0,504403.1111852433,4138500.000096597,0.0,0.0,0.0,0.0,122775499.9981164,False,True,True,False,True,False,A-1
base,13,2027-10-25,122775499.9981164,470559.34452460584,0.0,470559.34452460584,4138500.0000965972,0.0,0.0,0.0,0.0,118636999.9980198,True,True,True,True,True,False,A-1
base,14,2027-11-25,118636999.9980198,468729.9329263666,0.0,468729.9329263666,4138500.0000965972,0.0,0.0,0.0,0.0,114498499.9979232,True,True,True,True,True,False,A-1
base,15,2027-12-25,114498499.9979232,437254.9219907732,0.0,437254.9219907732,4138500.000096597,0.0,0.0,0.0,0.0,110359999.9978266,True,True,True,True,True,False,A-1
base,16,2028-01-25,110359999.9978266,434950.84250628983,0.0,434950.84250628983,4138500.000096597,0.0,0.0,0.0,0.0,106221499.99773002,True,True,True,True,True,False,A-1
base,17,2028-02-25,106221499.99773002,418281.4116421022,0.0,418281.4116421022,4138500.000096597,0.0,0.0,0.0,0.0,102082999.99763343,True,True,True,True,True,False,A-1
base,18,2028-03-25,102082999.99763343,375706.99900142004,0.0,375706.99900142004,4138500.0000965977,0.0,0.0,0.0,0.0,97944499.99753682,True,True,True,True,True,False,A-1
base,19,2028-04-25,97944499.99753682,384854.0091525465,0.0,384854.0091525465,4138500.000096597,0.0,0.0,0.0,0.0,93805999.99744022,True,True,True,True,True,False,A-1
base,20,2028-05-25,93805999.99744022,356267.61159234477,0.0,356267.61159234477,4138500.0000965972,0.0,0.0,0.0,0.0,89667499.99734361,True,True,True,True,True,False,A-1
base,21,2028-06-25,89667499.99734361,351457.94956094224,0.0,351457.94956094224,4138500.0000965972,0.0,0.0,0.0,0.0,85528999.99724701,True,True,True,True,True,False,A-1
base,22,2028-07-25,85528999.99724701,323672.40383801505,0.0,323672.40383801505,4138500.0000965972,0.0,0.0,0.0,0.0,81390499.9971504,True,True,True,True,True,False,A-1
base,23,2028-08-25,81390499.9971504,317538.7452480053,0.0,317538.7452480053,4138500.0000965963,0.0,0.0,0.0,0.0,77251999.99705382,False,True,True,False,True,False,A-1
base,24,2028-09-25,77251999.99705382,300716.27008605376,0.0,300716.27008605376,4138500.0000965972,0.0,0.0,0.0,0.0,73113499.99695721,True,True,True,True,True,False,A-1
base,25,2028-10-25,73113499.99695721,275081.0430756185,0.0,275081.0430756185,4138500.0000965972,0.0,0.0,0.0,0.0,68974999.99686061,True,True,True,True,True,False,A-1
base,26,2028-11-25,68974999.99686061,267984.2636968791,0.0,267984.2636968791,4138500.000096597,0.0,0.0,0.0,0.0,64836499.99676401,True,True,True,True,True,False,A-1
base,27,2028-12-25,64836499.99676401,243739.6885644558,0.0,243739.6885644558,4138500.0000965977,0.0,0.0,0.0,0.0,60697999.996667415,True,True,True,True,True,False,A-1
base,28,2029-01-25,60697999.996667415,235775.46385938546,0.0,235775.46385938546,4138500.0000965972,0.0,0.0,0.0,0.0,56559499.99657082,True,True,True,True,True,False,A-1
base,29,2029-02-25,56559499.99657082,219612.06824594177,0.0,219612.06824594177,4138500.000096597,0.0,0.0,0.0,0.0,52420999.99647422,True,True,True,True,True,False,A-1
base,30,2029-03-25,52420999.99647422,183741.58575777733,0.0,183741.58575777733,52420999.99647422,0.0,0.0,0.0,0.0,0.0,False,True,True,False,True,False,A-1
base,31,2029-04-25,0.0,0.0,0.0,0.0,0.0,0.0,0.0,0.0,0.0,0.0,True,True,True,True,True,False,A-1
base,32,2029-05-25,0.0,0.0,0.0,0.0,0.0,0.0,0.0,0.0,0.0,0.0,True,True,True,True,True,False,A-1
base,33,2029-06-25,0.0,0.0,0.0,0.0,0.0,0.0,0.0,0.0,0.0,0.0,True,True,True,True,True,False,A-1
base,34,2029-07-25,0.0,0.0,0.0,0.0,0.0,0.0,0.0,0.0,0.0,0.0,True,True,True,True,True,False,A-1
base,35,2029-08-25,0.0,0.0,0.0,0.0,0.0,0.0,0.0,0.0,0.0,0.0,True,True,True,True,True,False,A-1
base,36,2029-09-25,0.0,0.0,0.0,0.0,0.0,0.0,0.0,0.0,0.0,0.0,True,True,True,True,True,False,A-1
base,37,2029-10-25,0.0,0.0,0.0,0.0,0.0,0.0,0.0,0.0,0.0,0.0,True,True,True,True,True,False,A-1
base,38,2029-11-25,0.0,0.0,0.0,0.0,0.0,0.0,0.0,0.0,0.0,0.0,True,True,True,True,True,False,A-1
base,39,2029-12-25,0.0,0.0,0.0,0.0,0.0,0.0,0.0,0.0,0.0,0.0,True,True,True,True,True,False,A-1
base,40,2030-01-25,0.0,0.0,0.0,0.0,0.0,0.0,0.0,0.0,0.0,0.0,True,True,True,True,True,False,A-1
base,41,2030-02-25,0.0,0.0,0.0,0.0,0.0,0.0,0.0,0.0,0.0,0.0,True,True,True,True,True,False,A-1
base,42,2030-03-25,0.0,0.0,0.0,0.0,0.0,0.0,0.0,0.0,0.0,0.0,True,True,True,True,True,False,A-1
base,43,2030-04-25,0.0,0.0,0.0,0.0,0.0,0.0,0.0,0.0,0.0,0.0,False,True,True,False,True,False,A-1
base,44,2030-05-25,0.0,0.0,0.0,0.0,0.0,0.0,0.0,0.0,0.0,0.0,True,True,True,True,True,False,A-1
base,45,2030-06-25,0.0,0.0,0.0,0.0,0.0,0.0,0.0,0.0,0.0,0.0,True,True,True,True,True,False,A-1
base,46,2030-07-25,0.0,0.0,0.0,0.0,0.0,0.0,0.0,0.0,0.0,0.0,True,True,True,True,True,False,A-1
base,47,2030-08-25,0.0,0.0,0.0,0.0,0.0,0.0,0.0,0.0,0.0,0.0,True,True,True,True,True,False,A-1
base,48,2030-09-25,0.0,0.0,0.0,0.0,0.0,0.0,0.0,0.0,0.0,0.0,True,True,True,True,True,False,A-1
base,49,2030-10-25,0.0,0.0,0.0,0.0,0.0,0.0,0.0,0.0,0.0,0.0,True,True,True,True,True,False,A-1
base,50,2030-11-25,0.0,0.0,0.0,0.0,0.0,0.0,0.0,0.0,0.0,0.0,True,True,True,True,True,False,A-1
base,51,2030-12-25,0.0,0.0,0.0,0.0,0.0,0.0,0.0,0.0,0.0,0.0,True,True,True,True,True,False,A-1
base,52,2031-01-25,0.0,0.0,0.0,0.0,0.0,0.0,0.0,0.0,0.0,0.0,True,True,True,True,True,False,A-1
base,53,2031-02-25,0.0,0.0,0.0,0.0,0.0,0.0,0.0,0.0,0.0,0.0,True,True,True,True,True,True,A-1
base,1,2026-10-25,10737765.47,0.0,0.0,0.0,545988.0747585067,0.0,0.0,0.0,0.0,10191777.395241493,True,True,True,True,True,False,A-1H
base,2,2026-11-25,10191777.395241493,0.0,0.0,0.0,545988.0747585066,0.0,0.0,0.0,0.0,9645789.320482986,True,True,True,True,True,False,A-1H
base,3,2026-12-25,9645789.320482986,0.0,0.0,0.0,545988.0747585066,0.0,0.0,0.0,0.0,9099801.245724479,True,True,True,True,True,False,A-1H
base,4,2027-01-25,9099801.245724479,0.0,0.0,0.0,545988.0747585066,0.0,0.0,0.0,0.0,8553813.170965971,True,True,True,True,True,False,A-1H
base,5,2027-02-25,8553813.170965971,0.0,0.0,0.0,545988.0747585065,0.0,0.0,0.0,0.0,8007825.096207465,True,True,True,True,True,False,A-1H
base,6,2027-03-25,8007825.096207465,0.0,0.0,0.0,218395.22990340256,0.0,0.0,0.0,0.0,7789429.866304062,True,True,True,True,True,False,A-1H
base,7,2027-04-25,7789429.866304062,0.0,0.0,0.0,218395.22990340256,0.0,0.0,0.0,0.0,7571034.63640066,True,True,True,True,True,False,A-1H
base,8,2027-05-25,7571034.63640066,0.0,0.0,0.0,218395.22990340253,0.0,0.0,0.0,0.0,7352639.406497257,True,True,True,True,True,False,A-1H
base,9,2027-06-25,7352639.406497257,0.0,0.0,0.0,218395.2299034025,0.0,0.0,0.0,0.0,7134244.176593854,True,True,True,True,True,False,A-1H
base,10,2027-07-25,7134244.176593854,0.0,0.0,0.0,218395.22990340253,0.0,0.0,0.0,0.0,6915848.946690451,False,True,True,False,True,False,A-1H
base,11,2027-08-25,6915848.946690451,0.0,0.0,0.0,218395.2299034025,0.0,0.0,0.0,0.0,6697453.716787049,False,True,True,False,True,False,A-1H
base,12,2027-09-25,6697453.716787049,0.0,0.0,0.0,218395.22990340253,0.0,0.0,0.0,0.0,6479058.486883646,False,True,True,False,True,False,A-1H
base,13,2027-10-25,6479058.486883646,0.0,0.0,0.0,218395.2299034025,0.0,0.0,0.0,0.0,6260663.256980243,True,True,True,True,True,False,A-1H
base,14,2027-11-25,6260663.256980243,0.0,0.0,0.0,218395.22990340253,0.0,0.0,0.0,0.0,6042268.02707684,True,True,True,True,True,False,A-1H
base,15,2027-12-25,6042268.02707684,0.0,0.0,0.0,218395.2299034025,0.0,0.0,0.0,0.0,5823872.797173438,True,True,True,True,True,False,A-1H
base,16,2028-01-25,5823872.797173438,0.0,0.0,0.0,218395.2299034025,0.0,0.0,0.0,0.0,5605477.567270035,True,True,True,True,True,False,A-1H
base,17,2028-02-25,5605477.567270035,0.0,0.0,0.0,218395.22990340245,0.0,0.0,0.0,0.0,5387082.337366632,True,True,True,True,True,False,A-1H
base,18,2028-03-25,5387082.337366632,0.0,0.0,0.0,218395.22990340248,0.0,0.0,0.0,0.0,5168687.107463229,True,True,True,True,True,False,A-1H
base,19,2028-04-25,5168687.107463229,0.0,0.0,0.0,218395.22990340245,0.0,0.0,0.0,0.0,4950291.877559827,True,True,True,True,True,False,A-1H
base,20,2028-05-25,4950291.877559827,0.0,0.0,0.0,218395.22990340248,0.0,0.0,0.0,0.0,4731896.647656424,True,True,True,True,True,False,A-1H
base,21,2028-06-25,4731896.647656424,0.0,0.0,0.0,218395.22990340245,0.0,0.0,0.0,0.0,4513501.417753021,True,True,True,True,True,False,A-1H
base,22,2028-07-25,4513501.417753021,0.0,0.0,0.0,218395.22990340248,0.0,0.0,0.0,0.0,4295106.1878496185,True,True,True,True,True,False,A-1H
base,23,2028-08-25,4295106.1878496185,0.0,0.0,0.0,218395.22990340245,0.0,0.0,0.0,0.0,4076710.957946216,False,True,True,False,True,False,A-1H
base,24,2028-09-25,4076710.957946216,0.0,0.0,0.0,218395.22990340248,0.0,0.0,0.0,0.0,3858315.728042814,True,True,True,True,True,False,A-1H
base,25,2028-10-25,3858315.728042814,0.0,0.0,0.0,218395.22990340248,0.0,0.0,0.0,0.0,3639920.4981394117,True,True,True,True,True,False,A-1H
base,26,2028-11-25,3639920.4981394117,0.0,0.0,0.0,218395.2299034025,0.0,0.0,0.0,0.0,3421525.2682360094,True,True,True,True,True,False,A-1H
base,27,2028-12-25,3421525.2682360094,0.0,0.0,0.0,218395.22990340253,0.0,0.0,0.0,0.0,3203130.0383326067,True,True,True,True,True,False,A-1H
base,28,2029-01-25,3203130.0383326067,0.0,0.0,0.0,218395.2299034025,0.0,0.0,0.0,0.0,2984734.808429204,True,True,True,True,True,False,A-1H
base,29,2029-02-25,2984734.808429204,0.0,0.0,0.0,218395.22990340248,0.0,0.0,0.0,0.0,2766339.5785258017,True,True,True,True,True,False,A-1H
base,30,2029-03-25,2766339.5785258017,0.0,0.0,0.0,2766339.5785258017,0.0,0.0,0.0,0.0,0.0,False,True,True,False,True,False,A-1H
base,31,2029-04-25,0.0,0.0,0.0,0.0,0.0,0.0,0.0,0.0,0.0,0.0,True,True,True,True,True,False,A-1H
base,32,2029-05-25,0.0,0.0,0.0,0.0,0.0,0.0,0.0,0.0,0.0,0.0,True,True,True,True,True,False,A-1H
base,33,2029-06-25,0.0,0.0,0.0,0.0,0.0,0.0,0.0,0.0,0.0,0.0,True,True,True,True,True,False,A-1H
base,34,2029-07-25,0.0,0.0,0.0,0.0,0.0,0.0,0.0,0.0,0.0,0.0,True,True,True,True,True,False,A-1H
base,35,2029-08-25,0.0,0.0,0.0,0.0,0.0,0.0,0.0,0.0,0.0,0.0,True,True,True,True,True,False,A-1H
base,36,2029-09-25,0.0,0.0,0.0,0.0,0.0,0.0,0.0,0.0,0.0,0.0,True,True,True,True,True,False,A-1H
base,37,2029-10-25,0.0,0.0,0.0,0.0,0.0,0.0,0.0,0.0,0.0,0.0,True,True,True,True,True,False,A-1H
base,38,2029-11-25,0.0,0.0,0.0,0.0,0.0,0.0,0.0,0.0,0.0,0.0,True,True,True,True,True,False,A-1H
base,39,2029-12-25,0.0,0.0,0.0,0.0,0.0,0.0,0.0,0.0,0.0,0.0,True,True,True,True,True,False,A-1H
base,40,2030-01-25,0.0,0.0,0.0,0.0,0.0,0.0,0.0,0.0,0.0,0.0,True,True,True,True,True,False,A-1H
base,41,2030-02-25,0.0,0.0,0.0,0.0,0.0,0.0,0.0,0.0,0.0,0.0,True,True,True,True,True,False,A-1H
base,42,2030-03-25,0.0,0.0,0.0,0.0,0.0,0.0,0.0,0.0,0.0,0.0,True,True,True,True,True,False,A-1H
base,43,2030-04-25,0.0,0.0,0.0,0.0,0.0,0.0,0.0,0.0,0.0,0.0,False,True,True,False,True,False,A-1H
base,44,2030-05-25,0.0,0.0,0.0,0.0,0.0,0.0,0.0,0.0,0.0,0.0,True,True,True,True,True,False,A-1H
base,45,2030-06-25,0.0,0.0,0.0,0.0,0.0,0.0,0.0,0.0,0.0,0.0,True,True,True,True,True,False,A-1H
base,46,2030-07-25,0.0,0.0,0.0,0.0,0.0,0.0,0.0,0.0,0.0,0.0,True,True,True,True,True,False,A-1H
base,47,2030-08-25,0.0,0.0,0.0,0.0,0.0,0.0,0.0,0.0,0.0,0.0,True,True,True,True,True,False,A-1H
base,48,2030-09-25,0.0,0.0,0.0,0.0,0.0,0.0,0.0,0.0,0.0,0.0,True,True,True,True,True,False,A-1H
base,49,2030-10-25,0.0,0.0,0.0,0.0,0.0,0.0,0.0,0.0,0.0,0.0,True,True,True,True,True,False,A-1H
base,50,2030-11-25,0.0,0.0,0.0,0.0,0.0,0.0,0.0,0.0,0.0,0.0,True,True,True,True,True,False,A-1H
base,51,2030-12-25,0.0,0.0,0.0,0.0,0.0,0.0,0.0,0.0,0.0,0.0,True,True,True,True,True,False,A-1H
base,52,2031-01-25,0.0,0.0,0.0,0.0,0.0,0.0,0.0,0.0,0.0,0.0,True,True,True,True,True,False,A-1H
base,53,2031-02-25,0.0,0.0,0.0,0.0,0.0,0.0,0.0,0.0,0.0,0.0,True,True,True,True,True,True,A-1H
base,1,2026-10-25,157810518.32,616814.246642594,0.0,616814.246642594,5408846.713699264,0.0,0.0,0.0,0.0,152401671.60630074,True,True,True,True,True,False,M-1
base,2,2026-11-25,152401671.60630074,640434.2043275202,0.0,640434.2043275202,5554071.307757765,0.0,0.0,0.0,0.0,146847600.29854298,True,True,True,True,True,False,M-1
base,3,2026-12-25,146847600.29854298,595368.9800814424,0.0,595368.9800814424,5695491.884251392,0.0,0.0,0.0,0.0,141152108.4142916,True,True,True,True,True,False,M-1
base,4,2027-01-25,141152108.4142916,589960.1542683935,0.0,589960.1542683935,5851186.99761647,0.0,0.0,0.0,0.0,135300921.41667512,True,True,True,True,True,False,M-1
base,5,2027-02-25,135300921.41667512,564182.215633778,0.0,564182.215633778,5998394.99795424,0.0,0.0,0.0,0.0,129302526.41872089,True,True,True,True,True,False,M-1
base,6,2027-03-25,129302526.41872089,485815.73945569625,0.0,485815.73945569625,6163382.094040212,0.0,0.0,0.0,0.0,123139144.32468067,True,True,True,True,True,False,M-1
base,7,2027-04-25,123139144.32468067,511196.76390265854,0.0,511196.76390265854,6277989.716105884,0.0,0.0,0.0,0.0,116861154.6085748,True,True,True,True,True,False,M-1
base,8,2027-05-25,116861154.6085748,468515.1182241903,0.0,468515.1182241903,6431967.299922504,0.0,0.0,0.0,0.0,110429187.30865228,True,True,True,True,True,False,M-1
base,9,2027-06-25,110429187.30865228,456710.4524477645,0.0,456710.4524477645,6653366.813521919,0.0,0.0,0.0,0.0,103775820.49513036,True,True,True,True,True,False,M-1
base,10,2027-07-25,103775820.49513036,414481.9225257098,0.0,414481.9225257098,0.0,0.0,0.0,0.0,0.0,103775820.49513036,False,True,True,False,True,False,M-1
base,11,2027-08-25,103775820.49513036,427208.99180328136,0.0,427208.99180328136,0.0,0.0,0.0,0.0,0.0,103775820.49513036,False,True,True,False,True,False,M-1
base,12,2027-09-25,103775820.49513036,425847.8166573297,0.0,425847.8166573297,0.0,0.0,0.0,0.0,0.0,103775820.49513036,False,True,True,False,True,False,M-1
base,13,2027-10-25,103775820.49513036,410711.6085993611,0.0,410711.6085993611,7453847.451523965,0.0,0.0,0.0,0.0,96321973.0436064,True,True,True,True,True,False,M-1
base,14,2027-11-25,96321973.0436064,393005.7626398049,0.0,393005.7626398049,7524888.392264407,0.0,0.0,0.0,0.0,88797084.65134199,True,True,True,True,True,False,M-1
base,15,2027-12-25,88797084.65134199,350204.18562298926,0.0,350204.18562298926,7632337.899771949,0.0,0.0,0.0,0.0,81164746.75157005,True,True,True,True,True,False,M-1
base,16,2028-01-25,81164746.75157005,330370.2874192291,0.0,330370.2874192291,7766958.814270406,0.0,0.0,0.0,0.0,73397787.93729964,True,True,True,True,True,False,M-1
base,17,2028-02-25,73397787.93729964,298508.0076847054,0.0,298508.0076847054,7942418.527578103,0.0,0.0,0.0,0.0,65455369.40972154,True,True,True,True,True,False,M-1
base,18,2028-03-25,65455369.40972154,248811.59743355704,0.0,248811.59743355704,8104284.84502102,0.0,0.0,0.0,0.0,57351084.56470052,True,True,True,True,True,False,M-1
base,19,2028-04-25,57351084.56470052,232757.86628537078,0.0,232757.86628537078,8268251.51495463,0.0,0.0,0.0,0.0,49082833.04974589,True,True,True,True,True,False,M-1
base,20,2028-05-25,49082833.04974589,192547.98979733716,0.0,192547.98979733716,8306370.057785032,0.0,0.0,0.0,0.0,40776462.99196085,True,True,True,True,True,False,M-1
base,21,2028-06-25,40776462.99196085,165093.118377046,0.0,165093.118377046,8291986.722411891,0.0,0.0,0.0,0.0,32484476.26954896,True,True,True,True,True,False,M-1
base,22,2028-07-25,32484476.26954896,126993.46558804128,0.0,126993.46558804128,8327627.267148246,0.0,0.0,0.0,0.0,24156849.002400715,True,True,True,True,True,False,M-1
base,23,2028-08-25,24156849.002400715,97366.33901649898,0.0,97366.33901649898,0.0,0.0,0.0,0.0,0.0,24156849.002400715,False,True,True,False,True,False,M-1
base,24,2028-09-25,24156849.002400715,97154.81578188782,0.0,97154.81578188782,8501106.210947974,0.0,0.0,0.0,0.0,15655742.791452741,True,True,True,True,True,False,M-1
base,25,2028-10-25,15655742.791452741,60859.879860743975,0.0,60859.879860743975,8464141.42089451,0.0,0.0,0.0,0.0,7191601.370558232,True,True,True,True,True,False,M-1
base,26,2028-11-25,7191601.370558232,28869.995252104487,0.0,28869.995252104487,7191601.370558232,0.0,0.0,0.0,0.0,0.0,True,True,True,True,True,False,M-1
base,27,2028-12-25,0.0,0.0,0.0,0.0,0.0,0.0,0.0,0.0,0.0,0.0,True,True,True,True,True,False,M-1
base,28,2029-01-25,0.0,0.0,0.0,0.0,0.0,0.0,0.0,0.0,0.0,0.0,True,True,True,True,True,False,M-1
base,29,2029-02-25,0.0,0.0,0.0,0.0,0.0,0.0,0.0,0.0,0.0,0.0,True,True,True,True,True,False,M-1
base,30,2029-03-25,0.0,0.0,0.0,0.0,0.0,0.0,0.0,0.0,0.0,0.0,False,True,True,False,True,False,M-1
base,31,2029-04-25,0.0,0.0,0.0,0.0,0.0,0.0,0.0,0.0,0.0,0.0,True,True,True,True,True,False,M-1
base,32,2029-05-25,0.0,0.0,0.0,0.0,0.0,0.0,0.0,0.0,0.0,0.0,True,True,True,True,True,False,M-1
base,33,2029-06-25,0.0,0.0,0.0,0.0,0.0,0.0,0.0,0.0,0.0,0.0,True,True,True,True,True,False,M-1
base,34,2029-07-25,0.0,0.0,0.0,0.0,0.0,0.0,0.0,0.0,0.0,0.0,True,True,True,True,True,False,M-1
base,35,2029-08-25,0.0,0.0,0.0,0.0,0.0,0.0,0.0,0.0,0.0,0.0,True,True,True,True,True,False,M-1
base,36,2029-09-25,0.0,0.0,0.0,0.0,0.0,0.0,0.0,0.0,0.0,0.0,True,True,True,True,True,False,M-1
base,37,2029-10-25,0.0,0.0,0.0,0.0,0.0,0.0,0.0,0.0,0.0,0.0,True,True,True,True,True,False,M-1
base,38,2029-11-25,0.0,0.0,0.0,0.0,0.0,0.0,0.0,0.0,0.0,0.0,True,True,True,True,True,False,M-1
base,39,2029-12-25,0.0,0.0,0.0,0.0,0.0,0.0,0.0,0.0,0.0,0.0,True,True,True,True,True,False,M-1
base,40,2030-01-25,0.0,0.0,0.0,0.0,0.0,0.0,0.0,0.0,0.0,0.0,True,True,True,True,True,False,M-1
base,41,2030-02-25,0.0,0.0,0.0,0.0,0.0,0.0,0.0,0.0,0.0,0.0,True,True,True,True,True,False,M-1
base,42,2030-03-25,0.0,0.0,0.0,0.0,0.0,0.0,0.0,0.0,0.0,0.0,True,True,True,True,True,False,M-1
base,43,2030-04-25,0.0,0.0,0.0,0.0,0.0,0.0,0.0,0.0,0.0,0.0,False,True,True,False,True,False,M-1
base,44,2030-05-25,0.0,0.0,0.0,0.0,0.0,0.0,0.0,0.0,0.0,0.0,True,True,True,True,True,False,M-1
base,45,2030-06-25,0.0,0.0,0.0,0.0,0.0,0.0,0.0,0.0,0.0,0.0,True,True,True,True,True,False,M-1
base,46,2030-07-25,0.0,0.0,0.0,0.0,0.0,0.0,0.0,0.0,0.0,0.0,True,True,True,True,True,False,M-1
base,47,2030-08-25,0.0,0.0,0.0,0.0,0.0,0.0,0.0,0.0,0.0,0.0,True,True,True,True,True,False,M-1
base,48,2030-09-25,0.0,0.0,0.0,0.0,0.0,0.0,0.0,0.0,0.0,0.0,True,True,True,True,True,False,M-1
base,49,2030-10-25,0.0,0.0,0.0,0.0,0.0,0.0,0.0,0.0,0.0,0.0,True,True,True,True,True,False,M-1
base,50,2030-11-25,0.0,0.0,0.0,0.0,0.0,0.0,0.0,0.0,0.0,0.0,True,True,True,True,True,False,M-1
base,51,2030-12-25,0.0,0.0,0.0,0.0,0.0,0.0,0.0,0.0,0.0,0.0,True,True,True,True,True,False,M-1
base,52,2031-01-25,0.0,0.0,0.0,0.0,0.0,0.0,0.0,0.0,0.0,0.0,True,True,True,True,True,False,M-1
base,53,2031-02-25,0.0,0.0,0.0,0.0,0.0,0.0,0.0,0.0,0.0,0.0,True,True,True,True,True,True,M-1
base,1,2026-10-25,8327912.15,0.0,0.0,0.0,285433.4473014339,0.0,0.0,0.0,0.0,8042478.702698566,True,True,True,True,True,False,M-1H
base,2,2026-11-25,8042478.702698566,0.0,0.0,0.0,293097.1802022168,0.0,0.0,0.0,0.0,7749381.522496349,True,True,True,True,True,False,M-1H
base,3,2026-12-25,7749381.522496349,0.0,0.0,0.0,300560.16904338595,0.0,0.0,0.0,0.0,7448821.353452963,True,True,True,True,True,False,M-1H
base,4,2027-01-25,7448821.353452963,0.0,0.0,0.0,308776.4479080143,0.0,0.0,0.0,0.0,7140044.905544949,True,True,True,True,True,False,M-1H
base,5,2027-02-25,7140044.905544949,0.0,0.0,0.0,316544.8483140267,0.0,0.0,0.0,0.0,6823500.057230922,True,True,True,True,True,False,M-1H
base,6,2027-03-25,6823500.057230922,0.0,0.0,0.0,325251.47989166,0.0,0.0,0.0,0.0,6498248.577339263,True,True,True,True,True,False,M-1H
base,7,2027-04-25,6498248.577339263,0.0,0.0,0.0,331299.5064645653,0.0,0.0,0.0,0.0,6166949.0708746975,True,True,True,True,True,False,M-1H
base,8,2027-05-25,6166949.0708746975,0.0,0.0,0.0,339425.14856209565,0.0,0.0,0.0,0.0,5827523.9223126015,True,True,True,True,True,False,M-1H
base,9,2027-06-25,5827523.9223126015,0.0,0.0,0.0,351108.7531718334,0.0,0.0,0.0,0.0,5476415.169140768,True,True,True,True,True,False,M-1H
base,10,2027-07-25,5476415.169140768,0.0,0.0,0.0,0.0,0.0,0.0,0.0,0.0,5476415.169140768,False,True,True,False,True,False,M-1H
base,11,2027-08-25,5476415.169140768,0.0,0.0,0.0,0.0,0.0,0.0,0.0,0.0,5476415.169140768,False,True,True,False,True,False,M-1H
base,12,2027-09-25,5476415.169140768,0.0,0.0,0.0,0.0,0.0,0.0,0.0,0.0,5476415.169140768,False,True,True,False,True,False,M-1H
base,13,2027-10-25,5476415.169140768,0.0,0.0,0.0,393351.390114064,0.0,0.0,0.0,0.0,5083063.779026704,True,True,True,True,True,False,M-1H
base,14,2027-11-25,5083063.779026704,0.0,0.0,0.0,397100.33359285095,0.0,0.0,0.0,0.0,4685963.445433853,True,True,True,True,True,False,M-1H
base,15,2027-12-25,4685963.445433853,0.0,0.0,0.0,402770.61507097835,0.0,0.0,0.0,0.0,4283192.830362875,True,True,True,True,True,False,M-1H
base,16,2028-01-25,4283192.830362875,0.0,0.0,0.0,409874.7749294643,0.0,0.0,0.0,0.0,3873318.0554334107,True,True,True,True,True,False,M-1H
base,17,2028-02-25,3873318.0554334107,0.0,0.0,0.0,419134.06318126334,0.0,0.0,0.0,0.0,3454183.9922521473,True,True,True,True,True,False,M-1H
base,18,2028-03-25,3454183.9922521473,0.0,0.0,0.0,427676.0063043142,0.0,0.0,0.0,0.0,3026507.985947833,True,True,True,True,True,False,M-1H
base,19,2028-04-25,3026507.985947833,0.0,0.0,0.0,436328.78837024875,0.0,0.0,0.0,0.0,2590179.197577584,True,True,True,True,True,False,M-1H
base,20,2028-05-25,2590179.197577584,0.0,0.0,0.0,438340.364527257,0.0,0.0,0.0,0.0,2151838.833050327,True,True,True,True,True,False,M-1H
base,21,2028-06-25,2151838.833050327,0.0,0.0,0.0,437581.33303375007,0.0,0.0,0.0,0.0,1714257.5000165768,True,True,True,True,True,False,M-1H
base,22,2028-07-25,1714257.5000165768,0.0,0.0,0.0,439462.14128849935,0.0,0.0,0.0,0.0,1274795.3587280775,True,True,True,True,True,False,M-1H
base,23,2028-08-25,1274795.3587280775,0.0,0.0,0.0,0.0,0.0,0.0,0.0,0.0,1274795.3587280775,False,True,True,False,True,False,M-1H
base,24,2028-09-25,1274795.3587280775,0.0,0.0,0.0,448616.9011816859,0.0,0.0,0.0,0.0,826178.4575463915,True,True,True,True,True,False,M-1H
base,25,2028-10-25,826178.4575463915,0.0,0.0,0.0,446666.2103944962,0.0,0.0,0.0,0.0,379512.2471518953,True,True,True,True,True,False,M-1H
base,26,2028-11-25,379512.2471518953,0.0,0.0,0.0,379512.2471518953,0.0,0.0,0.0,0.0,0.0,True,True,True,True,True,False,M-1H
base,27,2028-12-25,0.0,0.0,0.0,0.0,0.0,0.0,0.0,0.0,0.0,0.0,True,True,True,True,True,False,M-1H
base,28,2029-01-25,0.0,0.0,0.0,0.0,0.0,0.0,0.0,0.0,0.0,0.0,True,True,True,True,True,False,M-1H
base,29,2029-02-25,0.0,0.0,0.0,0.0,0.0,0.0,0.0,0.0,0.0,0.0,True,True,True,True,True,False,M-1H
base,30,2029-03-25,0.0,0.0,0.0,0.0,0.0,0.0,0.0,0.0,0.0,0.0,False,True,True,False,True,False,M-1H
base,31,2029-04-25,0.0,0.0,0.0,0.0,0.0,0.0,0.0,0.0,0.0,0.0,True,True,True,True,True,False,M-1H
base,32,2029-05-25,0.0,0.0,0.0,0.0,0.0,0.0,0.0,0.0,0.0,0.0,True,True,True,True,True,False,M-1H
base,33,2029-06-25,0.0,0.0,0.0,0.0,0.0,0.0,0.0,0.0,0.0,0.0,True,True,True,True,True,False,M-1H
base,34,2029-07-25,0.0,0.0,0.0,0.0,0.0,0.0,0.0,0.0,0.0,0.0,True,True,True,True,True,False,M-1H
base,35,2029-08-25,0.0,0.0,0.0,0.0,0.0,0.0,0.0,0.0,0.0,0.0,True,True,True,True,True,False,M-1H
base,36,2029-09-25,0.0,0.0,0.0,0.0,0.0,0.0,0.0,0.0,0.0,0.0,True,True,True,True,True,False,M-1H
base,37,2029-10-25,0.0,0.0,0.0,0.0,0.0,0.0,0.0,0.0,0.0,0.0,True,True,True,True,True,False,M-1H
base,38,2029-11-25,0.0,0.0,0.0,0.0,0.0,0.0,0.0,0.0,0.0,0.0,True,True,True,True,True,False,M-1H
base,39,2029-12-25,0.0,0.0,0.0,0.0,0.0,0.0,0.0,0.0,0.0,0.0,True,True,True,True,True,False,M-1H
base,40,2030-01-25,0.0,0.0,0.0,0.0,0.0,0.0,0.0,0.0,0.0,0.0,True,True,True,True,True,False,M-1H
base,41,2030-02-25,0.0,0.0,0.0,0.0,0.0,0.0,0.0,0.0,0.0,0.0,True,True,True,True,True,False,M-1H
base,42,2030-03-25,0.0,0.0,0.0,0.0,0.0,0.0,0.0,0.0,0.0,0.0,True,True,True,True,True,False,M-1H
base,43,2030-04-25,0.0,0.0,0.0,0.0,0.0,0.0,0.0,0.0,0.0,0.0,False,True,True,False,True,False,M-1H
base,44,2030-05-25,0.0,0.0,0.0,0.0,0.0,0.0,0.0,0.0,0.0,0.0,True,True,True,True,True,False,M-1H
base,45,2030-06-25,0.0,0.0,0.0,0.0,0.0,0.0,0.0,0.0,0.0,0.0,True,True,True,True,True,False,M-1H
base,46,2030-07-25,0.0,0.0,0.0,0.0,0.0,0.0,0.0,0.0,0.0,0.0,True,True,True,True,True,False,M-1H
base,47,2030-08-25,0.0,0.0,0.0,0.0,0.0,0.0,0.0,0.0,0.0,0.0,True,True,True,True,True,False,M-1H
base,48,2030-09-25,0.0,0.0,0.0,0.0,0.0,0.0,0.0,0.0,0.0,0.0,True,True,True,True,True,False,M-1H
base,49,2030-10-25,0.0,0.0,0.0,0.0,0.0,0.0,0.0,0.0,0.0,0.0,True,True,True,True,True,False,M-1H
base,50,2030-11-25,0.0,0.0,0.0,0.0,0.0,0.0,0.0,0.0,0.0,0.0,True,True,True,True,True,False,M-1H
base,51,2030-12-25,0.0,0.0,0.0,0.0,0.0,0.0,0.0,0.0,0.0,0.0,True,True,True,True,True,False,M-1H
base,52,2031-01-25,0.0,0.0,0.0,0.0,0.0,0.0,0.0,0.0,0.0,0.0,True,True,True,True,True,False,M-1H
base,53,2031-02-25,0.0,0.0,0.0,0.0,0.0,0.0,0.0,0.0,0.0,0.0,True,True,True,True,True,True,M-1H
base,1,2026-10-25,37850000.0,157402.06375,0.0,157402.06375,0.0,0.0,0.0,0.0,0.0,37850000.0,True,True,True,True,True,False,M-2A
base,2,2026-11-25,37850000.0,168834.14208929165,0.0,168834.14208929165,0.0,0.0,0.0,0.0,0.0,37850000.0,True,True,True,True,True,False,M-2A
base,3,2026-12-25,37850000.0,162918.98039374998,0.0,162918.98039374998,0.0,0.0,0.0,0.0,0.0,37850000.0,True,True,True,True,True,False,M-2A
base,4,2027-01-25,37850000.0,167975.9917072361,0.0,167975.9917072361,0.0,0.0,0.0,0.0,0.0,37850000.0,True,True,True,True,True,False,M-2A
base,5,2027-02-25,37850000.0,167606.08692705556,0.0,167606.08692705556,0.0,0.0,0.0,0.0,0.0,37850000.0,True,True,True,True,True,False,M-2A
base,6,2027-03-25,37850000.0,151041.7707357222,0.0,151041.7707357222,0.0,0.0,0.0,0.0,0.0,37850000.0,True,True,True,True,True,False,M-2A
base,7,2027-04-25,37850000.0,166907.45999611108,0.0,166907.45999611108,0.0,0.0,0.0,0.0,0.0,37850000.0,True,True,True,True,True,False,M-2A
base,8,2027-05-25,37850000.0,161209.22271708332,0.0,161209.22271708332,0.0,0.0,0.0,0.0,0.0,37850000.0,True,True,True,True,True,False,M-2A
base,9,2027-06-25,37850000.0,166317.06221730556,0.0,166317.06221730556,0.0,0.0,0.0,0.0,0.0,37850000.0,True,True,True,True,True,False,M-2A
base,10,2027-07-25,37850000.0,160635.87249416666,0.0,160635.87249416666,0.0,0.0,0.0,0.0,0.0,37850000.0,False,True,True,False,True,False,M-2A
base,11,2027-08-25,37850000.0,165593.21412811108,0.0,165593.21412811108,0.0,0.0,0.0,0.0,0.0,37850000.0,False,True,True,False,True,False,M-2A
base,12,2027-09-25,37850000.0,165096.75475030552,0.0,165096.75475030552,0.0,0.0,0.0,0.0,0.0,37850000.0,False,True,True,False,True,False,M-2A
base,13,2027-10-25,37850000.0,159260.7315275,0.0,159260.7315275,0.0,0.0,0.0,0.0,0.0,37850000.0,True,True,True,True,True,False,M-2A
base,14,2027-11-25,37850000.0,164210.6763567361,0.0,164210.6763567361,0.0,0.0,0.0,0.0,0.0,37850000.0,True,True,True,True,True,False,M-2A
base,15,2027-12-25,37850000.0,158737.99117041667,0.0,158737.99117041667,0.0,0.0,0.0,0.0,0.0,37850000.0,True,True,True,True,True,False,M-2A
base,16,2028-01-25,37850000.0,163841.29860626388,0.0,163841.29860626388,0.0,0.0,0.0,0.0,0.0,37850000.0,True,True,True,True,True,False,M-2A
base,17,2028-02-25,37850000.0,163713.4562570139,0.0,163713.4562570139,0.0,0.0,0.0,0.0,0.0,37850000.0,True,True,True,True,True,False,M-2A
base,18,2028-03-25,37850000.0,153024.03411349998,0.0,153024.03411349998,0.0,0.0,0.0,0.0,0.0,37850000.0,True,True,True,True,True,False,M-2A
base,19,2028-04-25,37850000.0,163391.14483434721,0.0,163391.14483434721,0.0,0.0,0.0,0.0,0.0,37850000.0,True,True,True,True,True,False,M-2A
base,20,2028-05-25,37850000.0,157944.99298166667,0.0,157944.99298166667,0.0,0.0,0.0,0.0,0.0,37850000.0,True,True,True,True,True,False,M-2A
base,21,2028-06-25,37850000.0,163022.56007291668,0.0,163022.56007291668,0.0,0.0,0.0,0.0,0.0,37850000.0,True,True,True,True,True,False,M-2A
base,22,2028-07-25,37850000.0,157431.7217483333,0.0,157431.7217483333,0.0,0.0,0.0,0.0,0.0,37850000.0,True,True,True,True,True,False,M-2A
base,23,2028-08-25,37850000.0,162335.7246576111,0.0,162335.7246576111,0.0,0.0,0.0,0.0,0.0,37850000.0,False,True,True,False,True,False,M-2A
base,24,2028-09-25,37850000.0,162004.3008684722,0.0,162004.3008684722,0.0,0.0,0.0,0.0,0.0,37850000.0,True,True,True,True,True,False,M-2A
base,25,2028-10-25,37850000.0,156599.97430666667,0.0,156599.97430666667,0.0,0.0,0.0,0.0,0.0,37850000.0,True,True,True,True,True,False,M-2A
base,26,2028-11-25,37850000.0,161723.11829668054,0.0,161723.11829668054,1299795.5573622156,0.0,0.0,0.0,0.0,36550204.442637786,True,True,True,True,True,False,M-2A
base,27,2028-12-25,36550204.442637786,151109.41671959104,0.0,151109.41671959104,8432726.38343969,0.0,0.0,0.0,0.0,28117478.059198096,True,True,True,True,True,False,M-2A
base,28,2029-01-25,28117478.059198096,120115.12524435607,0.0,120115.12524435607,8399995.201792985,0.0,0.0,0.0,0.0,19717482.85740511,True,True,True,True,True,False,M-2A
base,29,2029-02-25,19717482.85740511,84200.55769065533,0.0,84200.55769065533,8417092.906588359,0.0,0.0,0.0,0.0,11300389.950816752,True,True,True,True,True,False,M-2A
base,30,2029-03-25,11300389.950816752,43564.29253444406,0.0,43564.29253444406,0.0,0.0,0.0,0.0,0.0,11300389.950816752,False,True,True,False,True,False,M-2A
base,31,2029-04-25,11300389.950816752,48209.30912870502,0.0,48209.30912870502,8568415.877147365,0.0,0.0,0.0,0.0,2731974.073669387,True,True,True,True,True,False,M-2A
base,32,2029-05-25,2731974.073669387,11255.506224771703,0.0,11255.506224771703,2731974.073669387,0.0,0.0,0.0,0.0,0.0,True,True,True,True,True,False,M-2A
base,33,2029-06-25,0.0,0.0,0.0,0.0,0.0,0.0,0.0,0.0,0.0,0.0,True,True,True,True,True,False,M-2A
base,34,2029-07-25,0.0,0.0,0.0,0.0,0.0,0.0,0.0,0.0,0.0,0.0,True,True,True,True,True,False,M-2A
base,35,2029-08-25,0.0,0.0,0.0,0.0,0.0,0.0,0.0,0.0,0.0,0.0,True,True,True,True,True,False,M-2A
base,36,2029-09-25,0.0,0.0,0.0,0.0,0.0,0.0,0.0,0.0,0.0,0.0,True,True,True,True,True,False,M-2A
base,37,2029-10-25,0.0,0.0,0.0,0.0,0.0,0.0,0.0,0.0,0.0,0.0,True,True,True,True,True,False,M-2A
base,38,2029-11-25,0.0,0.0,0.0,0.0,0.0,0.0,0.0,0.0,0.0,0.0,True,True,True,True,True,False,M-2A
base,39,2029-12-25,0.0,0.0,0.0,0.0,0.0,0.0,0.0,0.0,0.0,0.0,True,True,True,True,True,False,M-2A
base,40,2030-01-25,0.0,0.0,0.0,0.0,0.0,0.0,0.0,0.0,0.0,0.0,True,True,True,True,True,False,M-2A
base,41,2030-02-25,0.0,0.0,0.0,0.0,0.0,0.0,0.0,0.0,0.0,0.0,True,True,True,True,True,False,M-2A
base,42,2030-03-25,0.0,0.0,0.0,0.0,0.0,0.0,0.0,0.0,0.0,0.0,True,True,True,True,True,False,M-2A
base,43,2030-04-25,0.0,0.0,0.0,0.0,0.0,0.0,0.0,0.0,0.0,0.0,False,True,True,False,True,False,M-2A
base,44,2030-05-25,0.0,0.0,0.0,0.0,0.0,0.0,0.0,0.0,0.0,0.0,True,True,True,True,True,False,M-2A
base,45,2030-06-25,0.0,0.0,0.0,0.0,0.0,0.0,0.0,0.0,0.0,0.0,True,True,True,True,True,False,M-2A
base,46,2030-07-25,0.0,0.0,0.0,0.0,0.0,0.0,0.0,0.0,0.0,0.0,True,True,True,True,True,False,M-2A
base,47,2030-08-25,0.0,0.0,0.0,0.0,0.0,0.0,0.0,0.0,0.0,0.0,True,True,True,True,True,False,M-2A
base,48,2030-09-25,0.0,0.0,0.0,0.0,0.0,0.0,0.0,0.0,0.0,0.0,True,True,True,True,True,False,M-2A
base,49,2030-10-25,0.0,0.0,0.0,0.0,0.0,0.0,0.0,0.0,0.0,0.0,True,True,True,True,True,False,M-2A
base,50,2030-11-25,0.0,0.0,0.0,0.0,0.0,0.0,0.0,0.0,0.0,0.0,True,True,True,True,True,False,M-2A
base,51,2030-12-25,0.0,0.0,0.0,0.0,0.0,0.0,0.0,0.0,0.0,0.0,True,True,True,True,True,False,M-2A
base,52,2031-01-25,0.0,0.0,0.0,0.0,0.0,0.0,0.0,0.0,0.0,0.0,True,True,True,True,True,False,M-2A
base,53,2031-02-25,0.0,0.0,0.0,0.0,0.0,0.0,0.0,0.0,0.0,0.0,True,True,True,True,True,True,M-2A
base,1,2026-10-25,2017015.0,0.0,0.0,0.0,0.0,0.0,0.0,0.0,0.0,2017015.0,True,True,True,True,True,False,M-2AH
base,2,2026-11-25,2017015.0,0.0,0.0,0.0,0.0,0.0,0.0,0.0,0.0,2017015.0,True,True,True,True,True,False,M-2AH
base,3,2026-12-25,2017015.0,0.0,0.0,0.0,0.0,0.0,0.0,0.0,0.0,2017015.0,True,True,True,True,True,False,M-2AH
base,4,2027-01-25,2017015.0,0.0,0.0,0.0,0.0,0.0,0.0,0.0,0.0,2017015.0,True,True,True,True,True,False,M-2AH
base,5,2027-02-25,2017015.0,0.0,0.0,0.0,0.0,0.0,0.0,0.0,0.0,2017015.0,True,True,True,True,True,False,M-2AH
base,6,2027-03-25,2017015.0,0.0,0.0,0.0,0.0,0.0,0.0,0.0,0.0,2017015.0,True,True,True,True,True,False,M-2AH
base,7,2027-04-25,2017015.0,0.0,0.0,0.0,0.0,0.0,0.0,0.0,0.0,2017015.0,True,True,True,True,True,False,M-2AH
base,8,2027-05-25,2017015.0,0.0,0.0,0.0,0.0,0.0,0.0,0.0,0.0,2017015.0,True,True,True,True,True,False,M-2AH
base,9,2027-06-25,2017015.0,0.0,0.0,0.0,0.0,0.0,0.0,0.0,0.0,2017015.0,True,True,True,True,True,False,M-2AH
base,10,2027-07-25,2017015.0,0.0,0.0,0.0,0.0,0.0,0.0,0.0,0.0,2017015.0,False,True,True,False,True,False,M-2AH
base,11,2027-08-25,2017015.0,0.0,0.0,0.0,0.0,0.0,0.0,0.0,0.0,2017015.0,False,True,True,False,True,False,M-2AH
base,12,2027-09-25,2017015.0,0.0,0.0,0.0,0.0,0.0,0.0,0.0,0.0,2017015.0,False,True,True,False,True,False,M-2AH
base,13,2027-10-25,2017015.0,0.0,0.0,0.0,0.0,0.0,0.0,0.0,0.0,2017015.0,True,True,True,True,True,False,M-2AH
base,14,2027-11-25,2017015.0,0.0,0.0,0.0,0.0,0.0,0.0,0.0,0.0,2017015.0,True,True,True,True,True,False,M-2AH
base,15,2027-12-25,2017015.0,0.0,0.0,0.0,0.0,0.0,0.0,0.0,0.0,2017015.0,True,True,True,True,True,False,M-2AH
base,16,2028-01-25,2017015.0,0.0,0.0,0.0,0.0,0.0,0.0,0.0,0.0,2017015.0,True,True,True,True,True,False,M-2AH
base,17,2028-02-25,2017015.0,0.0,0.0,0.0,0.0,0.0,0.0,0.0,0.0,2017015.0,True,True,True,True,True,False,M-2AH
base,18,2028-03-25,2017015.0,0.0,0.0,0.0,0.0,0.0,0.0,0.0,0.0,2017015.0,True,True,True,True,True,False,M-2AH
base,19,2028-04-25,2017015.0,0.0,0.0,0.0,0.0,0.0,0.0,0.0,0.0,2017015.0,True,True,True,True,True,False,M-2AH
base,20,2028-05-25,2017015.0,0.0,0.0,0.0,0.0,0.0,0.0,0.0,0.0,2017015.0,True,True,True,True,True,False,M-2AH
base,21,2028-06-25,2017015.0,0.0,0.0,0.0,0.0,0.0,0.0,0.0,0.0,2017015.0,True,True,True,True,True,False,M-2AH
base,22,2028-07-25,2017015.0,0.0,0.0,0.0,0.0,0.0,0.0,0.0,0.0,2017015.0,True,True,True,True,True,False,M-2AH
base,23,2028-08-25,2017015.0,0.0,0.0,0.0,0.0,0.0,0.0,0.0,0.0,2017015.0,False,True,True,False,True,False,M-2AH
base,24,2028-09-25,2017015.0,0.0,0.0,0.0,0.0,0.0,0.0,0.0,0.0,2017015.0,True,True,True,True,True,False,M-2AH
base,25,2028-10-25,2017015.0,0.0,0.0,0.0,0.0,0.0,0.0,0.0,0.0,2017015.0,True,True,True,True,True,False,M-2AH
base,26,2028-11-25,2017015.0,0.0,0.0,0.0,69265.71033376353,0.0,0.0,0.0,0.0,1947749.2896662364,True,True,True,True,True,False,M-2AH
base,27,2028-12-25,1947749.2896662364,0.0,0.0,0.0,449377.42685055756,0.0,0.0,0.0,0.0,1498371.8628156788,True,True,True,True,True,False,M-2AH
base,28,2029-01-25,1498371.8628156788,0.0,0.0,0.0,447633.1921253495,0.0,0.0,0.0,0.0,1050738.6706903293,True,True,True,True,True,False,M-2AH
base,29,2029-02-25,1050738.6706903293,0.0,0.0,0.0,448544.3236190837,0.0,0.0,0.0,0.0,602194.3470712455,True,True,True,True,True,False,M-2AH
base,30,2029-03-25,602194.3470712455,0.0,0.0,0.0,0.0,0.0,0.0,0.0,0.0,602194.3470712455,False,True,True,False,True,False,M-2AH
base,31,2029-04-25,602194.3470712455,0.0,0.0,0.0,456608.27874357696,0.0,0.0,0.0,0.0,145586.0683276686,True,True,True,True,True,False,M-2AH
base,32,2029-05-25,145586.0683276686,0.0,0.0,0.0,145586.0683276686,0.0,0.0,0.0,0.0,0.0,True,True,True,True,True,False,M-2AH
base,33,2029-06-25,0.0,0.0,0.0,0.0,0.0,0.0,0.0,0.0,0.0,0.0,True,True,True,True,True,False,M-2AH
base,34,2029-07-25,0.0,0.0,0.0,0.0,0.0,0.0,0.0,0.0,0.0,0.0,True,True,True,True,True,False,M-2AH
base,35,2029-08-25,0.0,0.0,0.0,0.0,0.0,0.0,0.0,0.0,0.0,0.0,True,True,True,True,True,False,M-2AH
base,36,2029-09-25,0.0,0.0,0.0,0.0,0.0,0.0,0.0,0.0,0.0,0.0,True,True,True,True,True,False,M-2AH
base,37,2029-10-25,0.0,0.0,0.0,0.0,0.0,0.0,0.0,0.0,0.0,0.0,True,True,True,True,True,False,M-2AH
base,38,2029-11-25,0.0,0.0,0.0,0.0,0.0,0.0,0.0,0.0,0.0,0.0,True,True,True,True,True,False,M-2AH
base,39,2029-12-25,0.0,0.0,0.0,0.0,0.0,0.0,0.0,0.0,0.0,0.0,True,True,True,True,True,False,M-2AH
base,40,2030-01-25,0.0,0.0,0.0,0.0,0.0,0.0,0.0,0.0,0.0,0.0,True,True,True,True,True,False,M-2AH
base,41,2030-02-25,0.0,0.0,0.0,0.0,0.0,0.0,0.0,0.0,0.0,0.0,True,True,True,True,True,False,M-2AH
base,42,2030-03-25,0.0,0.0,0.0,0.0,0.0,0.0,0.0,0.0,0.0,0.0,True,True,True,True,True,False,M-2AH
base,43,2030-04-25,0.0,0.0,0.0,0.0,0.0,0.0,0.0,0.0,0.0,0.0,False,True,True,False,True,False,M-2AH
base,44,2030-05-25,0.0,0.0,0.0,0.0,0.0,0.0,0.0,0.0,0.0,0.0,True,True,True,True,True,False,M-2AH
base,45,2030-06-25,0.0,0.0,0.0,0.0,0.0,0.0,0.0,0.0,0.0,0.0,True,True,True,True,True,False,M-2AH
base,46,2030-07-25,0.0,0.0,0.0,0.0,0.0,0.0,0.0,0.0,0.0,0.0,True,True,True,True,True,False,M-2AH
base,47,2030-08-25,0.0,0.0,0.0,0.0,0.0,0.0,0.0,0.0,0.0,0.0,True,True,True,True,True,False,M-2AH
base,48,2030-09-25,0.0,0.0,0.0,0.0,0.0,0.0,0.0,0.0,0.0,0.0,True,True,True,True,True,False,M-2AH
base,49,2030-10-25,0.0,0.0,0.0,0.0,0.0,0.0,0.0,0.0,0.0,0.0,True,True,True,True,True,False,M-2AH
base,50,2030-11-25,0.0,0.0,0.0,0.0,0.0,0.0,0.0,0.0,0.0,0.0,True,True,True,True,True,False,M-2AH
base,51,2030-12-25,0.0,0.0,0.0,0.0,0.0,0.0,0.0,0.0,0.0,0.0,True,True,True,True,True,False,M-2AH
base,52,2031-01-25,0.0,0.0,0.0,0.0,0.0,0.0,0.0,0.0,0.0,0.0,True,True,True,True,True,False,M-2AH
base,53,2031-02-25,0.0,0.0,0.0,0.0,0.0,0.0,0.0,0.0,0.0,0.0,True,True,True,True,True,True,M-2AH
base,1,2026-10-25,37850000.0,157402.06375,0.0,157402.06375,0.0,0.0,0.0,0.0,0.0,37850000.0,True,True,True,True,True,False,M-2B
base,2,2026-11-25,37850000.0,168834.14208929165,0.0,168834.14208929165,0.0,0.0,0.0,0.0,0.0,37850000.0,True,True,True,True,True,False,M-2B
base,3,2026-12-25,37850000.0,162918.98039374998,0.0,162918.98039374998,0.0,0.0,0.0,0.0,0.0,37850000.0,True,True,True,True,True,False,M-2B
base,4,2027-01-25,37850000.0,167975.9917072361,0.0,167975.9917072361,0.0,0.0,0.0,0.0,0.0,37850000.0,True,True,True,True,True,False,M-2B
base,5,2027-02-25,37850000.0,167606.08692705556,0.0,167606.08692705556,0.0,0.0,0.0,0.0,0.0,37850000.0,True,True,True,True,True,False,M-2B
base,6,2027-03-25,37850000.0,151041.7707357222,0.0,151041.7707357222,0.0,0.0,0.0,0.0,0.0,37850000.0,True,True,True,True,True,False,M-2B
base,7,2027-04-25,37850000.0,166907.45999611108,0.0,166907.45999611108,0.0,0.0,0.0,0.0,0.0,37850000.0,True,True,True,True,True,False,M-2B
base,8,2027-05-25,37850000.0,161209.22271708332,0.0,161209.22271708332,0.0,0.0,0.0,0.0,0.0,37850000.0,True,True,True,True,True,False,M-2B
base,9,2027-06-25,37850000.0,166317.06221730556,0.0,166317.06221730556,0.0,0.0,0.0,0.0,0.0,37850000.0,True,True,True,True,True,False,M-2B
base,10,2027-07-25,37850000.0,160635.87249416666,0.0,160635.87249416666,0.0,0.0,0.0,0.0,0.0,37850000.0,False,True,True,False,True,False,M-2B
base,11,2027-08-25,37850000.0,165593.21412811108,0.0,165593.21412811108,0.0,0.0,0.0,0.0,0.0,37850000.0,False,True,True,False,True,False,M-2B
base,12,2027-09-25,37850000.0,165096.75475030552,0.0,165096.75475030552,0.0,0.0,0.0,0.0,0.0,37850000.0,False,True,True,False,True,False,M-2B
base,13,2027-10-25,37850000.0,159260.7315275,0.0,159260.7315275,0.0,0.0,0.0,0.0,0.0,37850000.0,True,True,True,True,True,False,M-2B
base,14,2027-11-25,37850000.0,164210.6763567361,0.0,164210.6763567361,0.0,0.0,0.0,0.0,0.0,37850000.0,True,True,True,True,True,False,M-2B
base,15,2027-12-25,37850000.0,158737.99117041667,0.0,158737.99117041667,0.0,0.0,0.0,0.0,0.0,37850000.0,True,True,True,True,True,False,M-2B
base,16,2028-01-25,37850000.0,163841.29860626388,0.0,163841.29860626388,0.0,0.0,0.0,0.0,0.0,37850000.0,True,True,True,True,True,False,M-2B
base,17,2028-02-25,37850000.0,163713.4562570139,0.0,163713.4562570139,0.0,0.0,0.0,0.0,0.0,37850000.0,True,True,True,True,True,False,M-2B
base,18,2028-03-25,37850000.0,153024.03411349998,0.0,153024.03411349998,0.0,0.0,0.0,0.0,0.0,37850000.0,True,True,True,True,True,False,M-2B
base,19,2028-04-25,37850000.0,163391.14483434721,0.0,163391.14483434721,0.0,0.0,0.0,0.0,0.0,37850000.0,True,True,True,True,True,False,M-2B
base,20,2028-05-25,37850000.0,157944.99298166667,0.0,157944.99298166667,0.0,0.0,0.0,0.0,0.0,37850000.0,True,True,True,True,True,False,M-2B
base,21,2028-06-25,37850000.0,163022.56007291668,0.0,163022.56007291668,0.0,0.0,0.0,0.0,0.0,37850000.0,True,True,True,True,True,False,M-2B
base,22,2028-07-25,37850000.0,157431.7217483333,0.0,157431.7217483333,0.0,0.0,0.0,0.0,0.0,37850000.0,True,True,True,True,True,False,M-2B
base,23,2028-08-25,37850000.0,162335.7246576111,0.0,162335.7246576111,0.0,0.0,0.0,0.0,0.0,37850000.0,False,True,True,False,True,False,M-2B
base,24,2028-09-25,37850000.0,162004.3008684722,0.0,162004.3008684722,0.0,0.0,0.0,0.0,0.0,37850000.0,True,True,True,True,True,False,M-2B
base,25,2028-10-25,37850000.0,156599.97430666667,0.0,156599.97430666667,0.0,0.0,0.0,0.0,0.0,37850000.0,True,True,True,True,True,False,M-2B
base,26,2028-11-25,37850000.0,161723.11829668054,0.0,161723.11829668054,0.0,0.0,0.0,0.0,0.0,37850000.0,True,True,True,True,True,False,M-2B
base,27,2028-12-25,37850000.0,156483.1581670833,0.0,156483.1581670833,0.0,0.0,0.0,0.0,0.0,37850000.0,True,True,True,True,True,False,M-2B
base,28,2029-01-25,37850000.0,161691.51020326387,0.0,161691.51020326387,0.0,0.0,0.0,0.0,0.0,37850000.0,True,True,True,True,True,False,M-2B
base,29,2029-02-25,37850000.0,161632.7566575972,0.0,161632.7566575972,0.0,0.0,0.0,0.0,0.0,37850000.0,True,True,True,True,True,False,M-2B
base,30,2029-03-25,37850000.0,145916.06834855556,0.0,145916.06834855556,0.0,0.0,0.0,0.0,0.0,37850000.0,False,True,True,False,True,False,M-2B
base,31,2029-04-25,37850000.0,161474.28172508333,0.0,161474.28172508333,0.0,0.0,0.0,0.0,0.0,37850000.0,True,True,True,True,True,False,M-2B
base,32,2029-05-25,37850000.0,155938.85561124998,0.0,155938.85561124998,5838270.1633453425,0.0,0.0,0.0,0.0,32011729.836654656,True,True,True,True,True,False,M-2B
base,33,2029-06-25,32011729.836654656,135837.89558902133,0.0,135837.89558902133,8481387.786868816,0.0,0.0,0.0,0.0,23530342.049785838,True,True,True,True,True,False,M-2B
base,34,2029-07-25,23530342.049785838,96331.379298644,0.0,96331.379298644,8397377.764034828,0.0,0.0,0.0,0.0,15132964.28575101,True,True,True,True,True,False,M-2B
base,35,2029-08-25,15132964.28575101,63836.90909496521,0.0,63836.90909496521,8384696.897895028,0.0,0.0,0.0,0.0,6748267.3878559815,True,True,True,True,True,False,M-2B
base,36,2029-09-25,6748267.3878559815,28403.44937130629,0.0,28403.44937130629,6748267.3878559815,0.0,0.0,0.0,0.0,0.0,True,True,True,True,True,False,M-2B
base,37,2029-10-25,0.0,0.0,0.0,0.0,0.0,0.0,0.0,0.0,0.0,0.0,True,True,True,True,True,False,M-2B
base,38,2029-11-25,0.0,0.0,0.0,0.0,0.0,0.0,0.0,0.0,0.0,0.0,True,True,True,True,True,False,M-2B
base,39,2029-12-25,0.0,0.0,0.0,0.0,0.0,0.0,0.0,0.0,0.0,0.0,True,True,True,True,True,False,M-2B
base,40,2030-01-25,0.0,0.0,0.0,0.0,0.0,0.0,0.0,0.0,0.0,0.0,True,True,True,True,True,False,M-2B
base,41,2030-02-25,0.0,0.0,0.0,0.0,0.0,0.0,0.0,0.0,0.0,0.0,True,True,True,True,True,False,M-2B
base,42,2030-03-25,0.0,0.0,0.0,0.0,0.0,0.0,0.0,0.0,0.0,0.0,True,True,True,True,True,False,M-2B
base,43,2030-04-25,0.0,0.0,0.0,0.0,0.0,0.0,0.0,0.0,0.0,0.0,False,True,True,False,True,False,M-2B
base,44,2030-05-25,0.0,0.0,0.0,0.0,0.0,0.0,0.0,0.0,0.0,0.0,True,True,True,True,True,False,M-2B
base,45,2030-06-25,0.0,0.0,0.0,0.0,0.0,0.0,0.0,0.0,0.0,0.0,True,True,True,True,True,False,M-2B
base,46,2030-07-25,0.0,0.0,0.0,0.0,0.0,0.0,0.0,0.0,0.0,0.0,True,True,True,True,True,False,M-2B
base,47,2030-08-25,0.0,0.0,0.0,0.0,0.0,0.0,0.0,0.0,0.0,0.0,True,True,True,True,True,False,M-2B
base,48,2030-09-25,0.0,0.0,0.0,0.0,0.0,0.0,0.0,0.0,0.0,0.0,True,True,True,True,True,False,M-2B
base,49,2030-10-25,0.0,0.0,0.0,0.0,0.0,0.0,0.0,0.0,0.0,0.0,True,True,True,True,True,False,M-2B
base,50,2030-11-25,0.0,0.0,0.0,0.0,0.0,0.0,0.0,0.0,0.0,0.0,True,True,True,True,True,False,M-2B
base,51,2030-12-25,0.0,0.0,0.0,0.0,0.0,0.0,0.0,0.0,0.0,0.0,True,True,True,True,True,False,M-2B
base,52,2031-01-25,0.0,0.0,0.0,0.0,0.0,0.0,0.0,0.0,0.0,0.0,True,True,True,True,True,False,M-2B
base,53,2031-02-25,0.0,0.0,0.0,0.0,0.0,0.0,0.0,0.0,0.0,0.0,True,True,True,True,True,True,M-2B
base,1,2026-10-25,2017015.0,0.0,0.0,0.0,0.0,0.0,0.0,0.0,0.0,2017015.0,True,True,True,True,True,False,M-2BH
base,2,2026-11-25,2017015.0,0.0,0.0,0.0,0.0,0.0,0.0,0.0,0.0,2017015.0,True,True,True,True,True,False,M-2BH
base,3,2026-12-25,2017015.0,0.0,0.0,0.0,0.0,0.0,0.0,0.0,0.0,2017015.0,True,True,True,True,True,False,M-2BH
base,4,2027-01-25,2017015.0,0.0,0.0,0.0,0.0,0.0,0.0,0.0,0.0,2017015.0,True,True,True,True,True,False,M-2BH
base,5,2027-02-25,2017015.0,0.0,0.0,0.0,0.0,0.0,0.0,0.0,0.0,2017015.0,True,True,True,True,True,False,M-2BH
base,6,2027-03-25,2017015.0,0.0,0.0,0.0,0.0,0.0,0.0,0.0,0.0,2017015.0,True,True,True,True,True,False,M-2BH
base,7,2027-04-25,2017015.0,0.0,0.0,0.0,0.0,0.0,0.0,0.0,0.0,2017015.0,True,True,True,True,True,False,M-2BH
base,8,2027-05-25,2017015.0,0.0,0.0,0.0,0.0,0.0,0.0,0.0,0.0,2017015.0,True,True,True,True,True,False,M-2BH
base,9,2027-06-25,2017015.0,0.0,0.0,0.0,0.0,0.0,0.0,0.0,0.0,2017015.0,True,True,True,True,True,False,M-2BH
base,10,2027-07-25,2017015.0,0.0,0.0,0.0,0.0,0.0,0.0,0.0,0.0,2017015.0,False,True,True,False,True,False,M-2BH
base,11,2027-08-25,2017015.0,0.0,0.0,0.0,0.0,0.0,0.0,0.0,0.0,2017015.0,False,True,True,False,True,False,M-2BH
base,12,2027-09-25,2017015.0,0.0,0.0,0.0,0.0,0.0,0.0,0.0,0.0,2017015.0,False,True,True,False,True,False,M-2BH
base,13,2027-10-25,2017015.0,0.0,0.0,0.0,0.0,0.0,0.0,0.0,0.0,2017015.0,True,True,True,True,True,False,M-2BH
base,14,2027-11-25,2017015.0,0.0,0.0,0.0,0.0,0.0,0.0,0.0,0.0,2017015.0,True,True,True,True,True,False,M-2BH
base,15,2027-12-25,2017015.0,0.0,0.0,0.0,0.0,0.0,0.0,0.0,0.0,2017015.0,True,True,True,True,True,False,M-2BH
base,16,2028-01-25,2017015.0,0.0,0.0,0.0,0.0,0.0,0.0,0.0,0.0,2017015.0,True,True,True,True,True,False,M-2BH
base,17,2028-02-25,2017015.0,0.0,0.0,0.0,0.0,0.0,0.0,0.0,0.0,2017015.0,True,True,True,True,True,False,M-2BH
base,18,2028-03-25,2017015.0,0.0,0.0,0.0,0.0,0.0,0.0,0.0,0.0,2017015.0,True,True,True,True,True,False,M-2BH
base,19,2028-04-25,2017015.0,0.0,0.0,0.0,0.0,0.0,0.0,0.0,0.0,2017015.0,True,True,True,True,True,False,M-2BH
base,20,2028-05-25,2017015.0,0.0,0.0,0.0,0.0,0.0,0.0,0.0,0.0,2017015.0,True,True,True,True,True,False,M-2BH
base,21,2028-06-25,2017015.0,0.0,0.0,0.0,0.0,0.0,0.0,0.0,0.0,2017015.0,True,True,True,True,True,False,M-2BH
base,22,2028-07-25,2017015.0,0.0,0.0,0.0,0.0,0.0,0.0,0.0,0.0,2017015.0,True,True,True,True,True,False,M-2BH
base,23,2028-08-25,2017015.0,0.0,0.0,0.0,0.0,0.0,0.0,0.0,0.0,2017015.0,False,True,True,False,True,False,M-2BH
base,24,2028-09-25,2017015.0,0.0,0.0,0.0,0.0,0.0,0.0,0.0,0.0,2017015.0,True,True,True,True,True,False,M-2BH
base,25,2028-10-25,2017015.0,0.0,0.0,0.0,0.0,0.0,0.0,0.0,0.0,2017015.0,True,True,True,True,True,False,M-2BH
base,26,2028-11-25,2017015.0,0.0,0.0,0.0,0.0,0.0,0.0,0.0,0.0,2017015.0,True,True,True,True,True,False,M-2BH
base,27,2028-12-25,2017015.0,0.0,0.0,0.0,0.0,0.0,0.0,0.0,0.0,2017015.0,True,True,True,True,True,False,M-2BH
base,28,2029-01-25,2017015.0,0.0,0.0,0.0,0.0,0.0,0.0,0.0,0.0,2017015.0,True,True,True,True,True,False,M-2BH
base,29,2029-02-25,2017015.0,0.0,0.0,0.0,0.0,0.0,0.0,0.0,0.0,2017015.0,True,True,True,True,True,False,M-2BH
base,30,2029-03-25,2017015.0,0.0,0.0,0.0,0.0,0.0,0.0,0.0,0.0,2017015.0,False,True,True,False,True,False,M-2BH
base,31,2029-04-25,2017015.0,0.0,0.0,0.0,0.0,0.0,0.0,0.0,0.0,2017015.0,True,True,True,True,True,False,M-2BH
base,32,2029-05-25,2017015.0,0.0,0.0,0.0,311119.643157728,0.0,0.0,0.0,0.0,1705895.356842272,True,True,True,True,True,False,M-2BH
base,33,2029-06-25,1705895.356842272,0.0,0.0,0.0,451970.57825445716,0.0,0.0,0.0,0.0,1253924.778587815,True,True,True,True,True,False,M-2BH
base,34,2029-07-25,1253924.778587815,0.0,0.0,0.0,447493.7096624759,0.0,0.0,0.0,0.0,806431.068925339,True,True,True,True,True,False,M-2BH
base,35,2029-08-25,806431.068925339,0.0,0.0,0.0,446817.9501587251,0.0,0.0,0.0,0.0,359613.11876661394,True,True,True,True,True,False,M-2BH
base,36,2029-09-25,359613.11876661394,0.0,0.0,0.0,359613.11876661394,0.0,0.0,0.0,0.0,0.0,True,True,True,True,True,False,M-2BH
base,37,2029-10-25,0.0,0.0,0.0,0.0,0.0,0.0,0.0,0.0,0.0,0.0,True,True,True,True,True,False,M-2BH
base,38,2029-11-25,0.0,0.0,0.0,0.0,0.0,0.0,0.0,0.0,0.0,0.0,True,True,True,True,True,False,M-2BH
base,39,2029-12-25,0.0,0.0,0.0,0.0,0.0,0.0,0.0,0.0,0.0,0.0,True,True,True,True,True,False,M-2BH
base,40,2030-01-25,0.0,0.0,0.0,0.0,0.0,0.0,0.0,0.0,0.0,0.0,True,True,True,True,True,False,M-2BH
base,41,2030-02-25,0.0,0.0,0.0,0.0,0.0,0.0,0.0,0.0,0.0,0.0,True,True,True,True,True,False,M-2BH
base,42,2030-03-25,0.0,0.0,0.0,0.0,0.0,0.0,0.0,0.0,0.0,0.0,True,True,True,True,True,False,M-2BH
base,43,2030-04-25,0.0,0.0,0.0,0.0,0.0,0.0,0.0,0.0,0.0,0.0,False,True,True,False,True,False,M-2BH
base,44,2030-05-25,0.0,0.0,0.0,0.0,0.0,0.0,0.0,0.0,0.0,0.0,True,True,True,True,True,False,M-2BH
base,45,2030-06-25,0.0,0.0,0.0,0.0,0.0,0.0,0.0,0.0,0.0,0.0,True,True,True,True,True,False,M-2BH
base,46,2030-07-25,0.0,0.0,0.0,0.0,0.0,0.0,0.0,0.0,0.0,0.0,True,True,True,True,True,False,M-2BH
base,47,2030-08-25,0.0,0.0,0.0,0.0,0.0,0.0,0.0,0.0,0.0,0.0,True,True,True,True,True,False,M-2BH
base,48,2030-09-25,0.0,0.0,0.0,0.0,0.0,0.0,0.0,0.0,0.0,0.0,True,True,True,True,True,False,M-2BH
base,49,2030-10-25,0.0,0.0,0.0,0.0,0.0,0.0,0.0,0.0,0.0,0.0,True,True,True,True,True,False,M-2BH
base,50,2030-11-25,0.0,0.0,0.0,0.0,0.0,0.0,0.0,0.0,0.0,0.0,True,True,True,True,True,False,M-2BH
base,51,2030-12-25,0.0,0.0,0.0,0.0,0.0,0.0,0.0,0.0,0.0,0.0,True,True,True,True,True,False,M-2BH
base,52,2031-01-25,0.0,0.0,0.0,0.0,0.0,0.0,0.0,0.0,0.0,0.0,True,True,True,True,True,False,M-2BH
base,53,2031-02-25,0.0,0.0,0.0,0.0,0.0,0.0,0.0,0.0,0.0,0.0,True,True,True,True,True,True,M-2BH
base,1,2026-10-25,102515181.0,0.0,0.0,0.0,0.0,0.0,0.0,0.0,0.0,102515181.0,True,True,True,True,True,False,B-1H
base,2,2026-11-25,102515181.0,0.0,0.0,0.0,0.0,0.0,0.0,0.0,0.0,102515181.0,True,True,True,True,True,False,B-1H
base,3,2026-12-25,102515181.0,0.0,0.0,0.0,0.0,0.0,0.0,0.0,0.0,102515181.0,True,True,True,True,True,False,B-1H
base,4,2027-01-25,102515181.0,0.0,0.0,0.0,0.0,0.0,0.0,0.0,0.0,102515181.0,True,True,True,True,True,False,B-1H
base,5,2027-02-25,102515181.0,0.0,0.0,0.0,0.0,0.0,0.0,0.0,0.0,102515181.0,True,True,True,True,True,False,B-1H
base,6,2027-03-25,102515181.0,0.0,0.0,0.0,0.0,0.0,0.0,0.0,0.0,102515181.0,True,True,True,True,True,False,B-1H
base,7,2027-04-25,102515181.0,0.0,0.0,0.0,0.0,0.0,0.0,0.0,0.0,102515181.0,True,True,True,True,True,False,B-1H
base,8,2027-05-25,102515181.0,0.0,0.0,0.0,0.0,0.0,0.0,0.0,0.0,102515181.0,True,True,True,True,True,False,B-1H
base,9,2027-06-25,102515181.0,0.0,0.0,0.0,0.0,0.0,0.0,0.0,0.0,102515181.0,True,True,True,True,True,False,B-1H
base,10,2027-07-25,102515181.0,0.0,0.0,0.0,0.0,0.0,0.0,0.0,0.0,102515181.0,False,True,True,False,True,False,B-1H
base,11,2027-08-25,102515181.0,0.0,0.0,0.0,0.0,0.0,0.0,0.0,0.0,102515181.0,False,True,True,False,True,False,B-1H
base,12,2027-09-25,102515181.0,0.0,0.0,0.0,0.0,0.0,0.0,0.0,0.0,102515181.0,False,True,True,False,True,False,B-1H
base,13,2027-10-25,102515181.0,0.0,0.0,0.0,0.0,0.0,0.0,0.0,0.0,102515181.0,True,True,True,True,True,False,B-1H
base,14,2027-11-25,102515181.0,0.0,0.0,0.0,0.0,0.0,0.0,0.0,0.0,102515181.0,True,True,True,True,True,False,B-1H
base,15,2027-12-25,102515181.0,0.0,0.0,0.0,0.0,0.0,0.0,0.0,0.0,102515181.0,True,True,True,True,True,False,B-1H
base,16,2028-01-25,102515181.0,0.0,0.0,0.0,0.0,0.0,0.0,0.0,0.0,102515181.0,True,True,True,True,True,False,B-1H
base,17,2028-02-25,102515181.0,0.0,0.0,0.0,0.0,0.0,0.0,0.0,0.0,102515181.0,True,True,True,True,True,False,B-1H
base,18,2028-03-25,102515181.0,0.0,0.0,0.0,0.0,0.0,0.0,0.0,0.0,102515181.0,True,True,True,True,True,False,B-1H
base,19,2028-04-25,102515181.0,0.0,0.0,0.0,0.0,0.0,0.0,0.0,0.0,102515181.0,True,True,True,True,True,False,B-1H
base,20,2028-05-25,102515181.0,0.0,0.0,0.0,0.0,0.0,0.0,0.0,0.0,102515181.0,True,True,True,True,True,False,B-1H
base,21,2028-06-25,102515181.0,0.0,0.0,0.0,0.0,0.0,0.0,0.0,0.0,102515181.0,True,True,True,True,True,False,B-1H
base,22,2028-07-25,102515181.0,0.0,0.0,0.0,0.0,0.0,0.0,0.0,0.0,102515181.0,True,True,True,True,True,False,B-1H
base,23,2028-08-25,102515181.0,0.0,0.0,0.0,0.0,0.0,0.0,0.0,0.0,102515181.0,False,True,True,False,True,False,B-1H
base,24,2028-09-25,102515181.0,0.0,0.0,0.0,0.0,0.0,0.0,0.0,0.0,102515181.0,True,True,True,True,True,False,B-1H
base,25,2028-10-25,102515181.0,0.0,0.0,0.0,0.0,0.0,0.0,0.0,0.0,102515181.0,True,True,True,True,True,False,B-1H
base,26,2028-11-25,102515181.0,0.0,0.0,0.0,0.0,0.0,0.0,0.0,0.0,102515181.0,True,True,True,True,True,False,B-1H
base,27,2028-12-25,102515181.0,0.0,0.0,0.0,0.0,0.0,0.0,0.0,0.0,102515181.0,True,True,True,True,True,False,B-1H
base,28,2029-01-25,102515181.0,0.0,0.0,0.0,0.0,0.0,0.0,0.0,0.0,102515181.0,True,True,True,True,True,False,B-1H
base,29,2029-02-25,102515181.0,0.0,0.0,0.0,0.0,0.0,0.0,0.0,0.0,102515181.0,True,True,True,True,True,False,B-1H
base,30,2029-03-25,102515181.0,0.0,0.0,0.0,0.0,0.0,0.0,0.0,0.0,102515181.0,False,True,True,False,True,False,B-1H
base,31,2029-04-25,102515181.0,0.0,0.0,0.0,0.0,0.0,0.0,0.0,0.0,102515181.0,True,True,True,True,True,False,B-1H
base,32,2029-05-25,102515181.0,0.0,0.0,0.0,0.0,0.0,0.0,0.0,0.0,102515181.0,True,True,True,True,True,False,B-1H
base,33,2029-06-25,102515181.0,0.0,0.0,0.0,0.0,0.0,0.0,0.0,0.0,102515181.0,True,True,True,True,True,False,B-1H
base,34,2029-07-25,102515181.0,0.0,0.0,0.0,0.0,0.0,0.0,0.0,0.0,102515181.0,True,True,True,True,True,False,B-1H
base,35,2029-08-25,102515181.0,0.0,0.0,0.0,0.0,0.0,0.0,0.0,0.0,102515181.0,True,True,True,True,True,False,B-1H
base,36,2029-09-25,102515181.0,0.0,0.0,0.0,1610398.1620527375,0.0,0.0,0.0,0.0,100904782.83794726,True,True,True,True,True,False,B-1H
base,37,2029-10-25,100904782.83794726,0.0,0.0,0.0,8671775.410462976,0.0,0.0,0.0,0.0,92233007.42748429,True,True,True,True,True,False,B-1H
base,38,2029-11-25,92233007.42748429,0.0,0.0,0.0,8583085.245502472,0.0,0.0,0.0,0.0,83649922.18198182,True,True,True,True,True,False,B-1H
base,39,2029-12-25,83649922.18198182,0.0,0.0,0.0,8465673.02829349,0.0,0.0,0.0,0.0,75184249.15368833,True,True,True,True,True,False,B-1H
base,40,2030-01-25,75184249.15368833,0.0,0.0,0.0,8313156.421418251,0.0,0.0,0.0,0.0,66871092.73227008,True,True,True,True,True,False,B-1H
base,41,2030-02-25,66871092.73227008,0.0,0.0,0.0,8227376.008299351,0.0,0.0,0.0,0.0,58643716.723970726,True,True,True,True,True,False,B-1H
base,42,2030-03-25,58643716.723970726,0.0,0.0,0.0,8100631.475950539,0.0,0.0,0.0,0.0,50543085.24802019,True,True,True,True,True,False,B-1H
base,43,2030-04-25,50543085.24802019,0.0,0.0,0.0,0.0,0.0,0.0,0.0,0.0,50543085.24802019,False,True,True,False,True,False,B-1H
base,44,2030-05-25,50543085.24802019,0.0,0.0,0.0,7980651.342593133,0.0,0.0,0.0,0.0,42562433.90542705,True,True,True,True,True,False,B-1H
base,45,2030-06-25,42562433.90542705,0.0,0.0,0.0,7853719.549932956,0.0,0.0,0.0,0.0,34708714.3554941,True,True,True,True,True,False,B-1H
base,46,2030-07-25,34708714.3554941,0.0,0.0,0.0,7728698.211104304,0.0,0.0,0.0,0.0,26980016.144389793,True,True,True,True,True,False,B-1H
base,47,2030-08-25,26980016.144389793,0.0,0.0,0.0,7584614.520537198,0.0,0.0,0.0,0.0,19395401.623852596,True,True,True,True,True,False,B-1H
base,48,2030-09-25,19395401.623852596,0.0,0.0,0.0,7422294.677178532,0.0,0.0,0.0,0.0,11973106.946674064,True,True,True,True,True,False,B-1H
base,49,2030-10-25,11973106.946674064,0.0,0.0,0.0,7301200.606553494,0.0,0.0,0.0,0.0,4671906.34012057,True,True,True,True,True,False,B-1H
base,50,2030-11-25,4671906.34012057,0.0,0.0,0.0,4671906.34012057,0.0,0.0,0.0,0.0,0.0,True,True,True,True,True,False,B-1H
base,51,2030-12-25,0.0,0.0,0.0,0.0,0.0,0.0,0.0,0.0,0.0,0.0,True,True,True,True,True,False,B-1H
base,52,2031-01-25,0.0,0.0,0.0,0.0,0.0,0.0,0.0,0.0,0.0,0.0,True,True,True,True,True,False,B-1H
base,53,2031-02-25,0.0,0.0,0.0,0.0,0.0,0.0,0.0,0.0,0.0,0.0,True,True,True,True,True,True,B-1H
base,1,2026-10-25,273373818.0,0.0,0.0,0.0,0.0,0.0,0.0,0.0,0.0,273373818.0,True,True,True,True,True,False,B-2H
base,2,2026-11-25,273373818.0,0.0,0.0,0.0,0.0,0.0,0.0,0.0,0.0,273373818.0,True,True,True,True,True,False,B-2H
base,3,2026-12-25,273373818.0,0.0,0.0,0.0,0.0,0.0,0.0,0.0,0.0,273373818.0,True,True,True,True,True,False,B-2H
base,4,2027-01-25,273373818.0,0.0,0.0,0.0,0.0,0.0,0.0,0.0,0.0,273373818.0,True,True,True,True,True,False,B-2H
base,5,2027-02-25,273373818.0,0.0,0.0,0.0,0.0,0.0,0.0,0.0,0.0,273373818.0,True,True,True,True,True,False,B-2H
base,6,2027-03-25,273373818.0,0.0,0.0,0.0,0.0,0.0,0.0,0.0,0.0,273373818.0,True,True,True,True,True,False,B-2H
base,7,2027-04-25,273373818.0,0.0,0.0,0.0,0.0,0.0,0.0,0.0,0.0,273373818.0,True,True,True,True,True,False,B-2H
base,8,2027-05-25,273373818.0,0.0,0.0,0.0,0.0,0.0,0.0,0.0,0.0,273373818.0,True,True,True,True,True,False,B-2H
base,9,2027-06-25,273373818.0,0.0,0.0,0.0,0.0,0.0,0.0,0.0,0.0,273373818.0,True,True,True,True,True,False,B-2H
base,10,2027-07-25,273373818.0,0.0,0.0,0.0,0.0,0.0,0.0,0.0,0.0,273373818.0,False,True,True,False,True,False,B-2H
base,11,2027-08-25,273373818.0,0.0,0.0,0.0,0.0,0.0,0.0,0.0,0.0,273373818.0,False,True,True,False,True,False,B-2H
base,12,2027-09-25,273373818.0,0.0,0.0,0.0,0.0,0.0,0.0,0.0,0.0,273373818.0,False,True,True,False,True,False,B-2H
base,13,2027-10-25,273373818.0,0.0,0.0,0.0,0.0,0.0,0.0,0.0,0.0,273373818.0,True,True,True,True,True,False,B-2H
base,14,2027-11-25,273373818.0,0.0,0.0,0.0,0.0,0.0,0.0,0.0,0.0,273373818.0,True,True,True,True,True,False,B-2H
base,15,2027-12-25,273373818.0,0.0,0.0,0.0,0.0,0.0,0.0,0.0,0.0,273373818.0,True,True,True,True,True,False,B-2H
base,16,2028-01-25,273373818.0,0.0,0.0,0.0,0.0,0.0,0.0,0.0,0.0,273373818.0,True,True,True,True,True,False,B-2H
base,17,2028-02-25,273373818.0,0.0,0.0,0.0,0.0,0.0,0.0,0.0,0.0,273373818.0,True,True,True,True,True,False,B-2H
base,18,2028-03-25,273373818.0,0.0,0.0,0.0,0.0,0.0,0.0,0.0,0.0,273373818.0,True,True,True,True,True,False,B-2H
base,19,2028-04-25,273373818.0,0.0,0.0,0.0,0.0,0.0,0.0,0.0,0.0,273373818.0,True,True,True,True,True,False,B-2H
base,20,2028-05-25,273373818.0,0.0,0.0,0.0,0.0,0.0,0.0,0.0,0.0,273373818.0,True,True,True,True,True,False,B-2H
base,21,2028-06-25,273373818.0,0.0,0.0,0.0,0.0,0.0,0.0,0.0,0.0,273373818.0,True,True,True,True,True,False,B-2H
base,22,2028-07-25,273373818.0,0.0,0.0,0.0,0.0,0.0,0.0,0.0,0.0,273373818.0,True,True,True,True,True,False,B-2H
base,23,2028-08-25,273373818.0,0.0,0.0,0.0,0.0,0.0,0.0,0.0,0.0,273373818.0,False,True,True,False,True,False,B-2H
base,24,2028-09-25,273373818.0,0.0,0.0,0.0,0.0,0.0,0.0,0.0,0.0,273373818.0,True,True,True,True,True,False,B-2H
base,25,2028-10-25,273373818.0,0.0,0.0,0.0,0.0,0.0,0.0,0.0,0.0,273373818.0,True,True,True,True,True,False,B-2H
base,26,2028-11-25,273373818.0,0.0,0.0,0.0,0.0,0.0,0.0,0.0,0.0,273373818.0,True,True,True,True,True,False,B-2H
base,27,2028-12-25,273373818.0,0.0,0.0,0.0,0.0,0.0,0.0,0.0,0.0,273373818.0,True,True,True,True,True,False,B-2H
base,28,2029-01-25,273373818.0,0.0,0.0,0.0,0.0,0.0,0.0,0.0,0.0,273373818.0,True,True,True,True,True,False,B-2H
base,29,2029-02-25,273373818.0,0.0,0.0,0.0,0.0,0.0,0.0,0.0,0.0,273373818.0,True,True,True,True,True,False,B-2H
base,30,2029-03-25,273373818.0,0.0,0.0,0.0,0.0,0.0,0.0,0.0,0.0,273373818.0,False,True,True,False,True,False,B-2H
base,31,2029-04-25,273373818.0,0.0,0.0,0.0,0.0,0.0,0.0,0.0,0.0,273373818.0,True,True,True,True,True,False,B-2H
base,32,2029-05-25,273373818.0,0.0,0.0,0.0,0.0,0.0,0.0,0.0,0.0,273373818.0,True,True,True,True,True,False,B-2H
base,33,2029-06-25,273373818.0,0.0,0.0,0.0,0.0,0.0,0.0,0.0,0.0,273373818.0,True,True,True,True,True,False,B-2H
base,34,2029-07-25,273373818.0,0.0,0.0,0.0,0.0,0.0,0.0,0.0,0.0,273373818.0,True,True,True,True,True,False,B-2H
base,35,2029-08-25,273373818.0,0.0,0.0,0.0,0.0,0.0,0.0,0.0,0.0,273373818.0,True,True,True,True,True,False,B-2H
base,36,2029-09-25,273373818.0,0.0,0.0,0.0,0.0,0.0,0.0,0.0,0.0,273373818.0,True,True,True,True,True,False,B-2H
base,37,2029-10-25,273373818.0,0.0,0.0,0.0,0.0,0.0,0.0,0.0,0.0,273373818.0,True,True,True,True,True,False,B-2H
base,38,2029-11-25,273373818.0,0.0,0.0,0.0,0.0,0.0,0.0,0.0,0.0,273373818.0,True,True,True,True,True,False,B-2H
base,39,2029-12-25,273373818.0,0.0,0.0,0.0,0.0,0.0,0.0,0.0,0.0,273373818.0,True,True,True,True,True,False,B-2H
base,40,2030-01-25,273373818.0,0.0,0.0,0.0,0.0,0.0,0.0,0.0,0.0,273373818.0,True,True,True,True,True,False,B-2H
base,41,2030-02-25,273373818.0,0.0,0.0,0.0,0.0,0.0,0.0,0.0,0.0,273373818.0,True,True,True,True,True,False,B-2H
base,42,2030-03-25,273373818.0,0.0,0.0,0.0,0.0,0.0,0.0,0.0,0.0,273373818.0,True,True,True,True,True,False,B-2H
base,43,2030-04-25,273373818.0,0.0,0.0,0.0,0.0,0.0,0.0,0.0,0.0,273373818.0,False,True,True,False,True,False,B-2H
base,44,2030-05-25,273373818.0,0.0,0.0,0.0,0.0,0.0,0.0,0.0,0.0,273373818.0,True,True,True,True,True,False,B-2H
base,45,2030-06-25,273373818.0,0.0,0.0,0.0,0.0,0.0,0.0,0.0,0.0,273373818.0,True,True,True,True,True,False,B-2H
base,46,2030-07-25,273373818.0,0.0,0.0,0.0,0.0,0.0,0.0,0.0,0.0,273373818.0,True,True,True,True,True,False,B-2H
base,47,2030-08-25,273373818.0,0.0,0.0,0.0,0.0,0.0,0.0,0.0,0.0,273373818.0,True,True,True,True,True,False,B-2H
base,48,2030-09-25,273373818.0,0.0,0.0,0.0,0.0,0.0,0.0,0.0,0.0,273373818.0,True,True,True,True,True,False,B-2H
base,49,2030-10-25,273373818.0,0.0,0.0,0.0,0.0,0.0,0.0,0.0,0.0,273373818.0,True,True,True,True,True,False,B-2H
base,50,2030-11-25,273373818.0,0.0,0.0,0.0,2476657.624938323,0.0,0.0,0.0,0.0,270897160.3750617,True,True,True,True,True,False,B-2H
base,51,2030-12-25,270897160.3750617,0.0,0.0,0.0,6908392.654072076,0.0,0.0,0.0,0.0,263988767.7209896,True,True,True,True,True,False,B-2H
base,52,2031-01-25,263988767.7209896,0.0,0.0,0.0,6721870.264391899,0.0,0.0,0.0,0.0,257266897.45659772,True,True,True,True,True,False,B-2H
base,53,2031-02-25,257266897.45659772,0.0,0.0,0.0,257266897.45659772,0.0,0.0,0.0,0.0,0.0,True,True,True,True,True,True,B-2H
base,1,2026-10-25,56953878.0,0.0,0.0,0.0,0.0,0.0,0.0,0.0,0.0,56953878.0,True,True,True,True,True,False,B-3H
base,2,2026-11-25,56953878.0,0.0,0.0,0.0,0.0,0.0,1989.0555908123804,1989.0555908123804,0.0,56951888.944409184,True,True,True,True,True,False,B-3H
base,3,2026-12-25,56951888.944409184,0.0,0.0,0.0,0.0,0.0,3926.5178154980563,3926.5178154980563,0.0,56947962.42659368,True,True,True,True,True,False,B-3H
base,4,2027-01-25,56947962.42659368,0.0,0.0,0.0,0.0,0.0,5811.183031241395,5811.183031241395,0.0,56942151.243562445,True,True,True,True,True,False,B-3H
base,5,2027-02-25,56942151.243562445,0.0,0.0,0.0,0.0,0.0,7641.820634143471,7641.820634143471,0.0,56934509.4229283,True,True,True,True,True,False,B-3H
base,6,2027-03-25,56934509.4229283,0.0,0.0,0.0,0.0,0.0,9417.208448401514,9417.208448401514,0.0,56925092.2144799,True,True,True,True,True,False,B-3H
base,7,2027-04-25,56925092.2144799,0.0,0.0,0.0,0.0,0.0,11135.88885304752,11135.88885304752,0.0,56913956.32562685,True,True,True,True,True,False,B-3H
base,8,2027-05-25,56913956.32562685,0.0,0.0,0.0,0.0,0.0,12798.178834416562,12798.178834416562,0.0,56901158.146792434,True,True,True,True,True,False,B-3H
base,9,2027-06-25,56901158.146792434,0.0,0.0,0.0,0.0,21265866.26794008,14402.64343011694,21280268.9113702,0.0,35620889.23542224,True,True,True,True,True,False,B-3H
base,10,2027-07-25,35620889.23542224,0.0,0.0,0.0,0.0,0.0,15946.420989159968,15946.420989159968,0.0,35604942.814433075,False,True,True,False,True,False,B-3H
base,11,2027-08-25,35604942.814433075,0.0,0.0,0.0,0.0,0.0,17428.961220364676,17428.961220364676,0.0,35587513.853212714,False,True,True,False,True,False,B-3H
base,12,2027-09-25,35587513.853212714,0.0,0.0,0.0,0.0,0.0,18848.333303459047,18848.333303459047,0.0,35568665.519909255,False,True,True,False,True,False,B-3H
base,13,2027-10-25,35568665.519909255,0.0,0.0,0.0,0.0,0.0,20205.28102340217,20205.28102340217,0.0,35548460.23888585,True,True,True,True,True,False,B-3H
base,14,2027-11-25,35548460.23888585,0.0,0.0,0.0,0.0,0.0,21134.952157716005,21134.952157716005,0.0,35527325.286728136,True,True,True,True,True,False,B-3H
base,15,2027-12-25,35527325.286728136,0.0,0.0,0.0,0.0,0.0,22020.57408257001,22020.57408257001,0.0,35505304.71264557,True,True,True,True,True,False,B-3H
base,16,2028-01-25,35505304.71264557,0.0,0.0,0.0,0.0,0.0,22860.63185678687,22860.63185678687,0.0,35482444.080788784,True,True,True,True,True,False,B-3H
base,17,2028-02-25,35482444.080788784,0.0,0.0,0.0,0.0,0.0,23653.659399614146,23653.659399614146,0.0,35458790.42138917,True,True,True,True,True,False,B-3H
base,18,2028-03-25,35458790.42138917,0.0,0.0,0.0,0.0,0.0,24397.30751723031,24397.30751723031,0.0,35434393.11387194,True,True,True,True,True,False,B-3H
base,19,2028-04-25,35434393.11387194,0.0,0.0,0.0,0.0,0.0,25091.69090206441,25091.69090206441,0.0,35409301.42296988,True,True,True,True,True,False,B-3H
base,20,2028-05-25,35409301.42296988,0.0,0.0,0.0,0.0,1328554.5694702205,25735.9532021059,1354290.5226723263,0.0,34055010.90029755,True,True,True,True,True,False,B-3H
base,21,2028-06-25,34055010.90029755,0.0,0.0,0.0,0.0,1297545.683398149,26336.424739260197,1323882.1081374092,0.0,32731128.792160142,True,True,True,True,True,False,B-3H
base,22,2028-07-25,32731128.792160142,0.0,0.0,0.0,0.0,1266569.3182278094,26895.61182660613,1293464.9300544155,0.0,31437663.862105727,True,True,True,True,True,False,B-3H
base,23,2028-08-25,31437663.862105727,0.0,0.0,0.0,0.0,1235678.4023176455,27411.077154045757,1263089.4794716912,0.0,30174574.382634036,False,True,True,False,True,False,B-3H
base,24,2028-09-25,30174574.382634036,0.0,0.0,0.0,0.0,1204696.0467269565,27883.044339003165,1232579.0910659598,0.0,28941995.291568074,True,True,True,True,True,False,B-3H
base,25,2028-10-25,28941995.291568074,0.0,0.0,0.0,0.0,1174206.823222863,28314.269430221942,1202521.092653085,0.0,27739474.19891499,True,True,True,True,True,False,B-3H
base,26,2028-11-25,27739474.19891499,0.0,0.0,0.0,0.0,1143726.549837498,28707.283964606548,1172433.8338021045,0.0,26567040.365112882,True,True,True,True,True,False,B-3H
base,27,2028-12-25,26567040.365112882,0.0,0.0,0.0,0.0,1113815.9805118353,29058.360412941976,1142874.3409247773,0.0,25424166.024188105,True,True,True,True,True,False,B-3H
base,28,2029-01-25,25424166.024188105,0.0,0.0,0.0,0.0,1084449.4976280543,29373.334298721828,1113822.831926776,0.0,24310343.192261327,True,True,True,True,True,False,B-3H
base,29,2029-02-25,24310343.192261327,0.0,0.0,0.0,0.0,1055274.1589804145,29651.495135185065,1084925.6541155996,0.0,23225417.53814573,True,True,True,True,True,False,B-3H
base,30,2029-03-25,23225417.53814573,0.0,0.0,0.0,0.0,1026074.081478691,29889.839232617454,1055963.9207113085,0.0,22169453.61743442,False,True,True,False,True,False,B-3H
base,31,2029-04-25,22169453.61743442,0.0,0.0,0.0,0.0,996948.07668187,30090.594483014294,1027038.6711648843,0.0,21142414.946269535,True,True,True,True,True,False,B-3H
base,32,2029-05-25,21142414.946269535,0.0,0.0,0.0,0.0,750284.0194184959,30253.771717124877,780537.7911356208,0.0,20361877.155133914,True,True,True,True,True,False,B-3H
base,33,2029-06-25,20361877.155133914,0.0,0.0,0.0,0.0,728988.6745599842,30379.133882723243,759367.8084427075,0.0,19602509.346691206,True,True,True,True,True,False,B-3H
base,34,2029-07-25,19602509.346691206,0.0,0.0,0.0,0.0,708327.3871285282,30474.200790507024,738801.5879190352,0.0,18863707.758772172,True,True,True,True,True,False,B-3H
base,35,2029-08-25,18863707.758772172,0.0,0.0,0.0,0.0,687880.8130733094,30539.604749641996,718420.4178229513,0.0,18145287.34094922,True,True,True,True,True,False,B-3H
base,36,2029-09-25,18145287.34094922,0.0,0.0,0.0,0.0,667609.7160506658,30570.478285262892,698180.1943359288,0.0,17447107.14661329,True,True,True,True,True,False,B-3H
base,37,2029-10-25,17447107.14661329,0.0,0.0,0.0,0.0,647542.2406457573,30574.883978332495,678117.1246240898,0.0,16768990.021989197,True,True,True,True,True,False,B-3H
base,38,2029-11-25,16768990.021989197,0.0,0.0,0.0,0.0,627412.3655431794,30548.533130096293,657960.8986732757,0.0,16111029.123315921,True,True,True,True,True,False,B-3H
base,39,2029-12-25,16111029.123315921,0.0,0.0,0.0,0.0,607666.5160687903,30495.31832711446,638161.8343959048,0.0,15472867.288920017,True,True,True,True,True,False,B-3H
base,40,2030-01-25,15472867.288920017,0.0,0.0,0.0,0.0,588382.6180570454,30418.479799784123,618801.0978568295,0.0,14854066.191063186,True,True,True,True,True,False,B-3H
base,41,2030-02-25,14854066.191063186,0.0,0.0,0.0,0.0,569507.9803282571,30321.76872535302,599829.7490536101,0.0,14254236.442009578,True,True,True,True,True,False,B-3H
base,42,2030-03-25,14254236.442009578,0.0,0.0,0.0,0.0,550770.720324476,30200.580027471417,580971.3003519474,0.0,13673265.14165763,True,True,True,True,True,False,B-3H
base,43,2030-04-25,13673265.14165763,0.0,0.0,0.0,0.0,532484.2490373739,30059.064631254285,562543.3136686282,0.0,13110721.827989003,False,True,True,False,True,False,B-3H
base,44,2030-05-25,13110721.827989003,0.0,0.0,0.0,0.0,514560.90370819625,29901.599406119796,544462.503114316,0.0,12566259.324874688,True,True,True,True,True,False,B-3H
base,45,2030-06-25,12566259.324874688,0.0,0.0,0.0,0.0,497238.6418046352,29727.08000599408,526965.7218106292,0.0,12039293.603064058,True,True,True,True,True,False,B-3H
base,46,2030-07-25,12039293.603064058,0.0,0.0,0.0,0.0,480171.11370483774,29534.987010146706,509706.10071498447,0.0,11529587.502349073,True,True,True,True,True,False,B-3H
base,47,2030-08-25,11529587.502349073,0.0,0.0,0.0,0.0,463517.4346921928,29325.931841553152,492843.36653374595,0.0,11036744.135815328,True,True,True,True,True,False,B-3H
base,48,2030-09-25,11036744.135815328,0.0,0.0,0.0,0.0,447306.9164370081,29102.4657397676,476409.3821767757,0.0,10560334.753638553,True,True,True,True,True,False,B-3H
base,49,2030-10-25,10560334.753638553,0.0,0.0,0.0,0.0,431408.96868802665,28867.25864674998,460276.22733477666,0.0,10100058.526303776,True,True,True,True,True,False,B-3H
base,50,2030-11-25,10100058.526303776,0.0,0.0,0.0,0.0,415902.1916315064,28617.384763812093,444519.5763953185,0.0,9655538.949908456,True,True,True,True,True,False,B-3H
base,51,2030-12-25,9655538.949908456,0.0,0.0,0.0,0.0,400703.8912025693,28356.700081541298,429060.5912841106,0.0,9226478.358624345,True,True,True,True,True,False,B-3H
base,52,2031-01-25,9226478.358624345,0.0,0.0,0.0,0.0,385861.0737205648,28094.750924629392,413955.82464519417,0.0,8812522.53397915,True,True,True,True,True,False,B-3H
base,53,2031-02-25,8812522.53397915,0.0,0.0,0.0,8413310.289970074,371384.7501158512,27827.493893225415,399212.2440090766,0.0,0.0,True,True,True,True,True,True,B-3H
moderate,1,2026-10-25,18361378647.06,0.0,0.0,0.0,154047065.27785107,0.0,0.0,0.0,0.0,18207331581.78215,True,True,True,True,True,False,A-H
moderate,2,2026-11-25,18207331581.78215,0.0,0.0,0.0,139662355.75091493,0.0,0.0,0.0,0.0,18067669226.031235,True,True,True,True,True,False,A-H
moderate,3,2026-12-25,18067669226.031235,0.0,0.0,0.0,131308274.49832527,0.0,0.0,0.0,0.0,17936360951.53291,True,True,True,True,True,False,A-H
moderate,4,2027-01-25,17936360951.53291,0.0,0.0,0.0,116592891.9107605,0.0,0.0,0.0,0.0,17819768059.62215,True,True,True,True,True,False,A-H
moderate,5,2027-02-25,17819768059.62215,0.0,0.0,0.0,110853883.19561327,0.0,0.0,0.0,0.0,17708914176.426537,True,True,True,True,True,False,A-H
moderate,6,2027-03-25,17708914176.426537,0.0,0.0,0.0,112911982.4266988,0.0,0.0,0.0,0.0,17596002193.999836,True,True,True,True,True,False,A-H
moderate,7,2027-04-25,17596002193.999836,0.0,0.0,0.0,109331077.19960503,0.0,0.0,0.0,0.0,17486671116.800232,True,True,True,True,True,False,A-H
moderate,8,2027-05-25,17486671116.800232,0.0,0.0,0.0,118855390.59731044,0.0,0.0,0.0,0.0,17367815726.202923,True,True,True,True,True,False,A-H
moderate,9,2027-06-25,17367815726.202923,0.0,0.0,0.0,151102272.62261173,0.0,0.0,0.0,0.0,17216713453.58031,True,True,True,True,True,False,A-H
moderate,10,2027-07-25,17216713453.58031,0.0,0.0,0.0,132768188.23028804,0.0,0.0,0.0,0.0,17083945265.350023,False,True,True,False,True,False,A-H
moderate,11,2027-08-25,17083945265.350023,0.0,0.0,0.0,142210084.94540244,0.0,0.0,0.0,0.0,16941735180.404621,False,True,True,False,True,False,A-H
moderate,12,2027-09-25,16941735180.404621,0.0,0.0,0.0,152453439.13608703,0.0,0.0,0.0,0.0,16789281741.268534,False,True,True,False,True,False,A-H
moderate,13,2027-10-25,16789281741.268534,0.0,0.0,0.0,141553043.58035326,0.0,0.0,0.0,0.0,16647728697.68818,False,True,True,False,True,False,A-H
moderate,14,2027-11-25,16647728697.68818,0.0,0.0,0.0,128869953.99014175,0.0,0.0,0.0,0.0,16518858743.69804,True,True,True,True,True,False,A-H
moderate,15,2027-12-25,16518858743.69804,0.0,0.0,0.0,140119404.10522157,0.0,0.0,0.0,0.0,16378739339.59282,True,True,True,True,True,False,A-H
moderate,16,2028-01-25,16378739339.59282,0.0,0.0,0.0,136107571.66700447,0.0,0.0,0.0,0.0,16242631767.925816,True,True,True,True,True,False,A-H
moderate,17,2028-02-25,16242631767.925816,0.0,0.0,0.0,127053459.84103426,0.0,0.0,0.0,0.0,16115578308.084782,True,True,True,True,True,False,A-H
moderate,18,2028-03-25,16115578308.084782,0.0,0.0,0.0,103313345.25907606,0.0,0.0,0.0,0.0,16012264962.825706,True,True,True,True,True,False,A-H
moderate,19,2028-04-25,16012264962.825706,0.0,0.0,0.0,101407157.12351891,0.0,0.0,0.0,0.0,15910857805.702188,True,True,True,True,True,False,A-H
moderate,20,2028-05-25,15910857805.702188,0.0,0.0,0.0,107008292.62096034,0.0,0.0,0.0,0.0,15803849513.081228,True,True,True,True,True,False,A-H
moderate,21,2028-06-25,15803849513.081228,0.0,0.0,0.0,120535991.86249988,0.0,0.0,0.0,0.0,15683313521.218729,False,True,True,False,True,False,A-H
moderate,22,2028-07-25,15683313521.218729,0.0,0.0,0.0,115699718.70357856,0.0,0.0,0.0,0.0,15567613802.51515,True,True,True,True,True,False,A-H
moderate,23,2028-08-25,15567613802.51515,0.0,0.0,0.0,127513454.16928087,0.0,0.0,0.0,0.0,15440100348.34587,True,True,True,True,True,False,A-H
moderate,24,2028-09-25,15440100348.34587,0.0,0.0,0.0,142678541.05890968,0.0,0.0,0.0,0.0,15297421807.286959,False,True,True,False,True,False,A-H
moderate,25,2028-10-25,15297421807.286959,0.0,0.0,0.0,186446683.83536518,0.0,0.0,0.0,0.0,15110975123.451593,True,True,True,True,True,False,A-H
moderate,26,2028-11-25,15110975123.451593,0.0,0.0,0.0,156304671.30736908,0.0,0.0,0.0,0.0,14954670452.144224,True,True,True,True,True,False,A-H
moderate,27,2028-12-25,14954670452.144224,0.0,0.0,0.0,146846098.56038874,0.0,0.0,0.0,0.0,14807824353.583836,True,True,True,True,True,False,A-H
moderate,28,2029-01-25,14807824353.583836,0.0,0.0,0.0,157806040.78443852,0.0,0.0,0.0,0.0,14650018312.799397,False,True,True,False,True,False,A-H
moderate,29,2029-02-25,14650018312.799397,0.0,0.0,0.0,134957811.54894522,0.0,0.0,0.0,0.0,14515060501.250452,True,True,True,True,True,False,A-H
moderate,30,2029-03-25,14515060501.250452,0.0,0.0,0.0,58149741.49773314,0.0,0.0,0.0,0.0,14456910759.752718,True,True,True,True,True,False,A-H
moderate,31,2029-04-25,14456910759.752718,0.0,0.0,0.0,106519839.24146602,0.0,0.0,0.0,0.0,14350390920.511251,True,True,True,True,True,False,A-H
moderate,32,2029-05-25,14350390920.511251,0.0,0.0,0.0,106800939.42802674,0.0,0.0,0.0,0.0,14243589981.083225,False,True,True,False,True,False,A-H
moderate,33,2029-06-25,14243589981.083225,0.0,0.0,0.0,134043804.9242521,0.0,0.0,0.0,0.0,14109546176.158974,True,True,True,True,True,False,A-H
moderate,34,2029-07-25,14109546176.158974,0.0,0.0,0.0,117631510.5141911,0.0,0.0,0.0,0.0,13991914665.644783,True,True,True,True,True,False,A-H
moderate,35,2029-08-25,13991914665.644783,0.0,0.0,0.0,130848229.54779066,0.0,0.0,0.0,0.0,13861066436.096992,False,True,True,False,True,False,A-H
moderate,36,2029-09-25,13861066436.096992,0.0,0.0,0.0,277631718.7400937,0.0,0.0,0.0,0.0,13583434717.3569,True,True,True,True,True,False,A-H
moderate,37,2029-10-25,13583434717.3569,0.0,0.0,0.0,342753867.5427557,0.0,0.0,0.0,0.0,13240680849.814144,True,True,True,True,True,False,A-H
moderate,38,2029-11-25,13240680849.814144,0.0,0.0,0.0,305559649.2369464,0.0,0.0,0.0,0.0,12935121200.577198,True,True,True,True,True,False,A-H
moderate,39,2029-12-25,12935121200.577198,0.0,0.0,0.0,346077840.7201149,0.0,0.0,0.0,0.0,12589043359.857082,False,True,True,False,True,False,A-H
moderate,40,2030-01-25,12589043359.857082,0.0,0.0,0.0,378777328.5205143,0.0,0.0,0.0,0.0,12210266031.336569,True,True,True,True,True,False,A-H
moderate,41,2030-02-25,12210266031.336569,0.0,0.0,0.0,349908611.35688287,0.0,0.0,0.0,0.0,11860357419.979687,True,True,True,True,True,False,A-H
moderate,42,2030-03-25,11860357419.979687,0.0,0.0,0.0,194586439.89951685,0.0,0.0,0.0,0.0,11665770980.08017,True,True,True,True,True,False,A-H
moderate,43,2030-04-25,11665770980.08017,0.0,0.0,0.0,234205195.8394433,0.0,0.0,0.0,0.0,11431565784.240726,True,True,True,True,True,False,A-H
moderate,44,2030-05-25,11431565784.240726,0.0,0.0,0.0,234708428.70016766,0.0,0.0,0.0,0.0,11196857355.540558,True,True,True,True,True,False,A-H
moderate,45,2030-06-25,11196857355.540558,0.0,0.0,0.0,260518659.16516036,0.0,0.0,0.0,0.0,10936338696.375397,True,True,True,True,True,False,A-H
moderate,46,2030-07-25,10936338696.375397,0.0,0.0,0.0,277984772.94269514,0.0,0.0,0.0,0.0,10658353923.432701,True,True,True,True,True,False,A-H
moderate,47,2030-08-25,10658353923.432701,0.0,0.0,0.0,286894972.8591505,0.0,0.0,0.0,0.0,10371458950.573551,True,True,True,True,True,False,A-H
moderate,48,2030-09-25,10371458950.573551,0.0,0.0,0.0,263767469.44623327,0.0,0.0,0.0,0.0,10107691481.127317,True,True,True,True,True,False,A-H
moderate,49,2030-10-25,10107691481.127317,0.0,0.0,0.0,241120163.87579805,0.0,0.0,0.0,0.0,9866571317.25152,False,True,True,False,True,False,A-H
moderate,50,2030-11-25,9866571317.25152,0.0,0.0,0.0,233713603.3449465,0.0,0.0,0.0,0.0,9632857713.906574,True,True,True,True,True,False,A-H
moderate,51,2030-12-25,9632857713.906574,0.0,0.0,0.0,230931230.2294407,0.0,0.0,0.0,0.0,9401926483.677134,True,True,True,True,True,False,A-H
moderate,52,2031-01-25,9401926483.677134,0.0,0.0,0.0,197801386.1716185,0.0,0.0,0.0,0.0,9204125097.505514,True,True,True,True,True,False,A-H
moderate,53,2031-02-25,9204125097.505514,0.0,0.0,0.0,9204125097.505514,0.0,0.0,0.0,0.0,0.0,True,True,True,True,True,True,A-H
moderate,1,2026-10-25,203476250.0,769867.65259375,0.0,769867.65259375,10346250.000241492,0.0,0.0,0.0,0.0,193129999.9997585,True,True,True,True,True,False,A-1
moderate,2,2026-11-25,193129999.9997585,792092.1182282317,0.0,792092.1182282317,10346250.000241492,0.0,0.0,0.0,0.0,182783749.99951702,True,True,True,True,True,False,A-1
moderate,3,2026-12-25,182783749.99951702,752606.2324038239,0.0,752606.2324038239,10346250.000241492,0.0,0.0,0.0,0.0,172437499.99927554,True,True,True,True,True,False,A-1
moderate,4,2027-01-25,172437499.99927554,757351.0019505507,0.0,757351.0019505507,10346250.000241492,0.0,0.0,0.0,0.0,162091249.99903405,True,True,True,True,True,False,A-1
moderate,5,2027-02-25,162091249.99903405,730077.2408850697,0.0,730077.2408850697,10346250.000241494,0.0,0.0,0.0,0.0,151744999.99879256,True,True,True,True,True,False,A-1
moderate,6,2027-03-25,151744999.99879256,640133.5037067453,0.0,640133.5037067453,4138500.000096597,0.0,0.0,0.0,0.0,147606499.99869597,True,True,True,True,True,False,A-1
moderate,7,2027-04-25,147606499.99869597,702731.9768859164,0.0,702731.9768859164,4138500.000096597,0.0,0.0,0.0,0.0,143467999.99859938,True,True,True,True,True,False,A-1
moderate,8,2027-05-25,143467999.99859938,676450.873959796,0.0,676450.873959796,4138500.000096597,0.0,0.0,0.0,0.0,139329499.9985028,True,True,True,True,True,False,A-1
moderate,9,2027-06-25,139329499.9985028,696859.5322835565,0.0,696859.5322835565,4138500.000096597,0.0,0.0,0.0,0.0,135190999.9984062,True,True,True,True,True,False,A-1
moderate,10,2027-07-25,135190999.9984062,655934.3901805587,0.0,655934.3901805587,4138500.0000965972,0.0,0.0,0.0,0.0,131052499.9983096,False,True,True,False,True,False,A-1
moderate,11,2027-08-25,131052499.9983096,657193.4495870273,0.0,657193.4495870273,4138500.000096597,0.0,0.0,0.0,0.0,126913999.998213,False,True,True,False,True,False,A-1
moderate,12,2027-09-25,126913999.998213,635825.4041240813,0.0,635825.4041240813,4138500.000096597,0.0,0.0,0.0,0.0,122775499.9981164,False,True,True,False,True,False,A-1
moderate,13,2027-10-25,122775499.9981164,594942.8608244266,0.0,594942.8608244266,4138500.0000965972,0.0,0.0,0.0,0.0,118636999.9980198,False,True,True,False,True,False,A-1
moderate,14,2027-11-25,118636999.9980198,593976.8186225933,0.0,593976.8186225933,4138500.0000965972,0.0,0.0,0.0,0.0,114498499.9979232,True,True,True,True,True,False,A-1
moderate,15,2027-12-25,114498499.9979232,555828.8787351599,0.0,555828.8787351599,4138500.000096597,0.0,0.0,0.0,0.0,110359999.9978266,True,True,True,True,True,False,A-1
moderate,16,2028-01-25,110359999.9978266,554095.6322847878,0.0,554095.6322847878,4138500.000096597,0.0,0.0,0.0,0.0,106221499.99773002,True,True,True,True,True,False,A-1
moderate,17,2028-02-25,106221499.99773002,532951.5635029059,0.0,532951.5635029059,4138500.000096597,0.0,0.0,0.0,0.0,102082999.99763343,True,True,True,True,True,False,A-1
moderate,18,2028-03-25,102082999.99763343,478911.9915790005,0.0,478911.9915790005,4138500.0000965977,0.0,0.0,0.0,0.0,97944499.99753682,True,True,True,True,True,False,A-1
moderate,19,2028-04-25,97944499.99753682,491394.4776541142,0.0,491394.4776541142,4138500.000096597,0.0,0.0,0.0,0.0,93805999.99744022,True,True,True,True,True,False,A-1
moderate,20,2028-05-25,93805999.99744022,455592.6922899344,0.0,455592.6922899344,4138500.0000965972,0.0,0.0,0.0,0.0,89667499.99734361,True,True,True,True,True,False,A-1
moderate,21,2028-06-25,89667499.99734361,442786.65305150964,0.0,442786.65305150964,4138500.0000965972,0.0,0.0,0.0,0.0,85528999.99724701,False,True,True,False,True,False,A-1
moderate,22,2028-07-25,85528999.99724701,396418.58446264017,0.0,396418.58446264017,4138500.0000965972,0.0,0.0,0.0,0.0,81390499.9971504,True,True,True,True,True,False,A-1
moderate,23,2028-08-25,81390499.9971504,381720.222478717,0.0,381720.222478717,4138500.0000965963,0.0,0.0,0.0,0.0,77251999.99705382,True,True,True,True,True,False,A-1
moderate,24,2028-09-25,77251999.99705382,346724.8314561257,0.0,346724.8314561257,4138500.0000965972,0.0,0.0,0.0,0.0,73113499.99695721,False,True,True,False,True,False,A-1
moderate,25,2028-10-25,73113499.99695721,302836.3783681593,0.0,302836.3783681593,4138500.0000965972,0.0,0.0,0.0,0.0,68974999.99686061,True,True,True,True,True,False,A-1
moderate,26,2028-11-25,68974999.99686061,278682.3456490102,0.0,278682.3456490102,4138500.000096597,0.0,0.0,0.0,0.0,64836499.99676401,True,True,True,True,True,False,A-1
moderate,27,2028-12-25,64836499.99676401,223354.18633508155,0.0,223354.18633508155,4138500.0000965977,0.0,0.0,0.0,0.0,60697999.996667415,True,True,True,True,True,False,A-1
moderate,28,2029-01-25,60697999.996667415,179276.94602262691,0.0,179276.94602262691,4138500.0000965972,0.0,0.0,0.0,0.0,56559499.99657082,False,True,True,False,True,False,A-1
moderate,29,2029-02-25,56559499.99657082,148012.99341258575,0.0,148012.99341258575,4138500.000096597,0.0,0.0,0.0,0.0,52420999.99647422,True,True,True,True,True,False,A-1
moderate,30,2029-03-25,52420999.99647422,111168.65180747403,0.0,111168.65180747403,52420999.99647422,0.0,0.0,0.0,0.0,0.0,True,True,True,True,True,False,A-1
moderate,31,2029-04-25,0.0,0.0,0.0,0.0,0.0,0.0,0.0,0.0,0.0,0.0,True,True,True,True,True,False,A-1
moderate,32,2029-05-25,0.0,0.0,0.0,0.0,0.0,0.0,0.0,0.0,0.0,0.0,False,True,True,False,True,False,A-1
moderate,33,2029-06-25,0.0,0.0,0.0,0.0,0.0,0.0,0.0,0.0,0.0,0.0,True,True,True,True,True,False,A-1
moderate,34,2029-07-25,0.0,0.0,0.0,0.0,0.0,0.0,0.0,0.0,0.0,0.0,True,True,True,True,True,False,A-1
moderate,35,2029-08-25,0.0,0.0,0.0,0.0,0.0,0.0,0.0,0.0,0.0,0.0,False,True,True,False,True,False,A-1
moderate,36,2029-09-25,0.0,0.0,0.0,0.0,0.0,0.0,0.0,0.0,0.0,0.0,True,True,True,True,True,False,A-1
moderate,37,2029-10-25,0.0,0.0,0.0,0.0,0.0,0.0,0.0,0.0,0.0,0.0,True,True,True,True,True,False,A-1
moderate,38,2029-11-25,0.0,0.0,0.0,0.0,0.0,0.0,0.0,0.0,0.0,0.0,True,True,True,True,True,False,A-1
moderate,39,2029-12-25,0.0,0.0,0.0,0.0,0.0,0.0,0.0,0.0,0.0,0.0,False,True,True,False,True,False,A-1
moderate,40,2030-01-25,0.0,0.0,0.0,0.0,0.0,0.0,0.0,0.0,0.0,0.0,True,True,True,True,True,False,A-1
moderate,41,2030-02-25,0.0,0.0,0.0,0.0,0.0,0.0,0.0,0.0,0.0,0.0,True,True,True,True,True,False,A-1
moderate,42,2030-03-25,0.0,0.0,0.0,0.0,0.0,0.0,0.0,0.0,0.0,0.0,True,True,True,True,True,False,A-1
moderate,43,2030-04-25,0.0,0.0,0.0,0.0,0.0,0.0,0.0,0.0,0.0,0.0,True,True,True,True,True,False,A-1
moderate,44,2030-05-25,0.0,0.0,0.0,0.0,0.0,0.0,0.0,0.0,0.0,0.0,True,True,True,True,True,False,A-1
moderate,45,2030-06-25,0.0,0.0,0.0,0.0,0.0,0.0,0.0,0.0,0.0,0.0,True,True,True,True,True,False,A-1
moderate,46,2030-07-25,0.0,0.0,0.0,0.0,0.0,0.0,0.0,0.0,0.0,0.0,True,True,True,True,True,False,A-1
moderate,47,2030-08-25,0.0,0.0,0.0,0.0,0.0,0.0,0.0,0.0,0.0,0.0,True,True,True,True,True,False,A-1
moderate,48,2030-09-25,0.0,0.0,0.0,0.0,0.0,0.0,0.0,0.0,0.0,0.0,True,True,True,True,True,False,A-1
moderate,49,2030-10-25,0.0,0.0,0.0,0.0,0.0,0.0,0.0,0.0,0.0,0.0,False,True,True,False,True,False,A-1
moderate,50,2030-11-25,0.0,0.0,0.0,0.0,0.0,0.0,0.0,0.0,0.0,0.0,True,True,True,True,True,False,A-1
moderate,51,2030-12-25,0.0,0.0,0.0,0.0,0.0,0.0,0.0,0.0,0.0,0.0,True,True,True,True,True,False,A-1
moderate,52,2031-01-25,0.0,0.0,0.0,0.0,0.0,0.0,0.0,0.0,0.0,0.0,True,True,True,True,True,False,A-1
moderate,53,2031-02-25,0.0,0.0,0.0,0.0,0.0,0.0,0.0,0.0,0.0,0.0,True,True,True,True,True,True,A-1
moderate,1,2026-10-25,10737765.47,0.0,0.0,0.0,545988.0747585067,0.0,0.0,0.0,0.0,10191777.395241493,True,True,True,True,True,False,A-1H
moderate,2,2026-11-25,10191777.395241493,0.0,0.0,0.0,545988.0747585066,0.0,0.0,0.0,0.0,9645789.320482986,True,True,True,True,True,False,A-1H
moderate,3,2026-12-25,9645789.320482986,0.0,0.0,0.0,545988.0747585066,0.0,0.0,0.0,0.0,9099801.245724479,True,True,True,True,True,False,A-1H
moderate,4,2027-01-25,9099801.245724479,0.0,0.0,0.0,545988.0747585066,0.0,0.0,0.0,0.0,8553813.170965971,True,True,True,True,True,False,A-1H
moderate,5,2027-02-25,8553813.170965971,0.0,0.0,0.0,545988.0747585065,0.0,0.0,0.0,0.0,8007825.096207465,True,True,True,True,True,False,A-1H
moderate,6,2027-03-25,8007825.096207465,0.0,0.0,0.0,218395.22990340256,0.0,0.0,0.0,0.0,7789429.866304062,True,True,True,True,True,False,A-1H
moderate,7,2027-04-25,7789429.866304062,0.0,0.0,0.0,218395.22990340256,0.0,0.0,0.0,0.0,7571034.63640066,True,True,True,True,True,False,A-1H
moderate,8,2027-05-25,7571034.63640066,0.0,0.0,0.0,218395.22990340253,0.0,0.0,0.0,0.0,7352639.406497257,True,True,True,True,True,False,A-1H
moderate,9,2027-06-25,7352639.406497257,0.0,0.0,0.0,218395.2299034025,0.0,0.0,0.0,0.0,7134244.176593854,True,True,True,True,True,False,A-1H
moderate,10,2027-07-25,7134244.176593854,0.0,0.0,0.0,218395.22990340253,0.0,0.0,0.0,0.0,6915848.946690451,False,True,True,False,True,False,A-1H
moderate,11,2027-08-25,6915848.946690451,0.0,0.0,0.0,218395.2299034025,0.0,0.0,0.0,0.0,6697453.716787049,False,True,True,False,True,False,A-1H
moderate,12,2027-09-25,6697453.716787049,0.0,0.0,0.0,218395.22990340253,0.0,0.0,0.0,0.0,6479058.486883646,False,True,True,False,True,False,A-1H
moderate,13,2027-10-25,6479058.486883646,0.0,0.0,0.0,218395.2299034025,0.0,0.0,0.0,0.0,6260663.256980243,False,True,True,False,True,False,A-1H
moderate,14,2027-11-25,6260663.256980243,0.0,0.0,0.0,218395.22990340253,0.0,0.0,0.0,0.0,6042268.02707684,True,True,True,True,True,False,A-1H
moderate,15,2027-12-25,6042268.02707684,0.0,0.0,0.0,218395.2299034025,0.0,0.0,0.0,0.0,5823872.797173438,True,True,True,True,True,False,A-1H
moderate,16,2028-01-25,5823872.797173438,0.0,0.0,0.0,218395.2299034025,0.0,0.0,0.0,0.0,5605477.567270035,True,True,True,True,True,False,A-1H
moderate,17,2028-02-25,5605477.567270035,0.0,0.0,0.0,218395.22990340245,0.0,0.0,0.0,0.0,5387082.337366632,True,True,True,True,True,False,A-1H
moderate,18,2028-03-25,5387082.337366632,0.0,0.0,0.0,218395.22990340248,0.0,0.0,0.0,0.0,5168687.107463229,True,True,True,True,True,False,A-1H
moderate,19,2028-04-25,5168687.107463229,0.0,0.0,0.0,218395.22990340245,0.0,0.0,0.0,0.0,4950291.877559827,True,True,True,True,True,False,A-1H
moderate,20,2028-05-25,4950291.877559827,0.0,0.0,0.0,218395.22990340248,0.0,0.0,0.0,0.0,4731896.647656424,True,True,True,True,True,False,A-1H
moderate,21,2028-06-25,4731896.647656424,0.0,0.0,0.0,218395.22990340245,0.0,0.0,0.0,0.0,4513501.417753021,False,True,True,False,True,False,A-1H
moderate,22,2028-07-25,4513501.417753021,0.0,0.0,0.0,218395.22990340248,0.0,0.0,0.0,0.0,4295106.1878496185,True,True,True,True,True,False,A-1H
moderate,23,2028-08-25,4295106.1878496185,0.0,0.0,0.0,218395.22990340245,0.0,0.0,0.0,0.0,4076710.957946216,True,True,True,True,True,False,A-1H
moderate,24,2028-09-25,4076710.957946216,0.0,0.0,0.0,218395.22990340248,0.0,0.0,0.0,0.0,3858315.728042814,False,True,True,False,True,False,A-1H
moderate,25,2028-10-25,3858315.728042814,0.0,0.0,0.0,218395.22990340248,0.0,0.0,0.0,0.0,3639920.4981394117,True,True,True,True,True,False,A-1H
moderate,26,2028-11-25,3639920.4981394117,0.0,0.0,0.0,218395.2299034025,0.0,0.0,0.0,0.0,3421525.2682360094,True,True,True,True,True,False,A-1H
moderate,27,2028-12-25,3421525.2682360094,0.0,0.0,0.0,218395.22990340253,0.0,0.0,0.0,0.0,3203130.0383326067,True,True,True,True,True,False,A-1H
moderate,28,2029-01-25,3203130.0383326067,0.0,0.0,0.0,218395.2299034025,0.0,0.0,0.0,0.0,2984734.808429204,False,True,True,False,True,False,A-1H
moderate,29,2029-02-25,2984734.808429204,0.0,0.0,0.0,218395.22990340248,0.0,0.0,0.0,0.0,2766339.5785258017,True,True,True,True,True,False,A-1H
moderate,30,2029-03-25,2766339.5785258017,0.0,0.0,0.0,2766339.5785258017,0.0,0.0,0.0,0.0,0.0,True,True,True,True,True,False,A-1H
moderate,31,2029-04-25,0.0,0.0,0.0,0.0,0.0,0.0,0.0,0.0,0.0,0.0,True,True,True,True,True,False,A-1H
moderate,32,2029-05-25,0.0,0.0,0.0,0.0,0.0,0.0,0.0,0.0,0.0,0.0,False,True,True,False,True,False,A-1H
moderate,33,2029-06-25,0.0,0.0,0.0,0.0,0.0,0.0,0.0,0.0,0.0,0.0,True,True,True,True,True,False,A-1H
moderate,34,2029-07-25,0.0,0.0,0.0,0.0,0.0,0.0,0.0,0.0,0.0,0.0,True,True,True,True,True,False,A-1H
moderate,35,2029-08-25,0.0,0.0,0.0,0.0,0.0,0.0,0.0,0.0,0.0,0.0,False,True,True,False,True,False,A-1H
moderate,36,2029-09-25,0.0,0.0,0.0,0.0,0.0,0.0,0.0,0.0,0.0,0.0,True,True,True,True,True,False,A-1H
moderate,37,2029-10-25,0.0,0.0,0.0,0.0,0.0,0.0,0.0,0.0,0.0,0.0,True,True,True,True,True,False,A-1H
moderate,38,2029-11-25,0.0,0.0,0.0,0.0,0.0,0.0,0.0,0.0,0.0,0.0,True,True,True,True,True,False,A-1H
moderate,39,2029-12-25,0.0,0.0,0.0,0.0,0.0,0.0,0.0,0.0,0.0,0.0,False,True,True,False,True,False,A-1H
moderate,40,2030-01-25,0.0,0.0,0.0,0.0,0.0,0.0,0.0,0.0,0.0,0.0,True,True,True,True,True,False,A-1H
moderate,41,2030-02-25,0.0,0.0,0.0,0.0,0.0,0.0,0.0,0.0,0.0,0.0,True,True,True,True,True,False,A-1H
moderate,42,2030-03-25,0.0,0.0,0.0,0.0,0.0,0.0,0.0,0.0,0.0,0.0,True,True,True,True,True,False,A-1H
moderate,43,2030-04-25,0.0,0.0,0.0,0.0,0.0,0.0,0.0,0.0,0.0,0.0,True,True,True,True,True,False,A-1H
moderate,44,2030-05-25,0.0,0.0,0.0,0.0,0.0,0.0,0.0,0.0,0.0,0.0,True,True,True,True,True,False,A-1H
moderate,45,2030-06-25,0.0,0.0,0.0,0.0,0.0,0.0,0.0,0.0,0.0,0.0,True,True,True,True,True,False,A-1H
moderate,46,2030-07-25,0.0,0.0,0.0,0.0,0.0,0.0,0.0,0.0,0.0,0.0,True,True,True,True,True,False,A-1H
moderate,47,2030-08-25,0.0,0.0,0.0,0.0,0.0,0.0,0.0,0.0,0.0,0.0,True,True,True,True,True,False,A-1H
moderate,48,2030-09-25,0.0,0.0,0.0,0.0,0.0,0.0,0.0,0.0,0.0,0.0,True,True,True,True,True,False,A-1H
moderate,49,2030-10-25,0.0,0.0,0.0,0.0,0.0,0.0,0.0,0.0,0.0,0.0,False,True,True,False,True,False,A-1H
moderate,50,2030-11-25,0.0,0.0,0.0,0.0,0.0,0.0,0.0,0.0,0.0,0.0,True,True,True,True,True,False,A-1H
moderate,51,2030-12-25,0.0,0.0,0.0,0.0,0.0,0.0,0.0,0.0,0.0,0.0,True,True,True,True,True,False,A-1H
moderate,52,2031-01-25,0.0,0.0,0.0,0.0,0.0,0.0,0.0,0.0,0.0,0.0,True,True,True,True,True,False,A-1H
moderate,53,2031-02-25,0.0,0.0,0.0,0.0,0.0,0.0,0.0,0.0,0.0,0.0,True,True,True,True,True,True,A-1H
moderate,1,2026-10-25,157810518.32,616814.246642594,0.0,616814.246642594,5724466.039348767,0.0,0.0,0.0,0.0,152086052.2806512,True,True,True,True,True,False,M-1
moderate,2,2026-11-25,152086052.2806512,643401.313246909,0.0,643401.313246909,5225223.108773989,0.0,0.0,0.0,0.0,146860829.17187724,True,True,True,True,True,False,M-1
moderate,3,2026-12-25,146860829.17187724,623052.3608721142,0.0,623052.3608721142,4935282.182334518,0.0,0.0,0.0,0.0,141925546.98954272,True,True,True,True,True,False,M-1
moderate,4,2027-01-25,141925546.98954272,641673.5806080973,0.0,641673.5806080973,4424562.746965369,0.0,0.0,0.0,0.0,137500984.24257734,True,True,True,True,True,False,M-1
moderate,5,2027-02-25,137500984.24257734,637080.4589408623,0.0,637080.4589408623,4225381.837251565,0.0,0.0,0.0,0.0,133275602.40532579,True,True,True,True,True,False,M-1
moderate,6,2027-03-25,133275602.40532579,577769.5084550402,0.0,577769.5084550402,4069992.3788462398,0.0,0.0,0.0,0.0,129205610.02647954,True,True,True,True,True,False,M-1
moderate,7,2027-04-25,129205610.02647954,631817.2112575833,0.0,631817.2112575833,3945711.689247583,0.0,0.0,0.0,0.0,125259898.33723196,True,True,True,True,True,False,M-1
moderate,8,2027-05-25,125259898.33723196,606257.2566007314,0.0,606257.2566007314,4276267.278394465,0.0,0.0,0.0,0.0,120983631.0588375,True,True,True,True,True,False,M-1
moderate,9,2027-06-25,120983631.0588375,620729.3211003443,0.0,620729.3211003443,4511336.362407512,0.0,0.0,0.0,0.0,116472294.69643,True,True,True,True,True,False,M-1
moderate,10,2027-07-25,116472294.69643,579671.9777542287,0.0,579671.9777542287,0.0,0.0,0.0,0.0,0.0,116472294.69643,False,True,True,False,True,False,M-1
moderate,11,2027-08-25,116472294.69643,599121.9339433324,0.0,599121.9339433324,0.0,0.0,0.0,0.0,0.0,116472294.69643,False,True,True,False,True,False,M-1
moderate,12,2027-09-25,116472294.69643,598557.9287299683,0.0,598557.9287299683,0.0,0.0,0.0,0.0,0.0,116472294.69643,False,True,True,False,True,False,M-1
moderate,13,2027-10-25,116472294.69643,578957.9618224365,0.0,578957.9618224365,0.0,0.0,0.0,0.0,0.0,116472294.69643,False,True,True,False,True,False,M-1
moderate,14,2027-11-25,116472294.69643,598183.1822924172,0.0,598183.1822924172,4627700.937366691,0.0,0.0,0.0,0.0,111844593.7590633,True,True,True,True,True,False,M-1
moderate,15,2027-12-25,111844593.7590633,556926.159907182,0.0,556926.159907182,5018456.187882233,0.0,0.0,0.0,0.0,106826137.57118107,True,True,True,True,True,False,M-1
moderate,16,2028-01-25,106826137.57118107,550151.187295505,0.0,550151.187295505,4879103.190768122,0.0,0.0,0.0,0.0,101947034.38041295,True,True,True,True,True,False,M-1
moderate,17,2028-02-25,101947034.38041295,524673.1869556546,0.0,524673.1869556546,4564604.108718759,0.0,0.0,0.0,0.0,97382430.2716942,True,True,True,True,True,False,M-1
moderate,18,2028-03-25,97382430.2716942,468626.7913856728,0.0,468626.7913856728,3739979.409214021,0.0,0.0,0.0,0.0,93642450.86248018,True,True,True,True,True,False,M-1
moderate,19,2028-04-25,93642450.86248018,481906.2763792216,0.0,481906.2763792216,3673767.015290776,0.0,0.0,0.0,0.0,89968683.8471894,True,True,True,True,True,False,M-1
moderate,20,2028-05-25,89968683.8471894,448201.87612159824,0.0,448201.87612159824,3809288.2593281977,0.0,0.0,0.0,0.0,86159395.5878612,True,True,True,True,True,False,M-1
moderate,21,2028-06-25,86159395.5878612,436592.22136880574,0.0,436592.22136880574,0.0,0.0,0.0,0.0,0.0,86159395.5878612,False,True,True,False,True,False,M-1
moderate,22,2028-07-25,86159395.5878612,410110.33107308904,0.0,410110.33107308904,4125948.864855634,0.0,0.0,0.0,0.0,82033446.72300556,True,True,True,True,True,False,M-1
moderate,23,2028-08-25,82033446.72300556,395331.61983412754,0.0,395331.61983412754,4527657.972592396,0.0,0.0,0.0,0.0,77505788.75041316,True,True,True,True,True,False,M-1
moderate,24,2028-09-25,77505788.75041316,357875.05842036376,0.0,357875.05842036376,0.0,0.0,0.0,0.0,0.0,77505788.75041316,False,True,True,False,True,False,M-1
moderate,25,2028-10-25,77505788.75041316,330717.47768120776,0.0,330717.47768120776,6607440.495007397,0.0,0.0,0.0,0.0,70898348.25540577,True,True,True,True,True,False,M-1
moderate,26,2028-11-25,70898348.25540577,295611.0269169928,0.0,295611.0269169928,5542273.79847008,0.0,0.0,0.0,0.0,65356074.45693569,True,True,True,True,True,False,M-1
moderate,27,2028-12-25,65356074.45693569,233313.56910541642,0.0,233313.56910541642,5200907.36179378,0.0,0.0,0.0,0.0,60155167.09514191,True,True,True,True,True,False,M-1
moderate,28,2029-01-25,60155167.09514191,185443.6831441564,0.0,185443.6831441564,0.0,0.0,0.0,0.0,0.0,60155167.09514191,False,True,True,False,True,False,M-1
moderate,29,2029-02-25,60155167.09514191,165192.69204253217,0.0,165192.69204253217,4817915.00650528,0.0,0.0,0.0,0.0,55337252.08863663,True,True,True,True,True,False,M-1
moderate,30,2029-03-25,55337252.08863663,123809.12904893023,0.0,123809.12904893023,3901286.7928328114,0.0,0.0,0.0,0.0,51435965.295803815,True,True,True,True,True,False,M-1
moderate,31,2029-04-25,51435965.295803815,119857.4062505904,0.0,119857.4062505904,3655166.040940051,0.0,0.0,0.0,0.0,47780799.25486376,True,True,True,True,True,False,M-1
moderate,32,2029-05-25,47780799.25486376,108246.9475906476,0.0,108246.9475906476,0.0,0.0,0.0,0.0,0.0,47780799.25486376,False,True,True,False,True,False,M-1
moderate,33,2029-06-25,47780799.25486376,111844.51985140385,0.0,111844.51985140385,4635826.498209272,0.0,0.0,0.0,0.0,43144972.756654486,True,True,True,True,True,False,M-1
moderate,34,2029-07-25,43144972.756654486,95060.1553581796,0.0,95060.1553581796,4056344.2182873655,0.0,0.0,0.0,0.0,39088628.53836712,True,True,True,True,True,False,M-1
moderate,35,2029-08-25,39088628.53836712,73536.3704011481,0.0,73536.3704011481,0.0,0.0,0.0,0.0,0.0,39088628.53836712,False,True,True,False,True,False,M-1
moderate,36,2029-09-25,39088628.53836712,48363.277053204365,0.0,48363.277053204365,9667773.200854057,0.0,0.0,0.0,0.0,29420855.337513067,True,True,True,True,True,False,M-1
moderate,37,2029-10-25,29420855.337513067,26209.67366663376,0.0,26209.67366663376,11916024.235210255,0.0,0.0,0.0,0.0,17504831.102302812,True,True,True,True,True,False,M-1
moderate,38,2029-11-25,17504831.102302812,15081.754858302074,0.0,15081.754858302074,10595497.76104923,0.0,0.0,0.0,0.0,6909333.341253582,True,True,True,True,True,False,M-1
moderate,39,2029-12-25,6909333.341253582,5757.777784377985,0.0,5757.777784377985,0.0,0.0,0.0,0.0,0.0,6909333.341253582,False,True,True,False,True,False,M-1
moderate,40,2030-01-25,6909333.341253582,5949.703710523918,0.0,5949.703710523918,6909333.341253582,0.0,0.0,0.0,0.0,0.0,True,True,True,True,True,False,M-1
moderate,41,2030-02-25,0.0,0.0,0.0,0.0,0.0,0.0,0.0,0.0,0.0,0.0,True,True,True,True,True,False,M-1
moderate,42,2030-03-25,0.0,0.0,0.0,0.0,0.0,0.0,0.0,0.0,0.0,0.0,True,True,True,True,True,False,M-1
moderate,43,2030-04-25,0.0,0.0,0.0,0.0,0.0,0.0,0.0,0.0,0.0,0.0,True,True,True,True,True,False,M-1
moderate,44,2030-05-25,0.0,0.0,0.0,0.0,0.0,0.0,0.0,0.0,0.0,0.0,True,True,True,True,True,False,M-1
moderate,45,2030-06-25,0.0,0.0,0.0,0.0,0.0,0.0,0.0,0.0,0.0,0.0,True,True,True,True,True,False,M-1
moderate,46,2030-07-25,0.0,0.0,0.0,0.0,0.0,0.0,0.0,0.0,0.0,0.0,True,True,True,True,True,False,M-1
moderate,47,2030-08-25,0.0,0.0,0.0,0.0,0.0,0.0,0.0,0.0,0.0,0.0,True,True,True,True,True,False,M-1
moderate,48,2030-09-25,0.0,0.0,0.0,0.0,0.0,0.0,0.0,0.0,0.0,0.0,True,True,True,True,True,False,M-1
moderate,49,2030-10-25,0.0,0.0,0.0,0.0,0.0,0.0,0.0,0.0,0.0,0.0,False,True,True,False,True,False,M-1
moderate,50,2030-11-25,0.0,0.0,0.0,0.0,0.0,0.0,0.0,0.0,0.0,0.0,True,True,True,True,True,False,M-1
moderate,51,2030-12-25,0.0,0.0,0.0,0.0,0.0,0.0,0.0,0.0,0.0,0.0,True,True,True,True,True,False,M-1
moderate,52,2031-01-25,0.0,0.0,0.0,0.0,0.0,0.0,0.0,0.0,0.0,0.0,True,True,True,True,True,False,M-1
moderate,53,2031-02-25,0.0,0.0,0.0,0.0,0.0,0.0,0.0,0.0,0.0,0.0,True,True,True,True,True,True,M-1
moderate,1,2026-10-25,8327912.15,0.0,0.0,0.0,302089.1813097429,0.0,0.0,0.0,0.0,8025822.9686902575,True,True,True,True,True,False,M-1H
moderate,2,2026-11-25,8025822.9686902575,0.0,0.0,0.0,275743.33749910013,0.0,0.0,0.0,0.0,7750079.631191158,True,True,True,True,True,False,M-1H
moderate,3,2026-12-25,7750079.631191158,0.0,0.0,0.0,260442.6934749717,0.0,0.0,0.0,0.0,7489636.937716186,True,True,True,True,True,False,M-1H
moderate,4,2027-01-25,7489636.937716186,0.0,0.0,0.0,233491.21624563128,0.0,0.0,0.0,0.0,7256145.721470554,True,True,True,True,True,False,M-1H
moderate,5,2027-02-25,7256145.721470554,0.0,0.0,0.0,222980.1227157939,0.0,0.0,0.0,0.0,7033165.598754761,True,True,True,True,True,False,M-1H
moderate,6,2027-03-25,7033165.598754761,0.0,0.0,0.0,214779.97374973077,0.0,0.0,0.0,0.0,6818385.62500503,True,True,True,True,True,False,M-1H
moderate,7,2027-04-25,6818385.62500503,0.0,0.0,0.0,208221.48401192817,0.0,0.0,0.0,0.0,6610164.1409931015,True,True,True,True,True,False,M-1H
moderate,8,2027-05-25,6610164.1409931015,0.0,0.0,0.0,225665.42841064473,0.0,0.0,0.0,0.0,6384498.712582457,True,True,True,True,True,False,M-1H
moderate,9,2027-06-25,6384498.712582457,0.0,0.0,0.0,238070.39800127767,0.0,0.0,0.0,0.0,6146428.314581179,True,True,True,True,True,False,M-1H
moderate,10,2027-07-25,6146428.314581179,0.0,0.0,0.0,0.0,0.0,0.0,0.0,0.0,6146428.314581179,False,True,True,False,True,False,M-1H
moderate,11,2027-08-25,6146428.314581179,0.0,0.0,0.0,0.0,0.0,0.0,0.0,0.0,6146428.314581179,False,True,True,False,True,False,M-1H
moderate,12,2027-09-25,6146428.314581179,0.0,0.0,0.0,0.0,0.0,0.0,0.0,0.0,6146428.314581179,False,True,True,False,True,False,M-1H
moderate,13,2027-10-25,6146428.314581179,0.0,0.0,0.0,0.0,0.0,0.0,0.0,0.0,6146428.314581179,False,True,True,False,True,False,M-1H
moderate,14,2027-11-25,6146428.314581179,0.0,0.0,0.0,244211.1417739272,0.0,0.0,0.0,0.0,5902217.172807252,True,True,True,True,True,False,M-1H
moderate,15,2027-12-25,5902217.172807252,0.0,0.0,0.0,264831.9180890143,0.0,0.0,0.0,0.0,5637385.254718238,True,True,True,True,True,False,M-1H
moderate,16,2028-01-25,5637385.254718238,0.0,0.0,0.0,257478.0387015055,0.0,0.0,0.0,0.0,5379907.216016732,True,True,True,True,True,False,M-1H
moderate,17,2028-02-25,5379907.216016732,0.0,0.0,0.0,240881.42173043767,0.0,0.0,0.0,0.0,5139025.794286295,True,True,True,True,True,False,M-1H
moderate,18,2028-03-25,5139025.794286295,0.0,0.0,0.0,197364.66424618528,0.0,0.0,0.0,0.0,4941661.130040109,True,True,True,True,True,False,M-1H
moderate,19,2028-04-25,4941661.130040109,0.0,0.0,0.0,193870.5308658243,0.0,0.0,0.0,0.0,4747790.599174285,True,True,True,True,True,False,M-1H
moderate,20,2028-05-25,4747790.599174285,0.0,0.0,0.0,201022.20254662965,0.0,0.0,0.0,0.0,4546768.396627655,True,True,True,True,True,False,M-1H
moderate,21,2028-06-25,4546768.396627655,0.0,0.0,0.0,0.0,0.0,0.0,0.0,0.0,4546768.396627655,False,True,True,False,True,False,M-1H
moderate,22,2028-07-25,4546768.396627655,0.0,0.0,0.0,217732.88655091682,0.0,0.0,0.0,0.0,4329035.510076739,True,True,True,True,True,False,M-1H
moderate,23,2028-08-25,4329035.510076739,0.0,0.0,0.0,238931.7153406621,0.0,0.0,0.0,0.0,4090103.7947360766,True,True,True,True,True,False,M-1H
moderate,24,2028-09-25,4090103.7947360766,0.0,0.0,0.0,0.0,0.0,0.0,0.0,0.0,4090103.7947360766,False,True,True,False,True,False,M-1H
moderate,25,2028-10-25,4090103.7947360766,0.0,0.0,0.0,348685.14826872863,0.0,0.0,0.0,0.0,3741418.646467348,True,True,True,True,True,False,M-1H
moderate,26,2028-11-25,3741418.646467348,0.0,0.0,0.0,292474.60686564475,0.0,0.0,0.0,0.0,3448944.039601703,True,True,True,True,True,False,M-1H
moderate,27,2028-12-25,3448944.039601703,0.0,0.0,0.0,274460.1568412545,0.0,0.0,0.0,0.0,3174483.882760449,True,True,True,True,True,False,M-1H
moderate,28,2029-01-25,3174483.882760449,0.0,0.0,0.0,0.0,0.0,0.0,0.0,0.0,3174483.882760449,False,True,True,False,True,False,M-1H
moderate,29,2029-02-25,3174483.882760449,0.0,0.0,0.0,254249.04085913312,0.0,0.0,0.0,0.0,2920234.841901316,True,True,True,True,True,False,M-1H
moderate,30,2029-03-25,2920234.841901316,0.0,0.0,0.0,205877.1115419964,0.0,0.0,0.0,0.0,2714357.7303593196,True,True,True,True,True,False,M-1H
moderate,31,2029-04-25,2714357.7303593196,0.0,0.0,0.0,192888.92785262637,0.0,0.0,0.0,0.0,2521468.802506693,True,True,True,True,True,False,M-1H
moderate,32,2029-05-25,2521468.802506693,0.0,0.0,0.0,0.0,0.0,0.0,0.0,0.0,2521468.802506693,False,True,True,False,True,False,M-1H
moderate,33,2029-06-25,2521468.802506693,0.0,0.0,0.0,244639.94054847586,0.0,0.0,0.0,0.0,2276828.8619582173,True,True,True,True,True,False,M-1H
moderate,34,2029-07-25,2276828.8619582173,0.0,0.0,0.0,214059.7386009372,0.0,0.0,0.0,0.0,2062769.1233572802,True,True,True,True,True,False,M-1H
moderate,35,2029-08-25,2062769.1233572802,0.0,0.0,0.0,0.0,0.0,0.0,0.0,0.0,2062769.1233572802,False,True,True,False,True,False,M-1H
moderate,36,2029-09-25,2062769.1233572802,0.0,0.0,0.0,510183.7745667757,0.0,0.0,0.0,0.0,1552585.3487905045,True,True,True,True,True,False,M-1H
moderate,37,2029-10-25,1552585.3487905045,0.0,0.0,0.0,628827.5589265677,0.0,0.0,0.0,0.0,923757.7898639368,True,True,True,True,True,False,M-1H
moderate,38,2029-11-25,923757.7898639368,0.0,0.0,0.0,559141.27574573,0.0,0.0,0.0,0.0,364616.5141182068,True,True,True,True,True,False,M-1H
moderate,39,2029-12-25,364616.5141182068,0.0,0.0,0.0,0.0,0.0,0.0,0.0,0.0,364616.5141182068,False,True,True,False,True,False,M-1H
moderate,40,2030-01-25,364616.5141182068,0.0,0.0,0.0,364616.5141182068,0.0,0.0,0.0,0.0,0.0,True,True,True,True,True,False,M-1H
moderate,41,2030-02-25,0.0,0.0,0.0,0.0,0.0,0.0,0.0,0.0,0.0,0.0,True,True,True,True,True,False,M-1H
moderate,42,2030-03-25,0.0,0.0,0.0,0.0,0.0,0.0,0.0,0.0,0.0,0.0,True,True,True,True,True,False,M-1H
moderate,43,2030-04-25,0.0,0.0,0.0,0.0,0.0,0.0,0.0,0.0,0.0,0.0,True,True,True,True,True,False,M-1H
moderate,44,2030-05-25,0.0,0.0,0.0,0.0,0.0,0.0,0.0,0.0,0.0,0.0,True,True,True,True,True,False,M-1H
moderate,45,2030-06-25,0.0,0.0,0.0,0.0,0.0,0.0,0.0,0.0,0.0,0.0,True,True,True,True,True,False,M-1H
moderate,46,2030-07-25,0.0,0.0,0.0,0.0,0.0,0.0,0.0,0.0,0.0,0.0,True,True,True,True,True,False,M-1H
moderate,47,2030-08-25,0.0,0.0,0.0,0.0,0.0,0.0,0.0,0.0,0.0,0.0,True,True,True,True,True,False,M-1H
moderate,48,2030-09-25,0.0,0.0,0.0,0.0,0.0,0.0,0.0,0.0,0.0,0.0,True,True,True,True,True,False,M-1H
moderate,49,2030-10-25,0.0,0.0,0.0,0.0,0.0,0.0,0.0,0.0,0.0,0.0,False,True,True,False,True,False,M-1H
moderate,50,2030-11-25,0.0,0.0,0.0,0.0,0.0,0.0,0.0,0.0,0.0,0.0,True,True,True,True,True,False,M-1H
moderate,51,2030-12-25,0.0,0.0,0.0,0.0,0.0,0.0,0.0,0.0,0.0,0.0,True,True,True,True,True,False,M-1H
moderate,52,2031-01-25,0.0,0.0,0.0,0.0,0.0,0.0,0.0,0.0,0.0,0.0,True,True,True,True,True,False,M-1H
moderate,53,2031-02-25,0.0,0.0,0.0,0.0,0.0,0.0,0.0,0.0,0.0,0.0,True,True,True,True,True,True,M-1H
moderate,1,2026-10-25,37850000.0,157402.06375,0.0,157402.06375,0.0,0.0,0.0,0.0,0.0,37850000.0,True,True,True,True,True,False,M-2A
moderate,2,2026-11-25,37850000.0,169902.65750388885,0.0,169902.65750388885,0.0,0.0,0.0,0.0,0.0,37850000.0,True,True,True,True,True,False,M-2A
moderate,3,2026-12-25,37850000.0,170039.9119075,0.0,170039.9119075,0.0,0.0,0.0,0.0,0.0,37850000.0,True,True,True,True,True,False,M-2A
moderate,4,2027-01-25,37850000.0,180905.2826778472,0.0,180905.2826778472,0.0,0.0,0.0,0.0,0.0,37850000.0,True,True,True,True,True,False,M-2A
moderate,5,2027-02-25,37850000.0,185147.53677331947,0.0,185147.53677331947,0.0,0.0,0.0,0.0,0.0,37850000.0,True,True,True,True,True,False,M-2A
moderate,6,2027-03-25,37850000.0,172917.03188238887,0.0,172917.03188238887,0.0,0.0,0.0,0.0,0.0,37850000.0,True,True,True,True,True,False,M-2A
moderate,7,2027-04-25,37850000.0,194864.93758780556,0.0,194864.93758780556,0.0,0.0,0.0,0.0,0.0,37850000.0,True,True,True,True,True,False,M-2A
moderate,8,2027-05-25,37850000.0,192656.30318,0.0,192656.30318,0.0,0.0,0.0,0.0,0.0,37850000.0,True,True,True,True,True,False,M-2A
moderate,9,2027-06-25,37850000.0,203974.4753087361,0.0,203974.4753087361,0.0,0.0,0.0,0.0,0.0,37850000.0,True,True,True,True,True,False,M-2A
moderate,10,2027-07-25,37850000.0,197838.49461041667,0.0,197838.49461041667,0.0,0.0,0.0,0.0,0.0,37850000.0,False,True,True,False,True,False,M-2A
moderate,11,2027-08-25,37850000.0,204474.56327141664,0.0,204474.56327141664,0.0,0.0,0.0,0.0,0.0,37850000.0,False,True,True,False,True,False,M-2A
moderate,12,2027-09-25,37850000.0,204291.27850501388,0.0,204291.27850501388,0.0,0.0,0.0,0.0,0.0,37850000.0,False,True,True,False,True,False,M-2A
moderate,13,2027-10-25,37850000.0,197606.46086291666,0.0,197606.46086291666,0.0,0.0,0.0,0.0,0.0,37850000.0,False,True,True,False,True,False,M-2A
moderate,14,2027-11-25,37850000.0,204169.497160375,0.0,204169.497160375,0.0,0.0,0.0,0.0,0.0,37850000.0,True,True,True,True,True,False,M-2A
moderate,15,2027-12-25,37850000.0,197935.22312416666,0.0,197935.22312416666,0.0,0.0,0.0,0.0,0.0,37850000.0,True,True,True,True,True,False,M-2A
moderate,16,2028-01-25,37850000.0,204704.20448887502,0.0,204704.20448887502,0.0,0.0,0.0,0.0,0.0,37850000.0,True,True,True,True,True,False,M-2A
moderate,17,2028-02-25,37850000.0,204573.97176493058,0.0,204573.97176493058,0.0,0.0,0.0,0.0,0.0,37850000.0,True,True,True,True,True,False,M-2A
moderate,18,2028-03-25,37850000.0,191290.04284318056,0.0,191290.04284318056,0.0,0.0,0.0,0.0,0.0,37850000.0,True,True,True,True,True,False,M-2A
moderate,19,2028-04-25,37850000.0,204562.9996387083,0.0,204562.9996387083,0.0,0.0,0.0,0.0,0.0,37850000.0,True,True,True,True,True,False,M-2A
moderate,20,2028-05-25,37850000.0,198021.8996241667,0.0,198021.8996241667,0.0,0.0,0.0,0.0,0.0,37850000.0,True,True,True,True,True,False,M-2A
moderate,21,2028-06-25,37850000.0,201573.77904545836,0.0,201573.77904545836,0.0,0.0,0.0,0.0,0.0,37850000.0,False,True,True,False,True,False,M-2A
moderate,22,2028-07-25,37850000.0,189624.81340999997,0.0,189624.81340999997,0.0,0.0,0.0,0.0,0.0,37850000.0,True,True,True,True,True,False,M-2A
moderate,23,2028-08-25,37850000.0,192182.80648248614,0.0,192182.80648248614,0.0,0.0,0.0,0.0,0.0,37850000.0,True,True,True,True,True,False,M-2A
moderate,24,2028-09-25,37850000.0,184546.4233756389,0.0,184546.4233756389,0.0,0.0,0.0,0.0,0.0,37850000.0,False,True,True,False,True,False,M-2A
moderate,25,2028-10-25,37850000.0,170968.58531375,0.0,170968.58531375,0.0,0.0,0.0,0.0,0.0,37850000.0,True,True,True,True,True,False,M-2A
moderate,26,2028-11-25,37850000.0,167593.68592127776,0.0,167593.68592127776,0.0,0.0,0.0,0.0,0.0,37850000.0,True,True,True,True,True,False,M-2A
moderate,27,2028-12-25,37850000.0,144582.58889791666,0.0,144582.58889791666,0.0,0.0,0.0,0.0,0.0,37850000.0,True,True,True,True,True,False,M-2A
moderate,28,2029-01-25,37850000.0,126460.21921775,0.0,126460.21921775,0.0,0.0,0.0,0.0,0.0,37850000.0,False,True,True,False,True,False,M-2A
moderate,29,2029-02-25,37850000.0,113718.17144013892,0.0,113718.17144013892,0.0,0.0,0.0,0.0,0.0,37850000.0,True,True,True,True,True,False,M-2A
moderate,30,2029-03-25,37850000.0,93515.5885751111,0.0,93515.5885751111,0.0,0.0,0.0,0.0,0.0,37850000.0,True,True,True,True,True,False,M-2A
moderate,31,2029-04-25,37850000.0,97976.95795023612,0.0,97976.95795023612,0.0,0.0,0.0,0.0,0.0,37850000.0,True,True,True,True,True,False,M-2A
moderate,32,2029-05-25,37850000.0,95211.31605583332,0.0,95211.31605583332,0.0,0.0,0.0,0.0,0.0,37850000.0,False,True,True,False,True,False,M-2A
moderate,33,2029-06-25,37850000.0,98376.582708125,0.0,98376.582708125,0.0,0.0,0.0,0.0,0.0,37850000.0,True,True,True,True,True,False,M-2A
moderate,34,2029-07-25,37850000.0,92856.38462708333,0.0,92856.38462708333,0.0,0.0,0.0,0.0,0.0,37850000.0,True,True,True,True,True,False,M-2A
moderate,35,2029-08-25,37850000.0,80984.08899250001,0.0,80984.08899250001,0.0,0.0,0.0,0.0,0.0,37850000.0,False,True,True,False,True,False,M-2A
moderate,36,2029-09-25,37850000.0,56608.67294830556,0.0,56608.67294830556,0.0,0.0,0.0,0.0,0.0,37850000.0,True,True,True,True,True,False,M-2A
moderate,37,2029-10-25,37850000.0,43181.307182916666,0.0,43181.307182916666,0.0,0.0,0.0,0.0,0.0,37850000.0,True,True,True,True,True,False,M-2A
moderate,38,2029-11-25,37850000.0,42388.59528736111,0.0,42388.59528736111,0.0,0.0,0.0,0.0,0.0,37850000.0,True,True,True,True,True,False,M-2A
moderate,39,2029-12-25,37850000.0,41004.166666666664,0.0,41004.166666666664,0.0,0.0,0.0,0.0,0.0,37850000.0,False,True,True,False,True,False,M-2A
moderate,40,2030-01-25,37850000.0,42370.97222222222,0.0,42370.97222222222,6527723.856227673,0.0,0.0,0.0,0.0,31322276.143772326,True,True,True,True,True,False,M-2A
moderate,41,2030-02-25,31322276.143772326,35063.54801650069,0.0,35063.54801650069,12376932.4777834,0.0,0.0,0.0,0.0,18945343.665988926,True,True,True,True,True,False,M-2A
moderate,42,2030-03-25,18945343.665988926,19155.847484499915,0.0,19155.847484499915,6851436.369489574,0.0,0.0,0.0,0.0,12093907.296499353,True,True,True,True,True,False,M-2A
moderate,43,2030-04-25,12093907.296499353,13538.457334692328,0.0,13538.457334692328,8231621.987360721,0.0,0.0,0.0,0.0,3862285.3091386314,True,True,True,True,True,False,M-2A
moderate,44,2030-05-25,3862285.3091386314,4184.142418233518,0.0,4184.142418233518,3862285.3091386314,0.0,0.0,0.0,0.0,0.0,True,True,True,True,True,False,M-2A
moderate,45,2030-06-25,0.0,0.0,0.0,0.0,0.0,0.0,0.0,0.0,0.0,0.0,True,True,True,True,True,False,M-2A
moderate,46,2030-07-25,0.0,0.0,0.0,0.0,0.0,0.0,0.0,0.0,0.0,0.0,True,True,True,True,True,False,M-2A
moderate,47,2030-08-25,0.0,0.0,0.0,0.0,0.0,0.0,0.0,0.0,0.0,0.0,True,True,True,True,True,False,M-2A
moderate,48,2030-09-25,0.0,0.0,0.0,0.0,0.0,0.0,0.0,0.0,0.0,0.0,True,True,True,True,True,False,M-2A
moderate,49,2030-10-25,0.0,0.0,0.0,0.0,0.0,0.0,0.0,0.0,0.0,0.0,False,True,True,False,True,False,M-2A
moderate,50,2030-11-25,0.0,0.0,0.0,0.0,0.0,0.0,0.0,0.0,0.0,0.0,True,True,True,True,True,False,M-2A
moderate,51,2030-12-25,0.0,0.0,0.0,0.0,0.0,0.0,0.0,0.0,0.0,0.0,True,True,True,True,True,False,M-2A
moderate,52,2031-01-25,0.0,0.0,0.0,0.0,0.0,0.0,0.0,0.0,0.0,0.0,True,True,True,True,True,False,M-2A
moderate,53,2031-02-25,0.0,0.0,0.0,0.0,0.0,0.0,0.0,0.0,0.0,0.0,True,True,True,True,True,True,M-2A
moderate,1,2026-10-25,2017015.0,0.0,0.0,0.0,0.0,0.0,0.0,0.0,0.0,2017015.0,True,True,True,True,True,False,M-2AH
moderate,2,2026-11-25,2017015.0,0.0,0.0,0.0,0.0,0.0,0.0,0.0,0.0,2017015.0,True,True,True,True,True,False,M-2AH
moderate,3,2026-12-25,2017015.0,0.0,0.0,0.0,0.0,0.0,0.0,0.0,0.0,2017015.0,True,True,True,True,True,False,M-2AH
moderate,4,2027-01-25,2017015.0,0.0,0.0,0.0,0.0,0.0,0.0,0.0,0.0,2017015.0,True,True,True,True,True,False,M-2AH
moderate,5,2027-02-25,2017015.0,0.0,0.0,0.0,0.0,0.0,0.0,0.0,0.0,2017015.0,True,True,True,True,True,False,M-2AH
moderate,6,2027-03-25,2017015.0,0.0,0.0,0.0,0.0,0.0,0.0,0.0,0.0,2017015.0,True,True,True,True,True,False,M-2AH
moderate,7,2027-04-25,2017015.0,0.0,0.0,0.0,0.0,0.0,0.0,0.0,0.0,2017015.0,True,True,True,True,True,False,M-2AH
moderate,8,2027-05-25,2017015.0,0.0,0.0,0.0,0.0,0.0,0.0,0.0,0.0,2017015.0,True,True,True,True,True,False,M-2AH
moderate,9,2027-06-25,2017015.0,0.0,0.0,0.0,0.0,0.0,0.0,0.0,0.0,2017015.0,True,True,True,True,True,False,M-2AH
moderate,10,2027-07-25,2017015.0,0.0,0.0,0.0,0.0,0.0,0.0,0.0,0.0,2017015.0,False,True,True,False,True,False,M-2AH
moderate,11,2027-08-25,2017015.0,0.0,0.0,0.0,0.0,0.0,0.0,0.0,0.0,2017015.0,False,True,True,False,True,False,M-2AH
moderate,12,2027-09-25,2017015.0,0.0,0.0,0.0,0.0,0.0,0.0,0.0,0.0,2017015.0,False,True,True,False,True,False,M-2AH
moderate,13,2027-10-25,2017015.0,0.0,0.0,0.0,0.0,0.0,0.0,0.0,0.0,2017015.0,False,True,True,False,True,False,M-2AH
moderate,14,2027-11-25,2017015.0,0.0,0.0,0.0,0.0,0.0,0.0,0.0,0.0,2017015.0,True,True,True,True,True,False,M-2AH
moderate,15,2027-12-25,2017015.0,0.0,0.0,0.0,0.0,0.0,0.0,0.0,0.0,2017015.0,True,True,True,True,True,False,M-2AH
moderate,16,2028-01-25,2017015.0,0.0,0.0,0.0,0.0,0.0,0.0,0.0,0.0,2017015.0,True,True,True,True,True,False,M-2AH
moderate,17,2028-02-25,2017015.0,0.0,0.0,0.0,0.0,0.0,0.0,0.0,0.0,2017015.0,True,True,True,True,True,False,M-2AH
moderate,18,2028-03-25,2017015.0,0.0,0.0,0.0,0.0,0.0,0.0,0.0,0.0,2017015.0,True,True,True,True,True,False,M-2AH
moderate,19,2028-04-25,2017015.0,0.0,0.0,0.0,0.0,0.0,0.0,0.0,0.0,2017015.0,True,True,True,True,True,False,M-2AH
moderate,20,2028-05-25,2017015.0,0.0,0.0,0.0,0.0,0.0,0.0,0.0,0.0,2017015.0,True,True,True,True,True,False,M-2AH
moderate,21,2028-06-25,2017015.0,0.0,0.0,0.0,0.0,0.0,0.0,0.0,0.0,2017015.0,False,True,True,False,True,False,M-2AH
moderate,22,2028-07-25,2017015.0,0.0,0.0,0.0,0.0,0.0,0.0,0.0,0.0,2017015.0,True,True,True,True,True,False,M-2AH
moderate,23,2028-08-25,2017015.0,0.0,0.0,0.0,0.0,0.0,0.0,0.0,0.0,2017015.0,True,True,True,True,True,False,M-2AH
moderate,24,2028-09-25,2017015.0,0.0,0.0,0.0,0.0,0.0,0.0,0.0,0.0,2017015.0,False,True,True,False,True,False,M-2AH
moderate,25,2028-10-25,2017015.0,0.0,0.0,0.0,0.0,0.0,0.0,0.0,0.0,2017015.0,True,True,True,True,True,False,M-2AH
moderate,26,2028-11-25,2017015.0,0.0,0.0,0.0,0.0,0.0,0.0,0.0,0.0,2017015.0,True,True,True,True,True,False,M-2AH
moderate,27,2028-12-25,2017015.0,0.0,0.0,0.0,0.0,0.0,0.0,0.0,0.0,2017015.0,True,True,True,True,True,False,M-2AH
moderate,28,2029-01-25,2017015.0,0.0,0.0,0.0,0.0,0.0,0.0,0.0,0.0,2017015.0,False,True,True,False,True,False,M-2AH
moderate,29,2029-02-25,2017015.0,0.0,0.0,0.0,0.0,0.0,0.0,0.0,0.0,2017015.0,True,True,True,True,True,False,M-2AH
moderate,30,2029-03-25,2017015.0,0.0,0.0,0.0,0.0,0.0,0.0,0.0,0.0,2017015.0,True,True,True,True,True,False,M-2AH
moderate,31,2029-04-25,2017015.0,0.0,0.0,0.0,0.0,0.0,0.0,0.0,0.0,2017015.0,True,True,True,True,True,False,M-2AH
moderate,32,2029-05-25,2017015.0,0.0,0.0,0.0,0.0,0.0,0.0,0.0,0.0,2017015.0,False,True,True,False,True,False,M-2AH
moderate,33,2029-06-25,2017015.0,0.0,0.0,0.0,0.0,0.0,0.0,0.0,0.0,2017015.0,True,True,True,True,True,False,M-2AH
moderate,34,2029-07-25,2017015.0,0.0,0.0,0.0,0.0,0.0,0.0,0.0,0.0,2017015.0,True,True,True,True,True,False,M-2AH
moderate,35,2029-08-25,2017015.0,0.0,0.0,0.0,0.0,0.0,0.0,0.0,0.0,2017015.0,False,True,True,False,True,False,M-2AH
moderate,36,2029-09-25,2017015.0,0.0,0.0,0.0,0.0,0.0,0.0,0.0,0.0,2017015.0,True,True,True,True,True,False,M-2AH
moderate,37,2029-10-25,2017015.0,0.0,0.0,0.0,0.0,0.0,0.0,0.0,0.0,2017015.0,True,True,True,True,True,False,M-2AH
moderate,38,2029-11-25,2017015.0,0.0,0.0,0.0,0.0,0.0,0.0,0.0,0.0,2017015.0,True,True,True,True,True,False,M-2AH
moderate,39,2029-12-25,2017015.0,0.0,0.0,0.0,0.0,0.0,0.0,0.0,0.0,2017015.0,False,True,True,False,True,False,M-2AH
moderate,40,2030-01-25,2017015.0,0.0,0.0,0.0,347860.4209740835,0.0,0.0,0.0,0.0,1669154.5790259165,True,True,True,True,True,False,M-2AH
moderate,41,2030-02-25,1669154.5790259165,0.0,0.0,0.0,659562.9712464013,0.0,0.0,0.0,0.0,1009591.6077795152,True,True,True,True,True,False,M-2AH
moderate,42,2030-03-25,1009591.6077795152,0.0,0.0,0.0,365110.96245194215,0.0,0.0,0.0,0.0,644480.6453275731,True,True,True,True,True,False,M-2AH
moderate,43,2030-04-25,644480.6453275731,0.0,0.0,0.0,438660.6346852414,0.0,0.0,0.0,0.0,205820.01064233168,True,True,True,True,True,False,M-2AH
moderate,44,2030-05-25,205820.01064233168,0.0,0.0,0.0,205820.01064233168,0.0,0.0,0.0,0.0,0.0,True,True,True,True,True,False,M-2AH
moderate,45,2030-06-25,0.0,0.0,0.0,0.0,0.0,0.0,0.0,0.0,0.0,0.0,True,True,True,True,True,False,M-2AH
moderate,46,2030-07-25,0.0,0.0,0.0,0.0,0.0,0.0,0.0,0.0,0.0,0.0,True,True,True,True,True,False,M-2AH
moderate,47,2030-08-25,0.0,0.0,0.0,0.0,0.0,0.0,0.0,0.0,0.0,0.0,True,True,True,True,True,False,M-2AH
moderate,48,2030-09-25,0.0,0.0,0.0,0.0,0.0,0.0,0.0,0.0,0.0,0.0,True,True,True,True,True,False,M-2AH
moderate,49,2030-10-25,0.0,0.0,0.0,0.0,0.0,0.0,0.0,0.0,0.0,0.0,False,True,True,False,True,False,M-2AH
moderate,50,2030-11-25,0.0,0.0,0.0,0.0,0.0,0.0,0.0,0.0,0.0,0.0,True,True,True,True,True,False,M-2AH
moderate,51,2030-12-25,0.0,0.0,0.0,0.0,0.0,0.0,0.0,0.0,0.0,0.0,True,True,True,True,True,False,M-2AH
moderate,52,2031-01-25,0.0,0.0,0.0,0.0,0.0,0.0,0.0,0.0,0.0,0.0,True,True,True,True,True,False,M-2AH
moderate,53,2031-02-25,0.0,0.0,0.0,0.0,0.0,0.0,0.0,0.0,0.0,0.0,True,True,True,True,True,True,M-2AH
moderate,1,2026-10-25,37850000.0,157402.06375,0.0,157402.06375,0.0,0.0,0.0,0.0,0.0,37850000.0,True,True,True,True,True,False,M-2B
moderate,2,2026-11-25,37850000.0,169902.65750388885,0.0,169902.65750388885,0.0,0.0,0.0,0.0,0.0,37850000.0,True,True,True,True,True,False,M-2B
moderate,3,2026-12-25,37850000.0,170039.9119075,0.0,170039.9119075,0.0,0.0,0.0,0.0,0.0,37850000.0,True,True,True,True,True,False,M-2B
moderate,4,2027-01-25,37850000.0,180905.2826778472,0.0,180905.2826778472,0.0,0.0,0.0,0.0,0.0,37850000.0,True,True,True,True,True,False,M-2B
moderate,5,2027-02-25,37850000.0,185147.53677331947,0.0,185147.53677331947,0.0,0.0,0.0,0.0,0.0,37850000.0,True,True,True,True,True,False,M-2B
moderate,6,2027-03-25,37850000.0,172917.03188238887,0.0,172917.03188238887,0.0,0.0,0.0,0.0,0.0,37850000.0,True,True,True,True,True,False,M-2B
moderate,7,2027-04-25,37850000.0,194864.93758780556,0.0,194864.93758780556,0.0,0.0,0.0,0.0,0.0,37850000.0,True,True,True,True,True,False,M-2B
moderate,8,2027-05-25,37850000.0,192656.30318,0.0,192656.30318,0.0,0.0,0.0,0.0,0.0,37850000.0,True,True,True,True,True,False,M-2B
moderate,9,2027-06-25,37850000.0,203974.4753087361,0.0,203974.4753087361,0.0,0.0,0.0,0.0,0.0,37850000.0,True,True,True,True,True,False,M-2B
moderate,10,2027-07-25,37850000.0,197838.49461041667,0.0,197838.49461041667,0.0,0.0,0.0,0.0,0.0,37850000.0,False,True,True,False,True,False,M-2B
moderate,11,2027-08-25,37850000.0,204474.56327141664,0.0,204474.56327141664,0.0,0.0,0.0,0.0,0.0,37850000.0,False,True,True,False,True,False,M-2B
moderate,12,2027-09-25,37850000.0,204291.27850501388,0.0,204291.27850501388,0.0,0.0,0.0,0.0,0.0,37850000.0,False,True,True,False,True,False,M-2B
moderate,13,2027-10-25,37850000.0,197606.46086291666,0.0,197606.46086291666,0.0,0.0,0.0,0.0,0.0,37850000.0,False,True,True,False,True,False,M-2B
moderate,14,2027-11-25,37850000.0,204169.497160375,0.0,204169.497160375,0.0,0.0,0.0,0.0,0.0,37850000.0,True,True,True,True,True,False,M-2B
moderate,15,2027-12-25,37850000.0,197935.22312416666,0.0,197935.22312416666,0.0,0.0,0.0,0.0,0.0,37850000.0,True,True,True,True,True,False,M-2B
moderate,16,2028-01-25,37850000.0,204704.20448887502,0.0,204704.20448887502,0.0,0.0,0.0,0.0,0.0,37850000.0,True,True,True,True,True,False,M-2B
moderate,17,2028-02-25,37850000.0,204573.97176493058,0.0,204573.97176493058,0.0,0.0,0.0,0.0,0.0,37850000.0,True,True,True,True,True,False,M-2B
moderate,18,2028-03-25,37850000.0,191290.04284318056,0.0,191290.04284318056,0.0,0.0,0.0,0.0,0.0,37850000.0,True,True,True,True,True,False,M-2B
moderate,19,2028-04-25,37850000.0,204562.9996387083,0.0,204562.9996387083,0.0,0.0,0.0,0.0,0.0,37850000.0,True,True,True,True,True,False,M-2B
moderate,20,2028-05-25,37850000.0,198021.8996241667,0.0,198021.8996241667,0.0,0.0,0.0,0.0,0.0,37850000.0,True,True,True,True,True,False,M-2B
moderate,21,2028-06-25,37850000.0,201573.77904545836,0.0,201573.77904545836,0.0,0.0,0.0,0.0,0.0,37850000.0,False,True,True,False,True,False,M-2B
moderate,22,2028-07-25,37850000.0,189624.81340999997,0.0,189624.81340999997,0.0,0.0,0.0,0.0,0.0,37850000.0,True,True,True,True,True,False,M-2B
moderate,23,2028-08-25,37850000.0,192182.80648248614,0.0,192182.80648248614,0.0,0.0,0.0,0.0,0.0,37850000.0,True,True,True,True,True,False,M-2B
moderate,24,2028-09-25,37850000.0,184546.4233756389,0.0,184546.4233756389,0.0,0.0,0.0,0.0,0.0,37850000.0,False,True,True,False,True,False,M-2B
moderate,25,2028-10-25,37850000.0,170968.58531375,0.0,170968.58531375,0.0,0.0,0.0,0.0,0.0,37850000.0,True,True,True,True,True,False,M-2B
moderate,26,2028-11-25,37850000.0,167593.68592127776,0.0,167593.68592127776,0.0,0.0,0.0,0.0,0.0,37850000.0,True,True,True,True,True,False,M-2B
moderate,27,2028-12-25,37850000.0,144582.58889791666,0.0,144582.58889791666,0.0,0.0,0.0,0.0,0.0,37850000.0,True,True,True,True,True,False,M-2B
moderate,28,2029-01-25,37850000.0,126460.21921775,0.0,126460.21921775,0.0,0.0,0.0,0.0,0.0,37850000.0,False,True,True,False,True,False,M-2B
moderate,29,2029-02-25,37850000.0,113718.17144013892,0.0,113718.17144013892,0.0,0.0,0.0,0.0,0.0,37850000.0,True,True,True,True,True,False,M-2B
moderate,30,2029-03-25,37850000.0,93515.5885751111,0.0,93515.5885751111,0.0,0.0,0.0,0.0,0.0,37850000.0,True,True,True,True,True,False,M-2B
moderate,31,2029-04-25,37850000.0,97976.95795023612,0.0,97976.95795023612,0.0,0.0,0.0,0.0,0.0,37850000.0,True,True,True,True,True,False,M-2B
moderate,32,2029-05-25,37850000.0,95211.31605583332,0.0,95211.31605583332,0.0,0.0,0.0,0.0,0.0,37850000.0,False,True,True,False,True,False,M-2B
moderate,33,2029-06-25,37850000.0,98376.582708125,0.0,98376.582708125,0.0,0.0,0.0,0.0,0.0,37850000.0,True,True,True,True,True,False,M-2B
moderate,34,2029-07-25,37850000.0,92856.38462708333,0.0,92856.38462708333,0.0,0.0,0.0,0.0,0.0,37850000.0,True,True,True,True,True,False,M-2B
moderate,35,2029-08-25,37850000.0,80984.08899250001,0.0,80984.08899250001,0.0,0.0,0.0,0.0,0.0,37850000.0,False,True,True,False,True,False,M-2B
moderate,36,2029-09-25,37850000.0,56608.67294830556,0.0,56608.67294830556,0.0,0.0,0.0,0.0,0.0,37850000.0,True,True,True,True,True,False,M-2B
moderate,37,2029-10-25,37850000.0,43181.307182916666,0.0,43181.307182916666,0.0,0.0,0.0,0.0,0.0,37850000.0,True,True,True,True,True,False,M-2B
moderate,38,2029-11-25,37850000.0,42388.59528736111,0.0,42388.59528736111,0.0,0.0,0.0,0.0,0.0,37850000.0,True,True,True,True,True,False,M-2B
moderate,39,2029-12-25,37850000.0,41004.166666666664,0.0,41004.166666666664,0.0,0.0,0.0,0.0,0.0,37850000.0,False,True,True,False,True,False,M-2B
moderate,40,2030-01-25,37850000.0,42370.97222222222,0.0,42370.97222222222,0.0,0.0,0.0,0.0,0.0,37850000.0,True,True,True,True,True,False,M-2B
moderate,41,2030-02-25,37850000.0,42370.97222222222,0.0,42370.97222222222,0.0,0.0,0.0,0.0,0.0,37850000.0,True,True,True,True,True,False,M-2B
moderate,42,2030-03-25,37850000.0,38270.555555555555,0.0,38270.555555555555,0.0,0.0,0.0,0.0,0.0,37850000.0,True,True,True,True,True,False,M-2B
moderate,43,2030-04-25,37850000.0,42370.97222222222,0.0,42370.97222222222,0.0,0.0,0.0,0.0,0.0,37850000.0,True,True,True,True,True,False,M-2B
moderate,44,2030-05-25,37850000.0,41004.166666666664,0.0,41004.166666666664,4365149.905373059,0.0,0.0,0.0,0.0,33484850.09462694,True,True,True,True,True,False,M-2B
moderate,45,2030-06-25,33484850.09462694,37484.42941148516,0.0,37484.42941148516,9110757.931795888,0.0,0.0,0.0,0.0,24374092.162831053,True,True,True,True,True,False,M-2B
moderate,46,2030-07-25,24374092.162831053,26405.26650973364,0.0,26405.26650973364,9696203.847604401,0.0,0.0,0.0,0.0,14677888.315226652,True,True,True,True,True,False,M-2B
moderate,47,2030-08-25,14677888.315226652,16431.0805306565,0.0,16431.0805306565,9978681.453768926,0.0,0.0,0.0,0.0,4699206.861457726,True,True,True,True,True,False,M-2B
moderate,48,2030-09-25,4699206.861457726,5260.501014354065,0.0,5260.501014354065,4699206.861457726,0.0,0.0,0.0,0.0,0.0,True,True,True,True,True,False,M-2B
moderate,49,2030-10-25,0.0,0.0,0.0,0.0,0.0,0.0,0.0,0.0,0.0,0.0,False,True,True,False,True,False,M-2B
moderate,50,2030-11-25,0.0,0.0,0.0,0.0,0.0,0.0,0.0,0.0,0.0,0.0,True,True,True,True,True,False,M-2B
moderate,51,2030-12-25,0.0,0.0,0.0,0.0,0.0,0.0,0.0,0.0,0.0,0.0,True,True,True,True,True,False,M-2B
moderate,52,2031-01-25,0.0,0.0,0.0,0.0,0.0,0.0,0.0,0.0,0.0,0.0,True,True,True,True,True,False,M-2B
moderate,53,2031-02-25,0.0,0.0,0.0,0.0,0.0,0.0,0.0,0.0,0.0,0.0,True,True,True,True,True,True,M-2B
moderate,1,2026-10-25,2017015.0,0.0,0.0,0.0,0.0,0.0,0.0,0.0,0.0,2017015.0,True,True,True,True,True,False,M-2BH
moderate,2,2026-11-25,2017015.0,0.0,0.0,0.0,0.0,0.0,0.0,0.0,0.0,2017015.0,True,True,True,True,True,False,M-2BH
moderate,3,2026-12-25,2017015.0,0.0,0.0,0.0,0.0,0.0,0.0,0.0,0.0,2017015.0,True,True,True,True,True,False,M-2BH
moderate,4,2027-01-25,2017015.0,0.0,0.0,0.0,0.0,0.0,0.0,0.0,0.0,2017015.0,True,True,True,True,True,False,M-2BH
moderate,5,2027-02-25,2017015.0,0.0,0.0,0.0,0.0,0.0,0.0,0.0,0.0,2017015.0,True,True,True,True,True,False,M-2BH
moderate,6,2027-03-25,2017015.0,0.0,0.0,0.0,0.0,0.0,0.0,0.0,0.0,2017015.0,True,True,True,True,True,False,M-2BH
moderate,7,2027-04-25,2017015.0,0.0,0.0,0.0,0.0,0.0,0.0,0.0,0.0,2017015.0,True,True,True,True,True,False,M-2BH
moderate,8,2027-05-25,2017015.0,0.0,0.0,0.0,0.0,0.0,0.0,0.0,0.0,2017015.0,True,True,True,True,True,False,M-2BH
moderate,9,2027-06-25,2017015.0,0.0,0.0,0.0,0.0,0.0,0.0,0.0,0.0,2017015.0,True,True,True,True,True,False,M-2BH
moderate,10,2027-07-25,2017015.0,0.0,0.0,0.0,0.0,0.0,0.0,0.0,0.0,2017015.0,False,True,True,False,True,False,M-2BH
moderate,11,2027-08-25,2017015.0,0.0,0.0,0.0,0.0,0.0,0.0,0.0,0.0,2017015.0,False,True,True,False,True,False,M-2BH
moderate,12,2027-09-25,2017015.0,0.0,0.0,0.0,0.0,0.0,0.0,0.0,0.0,2017015.0,False,True,True,False,True,False,M-2BH
moderate,13,2027-10-25,2017015.0,0.0,0.0,0.0,0.0,0.0,0.0,0.0,0.0,2017015.0,False,True,True,False,True,False,M-2BH
moderate,14,2027-11-25,2017015.0,0.0,0.0,0.0,0.0,0.0,0.0,0.0,0.0,2017015.0,True,True,True,True,True,False,M-2BH
moderate,15,2027-12-25,2017015.0,0.0,0.0,0.0,0.0,0.0,0.0,0.0,0.0,2017015.0,True,True,True,True,True,False,M-2BH
moderate,16,2028-01-25,2017015.0,0.0,0.0,0.0,0.0,0.0,0.0,0.0,0.0,2017015.0,True,True,True,True,True,False,M-2BH
moderate,17,2028-02-25,2017015.0,0.0,0.0,0.0,0.0,0.0,0.0,0.0,0.0,2017015.0,True,True,True,True,True,False,M-2BH
moderate,18,2028-03-25,2017015.0,0.0,0.0,0.0,0.0,0.0,0.0,0.0,0.0,2017015.0,True,True,True,True,True,False,M-2BH
moderate,19,2028-04-25,2017015.0,0.0,0.0,0.0,0.0,0.0,0.0,0.0,0.0,2017015.0,True,True,True,True,True,False,M-2BH
moderate,20,2028-05-25,2017015.0,0.0,0.0,0.0,0.0,0.0,0.0,0.0,0.0,2017015.0,True,True,True,True,True,False,M-2BH
moderate,21,2028-06-25,2017015.0,0.0,0.0,0.0,0.0,0.0,0.0,0.0,0.0,2017015.0,False,True,True,False,True,False,M-2BH
moderate,22,2028-07-25,2017015.0,0.0,0.0,0.0,0.0,0.0,0.0,0.0,0.0,2017015.0,True,True,True,True,True,False,M-2BH
moderate,23,2028-08-25,2017015.0,0.0,0.0,0.0,0.0,0.0,0.0,0.0,0.0,2017015.0,True,True,True,True,True,False,M-2BH
moderate,24,2028-09-25,2017015.0,0.0,0.0,0.0,0.0,0.0,0.0,0.0,0.0,2017015.0,False,True,True,False,True,False,M-2BH
moderate,25,2028-10-25,2017015.0,0.0,0.0,0.0,0.0,0.0,0.0,0.0,0.0,2017015.0,True,True,True,True,True,False,M-2BH
moderate,26,2028-11-25,2017015.0,0.0,0.0,0.0,0.0,0.0,0.0,0.0,0.0,2017015.0,True,True,True,True,True,False,M-2BH
moderate,27,2028-12-25,2017015.0,0.0,0.0,0.0,0.0,0.0,0.0,0.0,0.0,2017015.0,True,True,True,True,True,False,M-2BH
moderate,28,2029-01-25,2017015.0,0.0,0.0,0.0,0.0,0.0,0.0,0.0,0.0,2017015.0,False,True,True,False,True,False,M-2BH
moderate,29,2029-02-25,2017015.0,0.0,0.0,0.0,0.0,0.0,0.0,0.0,0.0,2017015.0,True,True,True,True,True,False,M-2BH
moderate,30,2029-03-25,2017015.0,0.0,0.0,0.0,0.0,0.0,0.0,0.0,0.0,2017015.0,True,True,True,True,True,False,M-2BH
moderate,31,2029-04-25,2017015.0,0.0,0.0,0.0,0.0,0.0,0.0,0.0,0.0,2017015.0,True,True,True,True,True,False,M-2BH
moderate,32,2029-05-25,2017015.0,0.0,0.0,0.0,0.0,0.0,0.0,0.0,0.0,2017015.0,False,True,True,False,True,False,M-2BH
moderate,33,2029-06-25,2017015.0,0.0,0.0,0.0,0.0,0.0,0.0,0.0,0.0,2017015.0,True,True,True,True,True,False,M-2BH
moderate,34,2029-07-25,2017015.0,0.0,0.0,0.0,0.0,0.0,0.0,0.0,0.0,2017015.0,True,True,True,True,True,False,M-2BH
moderate,35,2029-08-25,2017015.0,0.0,0.0,0.0,0.0,0.0,0.0,0.0,0.0,2017015.0,False,True,True,False,True,False,M-2BH
moderate,36,2029-09-25,2017015.0,0.0,0.0,0.0,0.0,0.0,0.0,0.0,0.0,2017015.0,True,True,True,True,True,False,M-2BH
moderate,37,2029-10-25,2017015.0,0.0,0.0,0.0,0.0,0.0,0.0,0.0,0.0,2017015.0,True,True,True,True,True,False,M-2BH
moderate,38,2029-11-25,2017015.0,0.0,0.0,0.0,0.0,0.0,0.0,0.0,0.0,2017015.0,True,True,True,True,True,False,M-2BH
moderate,39,2029-12-25,2017015.0,0.0,0.0,0.0,0.0,0.0,0.0,0.0,0.0,2017015.0,False,True,True,False,True,False,M-2BH
moderate,40,2030-01-25,2017015.0,0.0,0.0,0.0,0.0,0.0,0.0,0.0,0.0,2017015.0,True,True,True,True,True,False,M-2BH
moderate,41,2030-02-25,2017015.0,0.0,0.0,0.0,0.0,0.0,0.0,0.0,0.0,2017015.0,True,True,True,True,True,False,M-2BH
moderate,42,2030-03-25,2017015.0,0.0,0.0,0.0,0.0,0.0,0.0,0.0,0.0,2017015.0,True,True,True,True,True,False,M-2BH
moderate,43,2030-04-25,2017015.0,0.0,0.0,0.0,0.0,0.0,0.0,0.0,0.0,2017015.0,True,True,True,True,True,False,M-2BH
moderate,44,2030-05-25,2017015.0,0.0,0.0,0.0,232617.51218985574,0.0,0.0,0.0,0.0,1784397.4878101442,True,True,True,True,True,False,M-2BH
moderate,45,2030-06-25,1784397.4878101442,0.0,0.0,0.0,485509.52205551596,0.0,0.0,0.0,0.0,1298887.9657546282,True,True,True,True,True,False,M-2BH
moderate,46,2030-07-25,1298887.9657546282,0.0,0.0,0.0,516707.7570323856,0.0,0.0,0.0,0.0,782180.2087222426,True,True,True,True,True,False,M-2BH
moderate,47,2030-08-25,782180.2087222426,0.0,0.0,0.0,531760.9028394645,0.0,0.0,0.0,0.0,250419.30588277814,True,True,True,True,True,False,M-2BH
moderate,48,2030-09-25,250419.30588277814,0.0,0.0,0.0,250419.30588277814,0.0,0.0,0.0,0.0,0.0,True,True,True,True,True,False,M-2BH
moderate,49,2030-10-25,0.0,0.0,0.0,0.0,0.0,0.0,0.0,0.0,0.0,0.0,False,True,True,False,True,False,M-2BH
moderate,50,2030-11-25,0.0,0.0,0.0,0.0,0.0,0.0,0.0,0.0,0.0,0.0,True,True,True,True,True,False,M-2BH
moderate,51,2030-12-25,0.0,0.0,0.0,0.0,0.0,0.0,0.0,0.0,0.0,0.0,True,True,True,True,True,False,M-2BH
moderate,52,2031-01-25,0.0,0.0,0.0,0.0,0.0,0.0,0.0,0.0,0.0,0.0,True,True,True,True,True,False,M-2BH
moderate,53,2031-02-25,0.0,0.0,0.0,0.0,0.0,0.0,0.0,0.0,0.0,0.0,True,True,True,True,True,True,M-2BH
moderate,1,2026-10-25,102515181.0,0.0,0.0,0.0,0.0,0.0,0.0,0.0,0.0,102515181.0,True,True,True,True,True,False,B-1H
moderate,2,2026-11-25,102515181.0,0.0,0.0,0.0,0.0,0.0,0.0,0.0,0.0,102515181.0,True,True,True,True,True,False,B-1H
moderate,3,2026-12-25,102515181.0,0.0,0.0,0.0,0.0,0.0,0.0,0.0,0.0,102515181.0,True,True,True,True,True,False,B-1H
moderate,4,2027-01-25,102515181.0,0.0,0.0,0.0,0.0,0.0,0.0,0.0,0.0,102515181.0,True,True,True,True,True,False,B-1H
moderate,5,2027-02-25,102515181.0,0.0,0.0,0.0,0.0,0.0,0.0,0.0,0.0,102515181.0,True,True,True,True,True,False,B-1H
moderate,6,2027-03-25,102515181.0,0.0,0.0,0.0,0.0,0.0,0.0,0.0,0.0,102515181.0,True,True,True,True,True,False,B-1H
moderate,7,2027-04-25,102515181.0,0.0,0.0,0.0,0.0,0.0,0.0,0.0,0.0,102515181.0,True,True,True,True,True,False,B-1H
moderate,8,2027-05-25,102515181.0,0.0,0.0,0.0,0.0,0.0,0.0,0.0,0.0,102515181.0,True,True,True,True,True,False,B-1H
moderate,9,2027-06-25,102515181.0,0.0,0.0,0.0,0.0,0.0,0.0,0.0,0.0,102515181.0,True,True,True,True,True,False,B-1H
moderate,10,2027-07-25,102515181.0,0.0,0.0,0.0,0.0,0.0,0.0,0.0,0.0,102515181.0,False,True,True,False,True,False,B-1H
moderate,11,2027-08-25,102515181.0,0.0,0.0,0.0,0.0,0.0,0.0,0.0,0.0,102515181.0,False,True,True,False,True,False,B-1H
moderate,12,2027-09-25,102515181.0,0.0,0.0,0.0,0.0,0.0,0.0,0.0,0.0,102515181.0,False,True,True,False,True,False,B-1H
moderate,13,2027-10-25,102515181.0,0.0,0.0,0.0,0.0,0.0,0.0,0.0,0.0,102515181.0,False,True,True,False,True,False,B-1H
moderate,14,2027-11-25,102515181.0,0.0,0.0,0.0,0.0,0.0,0.0,0.0,0.0,102515181.0,True,True,True,True,True,False,B-1H
moderate,15,2027-12-25,102515181.0,0.0,0.0,0.0,0.0,0.0,0.0,0.0,0.0,102515181.0,True,True,True,True,True,False,B-1H
moderate,16,2028-01-25,102515181.0,0.0,0.0,0.0,0.0,0.0,0.0,0.0,0.0,102515181.0,True,True,True,True,True,False,B-1H
moderate,17,2028-02-25,102515181.0,0.0,0.0,0.0,0.0,0.0,0.0,0.0,0.0,102515181.0,True,True,True,True,True,False,B-1H
moderate,18,2028-03-25,102515181.0,0.0,0.0,0.0,0.0,0.0,0.0,0.0,0.0,102515181.0,True,True,True,True,True,False,B-1H
moderate,19,2028-04-25,102515181.0,0.0,0.0,0.0,0.0,0.0,0.0,0.0,0.0,102515181.0,True,True,True,True,True,False,B-1H
moderate,20,2028-05-25,102515181.0,0.0,0.0,0.0,0.0,0.0,0.0,0.0,0.0,102515181.0,True,True,True,True,True,False,B-1H
moderate,21,2028-06-25,102515181.0,0.0,0.0,0.0,0.0,0.0,0.0,0.0,0.0,102515181.0,False,True,True,False,True,False,B-1H
moderate,22,2028-07-25,102515181.0,0.0,0.0,0.0,0.0,0.0,0.0,0.0,0.0,102515181.0,True,True,True,True,True,False,B-1H
moderate,23,2028-08-25,102515181.0,0.0,0.0,0.0,0.0,0.0,0.0,0.0,0.0,102515181.0,True,True,True,True,True,False,B-1H
moderate,24,2028-09-25,102515181.0,0.0,0.0,0.0,0.0,0.0,0.0,0.0,0.0,102515181.0,False,True,True,False,True,False,B-1H
moderate,25,2028-10-25,102515181.0,0.0,0.0,0.0,0.0,0.0,0.0,0.0,0.0,102515181.0,True,True,True,True,True,False,B-1H
moderate,26,2028-11-25,102515181.0,0.0,0.0,0.0,0.0,0.0,0.0,0.0,0.0,102515181.0,True,True,True,True,True,False,B-1H
moderate,27,2028-12-25,102515181.0,0.0,0.0,0.0,0.0,0.0,0.0,0.0,0.0,102515181.0,True,True,True,True,True,False,B-1H
moderate,28,2029-01-25,102515181.0,0.0,0.0,0.0,0.0,0.0,0.0,0.0,0.0,102515181.0,False,True,True,False,True,False,B-1H
moderate,29,2029-02-25,102515181.0,0.0,0.0,0.0,0.0,0.0,0.0,0.0,0.0,102515181.0,True,True,True,True,True,False,B-1H
moderate,30,2029-03-25,102515181.0,0.0,0.0,0.0,0.0,0.0,0.0,0.0,0.0,102515181.0,True,True,True,True,True,False,B-1H
moderate,31,2029-04-25,102515181.0,0.0,0.0,0.0,0.0,0.0,0.0,0.0,0.0,102515181.0,True,True,True,True,True,False,B-1H
moderate,32,2029-05-25,102515181.0,0.0,0.0,0.0,0.0,0.0,0.0,0.0,0.0,102515181.0,False,True,True,False,True,False,B-1H
moderate,33,2029-06-25,102515181.0,0.0,0.0,0.0,0.0,0.0,0.0,0.0,0.0,102515181.0,True,True,True,True,True,False,B-1H
moderate,34,2029-07-25,102515181.0,0.0,0.0,0.0,0.0,0.0,0.0,0.0,0.0,102515181.0,True,True,True,True,True,False,B-1H
moderate,35,2029-08-25,102515181.0,0.0,0.0,0.0,0.0,0.0,0.0,0.0,0.0,102515181.0,False,True,True,False,True,False,B-1H
moderate,36,2029-09-25,102515181.0,0.0,0.0,0.0,0.0,0.0,0.0,0.0,0.0,102515181.0,True,True,True,True,True,False,B-1H
moderate,37,2029-10-25,102515181.0,0.0,0.0,0.0,0.0,0.0,0.0,0.0,0.0,102515181.0,True,True,True,True,True,False,B-1H
moderate,38,2029-11-25,102515181.0,0.0,0.0,0.0,0.0,0.0,0.0,0.0,0.0,102515181.0,True,True,True,True,True,False,B-1H
moderate,39,2029-12-25,102515181.0,0.0,0.0,0.0,0.0,0.0,0.0,0.0,0.0,102515181.0,False,True,True,False,True,False,B-1H
moderate,40,2030-01-25,102515181.0,0.0,0.0,0.0,0.0,0.0,0.0,0.0,0.0,102515181.0,True,True,True,True,True,False,B-1H
moderate,41,2030-02-25,102515181.0,0.0,0.0,0.0,0.0,0.0,0.0,0.0,0.0,102515181.0,True,True,True,True,True,False,B-1H
moderate,42,2030-03-25,102515181.0,0.0,0.0,0.0,0.0,0.0,0.0,0.0,0.0,102515181.0,True,True,True,True,True,False,B-1H
moderate,43,2030-04-25,102515181.0,0.0,0.0,0.0,0.0,0.0,0.0,0.0,0.0,102515181.0,True,True,True,True,True,False,B-1H
moderate,44,2030-05-25,102515181.0,0.0,0.0,0.0,0.0,0.0,0.0,0.0,0.0,102515181.0,True,True,True,True,True,False,B-1H
moderate,45,2030-06-25,102515181.0,0.0,0.0,0.0,0.0,0.0,0.0,0.0,0.0,102515181.0,True,True,True,True,True,False,B-1H
moderate,46,2030-07-25,102515181.0,0.0,0.0,0.0,0.0,0.0,0.0,0.0,0.0,102515181.0,True,True,True,True,True,False,B-1H
moderate,47,2030-08-25,102515181.0,0.0,0.0,0.0,0.0,0.0,0.0,0.0,0.0,102515181.0,True,True,True,True,True,False,B-1H
moderate,48,2030-09-25,102515181.0,0.0,0.0,0.0,4682029.745766414,0.0,0.0,0.0,0.0,97833151.25423358,True,True,True,True,True,False,B-1H
moderate,49,2030-10-25,97833151.25423358,0.0,0.0,0.0,0.0,0.0,0.0,0.0,0.0,97833151.25423358,False,True,True,False,True,False,B-1H
moderate,50,2030-11-25,97833151.25423358,0.0,0.0,0.0,8682748.256839037,0.0,0.0,0.0,0.0,89150402.99739455,True,True,True,True,True,False,B-1H
moderate,51,2030-12-25,89150402.99739455,0.0,0.0,0.0,8550097.005176395,0.0,0.0,0.0,0.0,80600305.99221815,True,True,True,True,True,False,B-1H
moderate,52,2031-01-25,80600305.99221815,0.0,0.0,0.0,7292608.772013038,0.0,0.0,0.0,0.0,73307697.22020511,True,True,True,True,True,False,B-1H
moderate,53,2031-02-25,73307697.22020511,0.0,0.0,0.0,73307697.22020511,0.0,0.0,0.0,0.0,0.0,True,True,True,True,True,True,B-1H
moderate,1,2026-10-25,273373818.0,0.0,0.0,0.0,0.0,0.0,0.0,0.0,0.0,273373818.0,True,True,True,True,True,False,B-2H
moderate,2,2026-11-25,273373818.0,0.0,0.0,0.0,0.0,0.0,0.0,0.0,0.0,273373818.0,True,True,True,True,True,False,B-2H
moderate,3,2026-12-25,273373818.0,0.0,0.0,0.0,0.0,0.0,0.0,0.0,0.0,273373818.0,True,True,True,True,True,False,B-2H
moderate,4,2027-01-25,273373818.0,0.0,0.0,0.0,0.0,0.0,0.0,0.0,0.0,273373818.0,True,True,True,True,True,False,B-2H
moderate,5,2027-02-25,273373818.0,0.0,0.0,0.0,0.0,0.0,0.0,0.0,0.0,273373818.0,True,True,True,True,True,False,B-2H
moderate,6,2027-03-25,273373818.0,0.0,0.0,0.0,0.0,0.0,0.0,0.0,0.0,273373818.0,True,True,True,True,True,False,B-2H
moderate,7,2027-04-25,273373818.0,0.0,0.0,0.0,0.0,0.0,0.0,0.0,0.0,273373818.0,True,True,True,True,True,False,B-2H
moderate,8,2027-05-25,273373818.0,0.0,0.0,0.0,0.0,0.0,0.0,0.0,0.0,273373818.0,True,True,True,True,True,False,B-2H
moderate,9,2027-06-25,273373818.0,0.0,0.0,0.0,0.0,0.0,0.0,0.0,0.0,273373818.0,True,True,True,True,True,False,B-2H
moderate,10,2027-07-25,273373818.0,0.0,0.0,0.0,0.0,0.0,0.0,0.0,0.0,273373818.0,False,True,True,False,True,False,B-2H
moderate,11,2027-08-25,273373818.0,0.0,0.0,0.0,0.0,0.0,0.0,0.0,0.0,273373818.0,False,True,True,False,True,False,B-2H
moderate,12,2027-09-25,273373818.0,0.0,0.0,0.0,0.0,0.0,0.0,0.0,0.0,273373818.0,False,True,True,False,True,False,B-2H
moderate,13,2027-10-25,273373818.0,0.0,0.0,0.0,0.0,0.0,0.0,0.0,0.0,273373818.0,False,True,True,False,True,False,B-2H
moderate,14,2027-11-25,273373818.0,0.0,0.0,0.0,0.0,0.0,0.0,0.0,0.0,273373818.0,True,True,True,True,True,False,B-2H
moderate,15,2027-12-25,273373818.0,0.0,0.0,0.0,0.0,0.0,0.0,0.0,0.0,273373818.0,True,True,True,True,True,False,B-2H
moderate,16,2028-01-25,273373818.0,0.0,0.0,0.0,0.0,0.0,0.0,0.0,0.0,273373818.0,True,True,True,True,True,False,B-2H
moderate,17,2028-02-25,273373818.0,0.0,0.0,0.0,0.0,0.0,0.0,0.0,0.0,273373818.0,True,True,True,True,True,False,B-2H
moderate,18,2028-03-25,273373818.0,0.0,0.0,0.0,0.0,0.0,0.0,0.0,0.0,273373818.0,True,True,True,True,True,False,B-2H
moderate,19,2028-04-25,273373818.0,0.0,0.0,0.0,0.0,0.0,0.0,0.0,0.0,273373818.0,True,True,True,True,True,False,B-2H
moderate,20,2028-05-25,273373818.0,0.0,0.0,0.0,0.0,0.0,0.0,0.0,0.0,273373818.0,True,True,True,True,True,False,B-2H
moderate,21,2028-06-25,273373818.0,0.0,0.0,0.0,0.0,0.0,0.0,0.0,0.0,273373818.0,False,True,True,False,True,False,B-2H
moderate,22,2028-07-25,273373818.0,0.0,0.0,0.0,0.0,0.0,0.0,0.0,0.0,273373818.0,True,True,True,True,True,False,B-2H
moderate,23,2028-08-25,273373818.0,0.0,0.0,0.0,0.0,0.0,0.0,0.0,0.0,273373818.0,True,True,True,True,True,False,B-2H
moderate,24,2028-09-25,273373818.0,0.0,0.0,0.0,0.0,0.0,0.0,0.0,0.0,273373818.0,False,True,True,False,True,False,B-2H
moderate,25,2028-10-25,273373818.0,0.0,0.0,0.0,0.0,0.0,0.0,0.0,0.0,273373818.0,True,True,True,True,True,False,B-2H
moderate,26,2028-11-25,273373818.0,0.0,0.0,0.0,0.0,0.0,0.0,0.0,0.0,273373818.0,True,True,True,True,True,False,B-2H
moderate,27,2028-12-25,273373818.0,0.0,0.0,0.0,0.0,0.0,0.0,0.0,0.0,273373818.0,True,True,True,True,True,False,B-2H
moderate,28,2029-01-25,273373818.0,0.0,0.0,0.0,0.0,0.0,0.0,0.0,0.0,273373818.0,False,True,True,False,True,False,B-2H
moderate,29,2029-02-25,273373818.0,0.0,0.0,0.0,0.0,0.0,0.0,0.0,0.0,273373818.0,True,True,True,True,True,False,B-2H
moderate,30,2029-03-25,273373818.0,0.0,0.0,0.0,0.0,0.0,0.0,0.0,0.0,273373818.0,True,True,True,True,True,False,B-2H
moderate,31,2029-04-25,273373818.0,0.0,0.0,0.0,0.0,0.0,0.0,0.0,0.0,273373818.0,True,True,True,True,True,False,B-2H
moderate,32,2029-05-25,273373818.0,0.0,0.0,0.0,0.0,0.0,0.0,0.0,0.0,273373818.0,False,True,True,False,True,False,B-2H
moderate,33,2029-06-25,273373818.0,0.0,0.0,0.0,0.0,0.0,0.0,0.0,0.0,273373818.0,True,True,True,True,True,False,B-2H
moderate,34,2029-07-25,273373818.0,0.0,0.0,0.0,0.0,0.0,0.0,0.0,0.0,273373818.0,True,True,True,True,True,False,B-2H
moderate,35,2029-08-25,273373818.0,0.0,0.0,0.0,0.0,0.0,0.0,0.0,0.0,273373818.0,False,True,True,False,True,False,B-2H
moderate,36,2029-09-25,273373818.0,0.0,0.0,0.0,0.0,0.0,0.0,0.0,0.0,273373818.0,True,True,True,True,True,False,B-2H
moderate,37,2029-10-25,273373818.0,0.0,0.0,0.0,0.0,0.0,0.0,0.0,0.0,273373818.0,True,True,True,True,True,False,B-2H
moderate,38,2029-11-25,273373818.0,0.0,0.0,0.0,0.0,0.0,0.0,0.0,0.0,273373818.0,True,True,True,True,True,False,B-2H
moderate,39,2029-12-25,273373818.0,0.0,0.0,0.0,0.0,0.0,0.0,0.0,0.0,273373818.0,False,True,True,False,True,False,B-2H
moderate,40,2030-01-25,273373818.0,0.0,0.0,0.0,0.0,0.0,0.0,0.0,0.0,273373818.0,True,True,True,True,True,False,B-2H
moderate,41,2030-02-25,273373818.0,0.0,0.0,0.0,0.0,0.0,0.0,0.0,0.0,273373818.0,True,True,True,True,True,False,B-2H
moderate,42,2030-03-25,273373818.0,0.0,0.0,0.0,0.0,0.0,0.0,0.0,0.0,273373818.0,True,True,True,True,True,False,B-2H
moderate,43,2030-04-25,273373818.0,0.0,0.0,0.0,0.0,0.0,0.0,0.0,0.0,273373818.0,True,True,True,True,True,False,B-2H
moderate,44,2030-05-25,273373818.0,0.0,0.0,0.0,0.0,0.0,0.0,0.0,0.0,273373818.0,True,True,True,True,True,False,B-2H
moderate,45,2030-06-25,273373818.0,0.0,0.0,0.0,0.0,0.0,0.0,0.0,0.0,273373818.0,True,True,True,True,True,False,B-2H
moderate,46,2030-07-25,273373818.0,0.0,46102.9503670657,0.0,0.0,978450.6158247468,0.0,978450.6158247468,0.0,272395367.38417524,True,True,True,True,True,False,B-2H
moderate,47,2030-08-25,272395367.38417524,0.0,46027.6935690806,0.0,0.0,1174042.3971252646,0.0,1174042.3971252646,0.0,271221324.98705,True,True,True,True,True,False,B-2H
moderate,48,2030-09-25,271221324.98705,0.0,45847.07723212417,0.0,0.0,1199833.7713599592,0.0,1199833.7713599592,0.0,270021491.21569,True,True,True,True,True,False,B-2H
moderate,49,2030-10-25,270021491.21569,0.0,45737.898211517866,0.0,0.0,1203379.8121434352,0.0,1203379.8121434352,0.0,268818111.4035466,False,True,True,False,True,False,B-2H
moderate,50,2030-11-25,268818111.4035466,0.0,45713.08496660579,0.0,0.0,1224764.606605378,0.0,1224764.606605378,0.0,267593346.7969412,True,True,True,True,True,False,B-2H
moderate,51,2030-12-25,267593346.7969412,0.0,45647.77500536119,0.0,0.0,1247472.8142589298,0.0,1247472.8142589298,0.0,266345873.98268226,True,True,True,True,True,False,B-2H
moderate,52,2031-01-25,266345873.98268226,0.0,45550.62989280757,0.0,0.0,1265584.2211762238,0.0,1265584.2211762238,0.0,265080289.76150602,True,True,True,True,True,False,B-2H
moderate,53,2031-02-25,265080289.76150602,0.0,45560.840779483864,0.0,263798485.87979078,1281803.8817152418,0.0,1281803.8817152418,0.0,0.0,True,True,True,True,True,True,B-2H
moderate,1,2026-10-25,56953878.0,0.0,0.0,0.0,0.0,0.0,0.0,0.0,0.0,56953878.0,True,True,True,True,True,False,B-3H
moderate,2,2026-11-25,56953878.0,0.0,0.0,0.0,0.0,0.0,1982.4217789363588,1982.4217789363588,0.0,56951895.57822106,True,True,True,True,True,False,B-3H
moderate,3,2026-12-25,56951895.57822106,0.0,0.0,0.0,0.0,0.0,3919.2760841417416,3919.2760841417416,0.0,56947976.30213692,True,True,True,True,True,False,B-3H
moderate,4,2027-01-25,56947976.30213692,0.0,0.0,0.0,0.0,0.0,5810.7646196479445,5810.7646196479445,0.0,56942165.53751727,True,True,True,True,True,False,B-3H
moderate,5,2027-02-25,56942165.53751727,0.0,0.0,0.0,0.0,0.0,7668.488170321228,7668.488170321228,0.0,56934497.04934695,True,True,True,True,True,False,B-3H
moderate,6,2027-03-25,56934497.04934695,0.0,0.0,0.0,0.0,0.0,9491.364629767835,9491.364629767835,0.0,56925005.684717186,True,True,True,True,True,False,B-3H
moderate,7,2027-04-25,56925005.684717186,0.0,0.0,0.0,0.0,0.0,11286.500634062091,11286.500634062091,0.0,56913719.18408313,True,True,True,True,True,False,B-3H
moderate,8,2027-05-25,56913719.18408313,0.0,0.0,0.0,0.0,0.0,13055.840345141292,13055.840345141292,0.0,56900663.34373798,True,True,True,True,True,False,B-3H
moderate,9,2027-06-25,56900663.34373798,0.0,0.0,0.0,0.0,21845082.0912899,14779.953409914357,21859862.044699814,0.0,35040801.299038164,True,True,True,True,True,False,B-3H
moderate,10,2027-07-25,35040801.299038164,0.0,0.0,0.0,0.0,0.0,16464.00315470693,16464.00315470693,0.0,35024337.295883454,False,True,True,False,True,False,B-3H
moderate,11,2027-08-25,35024337.295883454,0.0,0.0,0.0,0.0,0.0,18109.251752800585,18109.251752800585,0.0,35006228.04413065,False,True,True,False,True,False,B-3H
moderate,12,2027-09-25,35006228.04413065,0.0,0.0,0.0,0.0,0.0,19701.06352732655,19701.06352732655,0.0,34986526.98060333,False,True,True,False,True,False,B-3H
moderate,13,2027-10-25,34986526.98060333,0.0,0.0,0.0,0.0,0.0,21241.648273320912,21241.648273320912,0.0,34965285.33233001,False,True,True,False,True,False,B-3H
moderate,14,2027-11-25,34965285.33233001,0.0,0.0,0.0,0.0,0.0,22370.547121718948,22370.547121718948,0.0,34942914.78520829,True,True,True,True,True,False,B-3H
moderate,15,2027-12-25,34942914.78520829,0.0,0.0,0.0,0.0,0.0,23487.864704481155,23487.864704481155,0.0,34919426.92050381,True,True,True,True,True,False,B-3H
moderate,16,2028-01-25,34919426.92050381,0.0,0.0,0.0,0.0,0.0,24555.11037416709,24555.11037416709,0.0,34894871.81012964,True,True,True,True,True,False,B-3H
moderate,17,2028-02-25,34894871.81012964,0.0,0.0,0.0,0.0,0.0,25605.072899559906,25605.072899559906,0.0,34869266.737230085,True,True,True,True,True,False,B-3H
moderate,18,2028-03-25,34869266.737230085,0.0,0.0,0.0,0.0,0.0,26658.982934873784,26658.982934873784,0.0,34842607.75429521,True,True,True,True,True,False,B-3H
moderate,19,2028-04-25,34842607.75429521,0.0,0.0,0.0,0.0,0.0,27748.970355546862,27748.970355546862,0.0,34814858.78393966,True,True,True,True,True,False,B-3H
moderate,20,2028-05-25,34814858.78393966,0.0,0.0,0.0,0.0,1480200.5596444726,28834.956031896705,1509035.5156763692,0.0,33305823.26826329,True,True,True,True,True,False,B-3H
moderate,21,2028-06-25,33305823.26826329,0.0,0.0,0.0,0.0,1467615.3684962175,29902.18687859911,1497517.5553748165,0.0,31808305.712888476,False,True,True,False,True,False,B-3H
moderate,22,2028-07-25,31808305.712888476,0.0,0.0,0.0,0.0,1463019.9241526793,30935.9810675151,1493955.9052201945,0.0,30314349.80766828,True,True,True,True,True,False,B-3H
moderate,23,2028-08-25,30314349.80766828,0.0,0.0,0.0,0.0,1458612.92759846,31966.197507251298,1490579.1251057114,0.0,28823770.682562567,True,True,True,True,True,False,B-3H
moderate,24,2028-09-25,28823770.682562567,0.0,0.0,0.0,0.0,1450957.843230906,32958.04426803071,1483915.8874989366,0.0,27339854.79506363,False,True,True,False,True,False,B-3H
moderate,25,2028-10-25,27339854.79506363,0.0,0.0,0.0,0.0,1454567.100140809,33910.26308790106,1488477.3632287101,0.0,25851377.431834918,True,True,True,True,True,False,B-3H
moderate,26,2028-11-25,25851377.431834918,0.0,0.0,0.0,0.0,1455837.238698149,34725.59502991816,1490562.8337280673,0.0,24360814.59810685,True,True,True,True,True,False,B-3H
moderate,27,2028-12-25,24360814.59810685,0.0,0.0,0.0,0.0,1456479.6761021684,35600.90695281447,1492080.5830549828,0.0,22868734.015051868,True,True,True,True,True,False,B-3H
moderate,28,2029-01-25,22868734.015051868,0.0,0.0,0.0,0.0,1464375.7038856165,36492.34363637847,1500868.047521995,0.0,21367865.967529874,False,True,True,False,True,False,B-3H
moderate,29,2029-02-25,21367865.967529874,0.0,0.0,0.0,0.0,1470004.02175002,37366.34221350337,1507370.3639635234,0.0,19860495.60356635,True,True,True,True,True,False,B-3H
moderate,30,2029-03-25,19860495.60356635,0.0,0.0,0.0,0.0,1461441.273035626,38292.502772064865,1499733.7758076908,0.0,18360761.82775866,True,True,True,True,True,False,B-3H
moderate,31,2029-04-25,18360761.82775866,0.0,0.0,0.0,0.0,1461884.7756089424,39293.00335624075,1501177.778965183,0.0,16859584.048793476,True,True,True,True,True,False,B-3H
moderate,32,2029-05-25,16859584.048793476,0.0,0.0,0.0,0.0,1132128.0473924489,40321.62377574525,1172449.6711681942,0.0,15687134.377625283,False,True,True,False,True,False,B-3H
moderate,33,2029-06-25,15687134.377625283,0.0,0.0,0.0,0.0,1134197.1132129922,41372.44128787174,1175569.554500864,0.0,14511564.82312442,True,True,True,True,True,False,B-3H
moderate,34,2029-07-25,14511564.82312442,0.0,0.0,0.0,0.0,1129957.1529296534,42323.80471387644,1172280.9576435299,0.0,13339283.86548089,True,True,True,True,True,False,B-3H
moderate,35,2029-08-25,13339283.86548089,0.0,0.0,0.0,0.0,1142953.3111404772,43336.93559154619,1186290.2467320233,0.0,12152993.618748866,False,True,True,False,True,False,B-3H
moderate,36,2029-09-25,12152993.618748866,0.0,0.0,0.0,0.0,1143851.4399044584,44361.834215671915,1188213.2741201303,0.0,10964780.344628735,True,True,True,True,True,False,B-3H
moderate,37,2029-10-25,10964780.344628735,0.0,0.0,0.0,0.0,1129431.2215217107,44831.01039719702,1174262.2319189077,0.0,9790518.112709826,True,True,True,True,True,False,B-3H
moderate,38,2029-11-25,9790518.112709826,0.0,0.0,0.0,0.0,1128846.7254885528,44989.47937153089,1173836.2048600838,0.0,8616681.907849742,True,True,True,True,True,False,B-3H
moderate,39,2029-12-25,8616681.907849742,0.0,0.0,0.0,0.0,1144782.9907589247,45205.17474086044,1189988.1654997852,0.0,7426693.742349957,False,True,True,False,True,False,B-3H
moderate,40,2030-01-25,7426693.742349957,0.0,0.0,0.0,0.0,1151552.6078493432,45303.55962120517,1196856.1674705483,0.0,6229837.574879408,True,True,True,True,True,False,B-3H
moderate,41,2030-02-25,6229837.574879408,0.0,0.0,0.0,0.0,1157066.870626236,45193.954700908056,1202260.8253271442,0.0,5027576.749552264,True,True,True,True,True,False,B-3H
moderate,42,2030-03-25,5027576.749552264,0.0,0.0,0.0,0.0,1159878.7453847122,45113.98642832373,1204992.731813036,0.0,3822584.017739228,True,True,True,True,True,False,B-3H
moderate,43,2030-04-25,3822584.017739228,0.0,0.0,0.0,0.0,1162544.4338646228,45567.56257652456,1208111.9964411473,0.0,2614472.0212980807,True,True,True,True,True,False,B-3H
moderate,44,2030-05-25,2614472.0212980807,0.0,0.0,0.0,0.0,1168051.6408191142,45828.14522415672,1213879.786043271,0.0,1400592.2352548097,True,True,True,True,True,False,B-3H
moderate,45,2030-06-25,1400592.2352548097,0.0,0.0,0.0,0.0,1165976.0524009748,46042.75123209445,1212018.8036330692,0.0,188573.43162174048,True,True,True,True,True,False,B-3H
moderate,46,2030-07-25,188573.43162174048,0.0,0.0,0.0,0.0,188573.43162174048,0.0,188573.43162174048,0.0,0.0,True,True,True,True,True,False,B-3H
moderate,47,2030-08-25,0.0,0.0,0.0,0.0,0.0,0.0,0.0,0.0,0.0,0.0,True,True,True,True,True,False,B-3H
moderate,48,2030-09-25,0.0,0.0,0.0,0.0,0.0,0.0,0.0,0.0,0.0,0.0,True,True,True,True,True,False,B-3H
moderate,49,2030-10-25,0.0,0.0,0.0,0.0,0.0,0.0,0.0,0.0,0.0,0.0,False,True,True,False,True,False,B-3H
moderate,50,2030-11-25,0.0,0.0,0.0,0.0,0.0,0.0,0.0,0.0,0.0,0.0,True,True,True,True,True,False,B-3H
moderate,51,2030-12-25,0.0,0.0,0.0,0.0,0.0,0.0,0.0,0.0,0.0,0.0,True,True,True,True,True,False,B-3H
moderate,52,2031-01-25,0.0,0.0,0.0,0.0,0.0,0.0,0.0,0.0,0.0,0.0,True,True,True,True,True,False,B-3H
moderate,53,2031-02-25,0.0,0.0,0.0,0.0,0.0,0.0,0.0,0.0,0.0,0.0,True,True,True,True,True,True,B-3H
severe,1,2026-10-25,18361378647.06,0.0,0.0,0.0,136897515.37340242,0.0,0.0,0.0,0.0,18224481131.6866,True,True,True,True,True,False,A-H
severe,2,2026-11-25,18224481131.6866,0.0,0.0,0.0,128243701.83176668,0.0,0.0,0.0,0.0,18096237429.85483,True,True,True,True,True,False,A-H
severe,3,2026-12-25,18096237429.85483,0.0,0.0,0.0,105795317.48476747,0.0,0.0,0.0,0.0,17990442112.370064,True,True,True,True,True,False,A-H
severe,4,2027-01-25,17990442112.370064,0.0,0.0,0.0,103934694.81731865,0.0,0.0,0.0,0.0,17886507417.552746,True,True,True,True,True,False,A-H
severe,5,2027-02-25,17886507417.552746,0.0,0.0,0.0,107516036.24244234,0.0,0.0,0.0,0.0,17778991381.310303,True,True,True,True,True,False,A-H
severe,6,2027-03-25,17778991381.310303,0.0,0.0,0.0,122659883.06842102,0.0,0.0,0.0,0.0,17656331498.241882,True,True,True,True,True,False,A-H
severe,7,2027-04-25,17656331498.241882,0.0,0.0,0.0,122188147.00401478,0.0,0.0,0.0,0.0,17534143351.23787,True,True,True,True,True,False,A-H
severe,8,2027-05-25,17534143351.23787,0.0,0.0,0.0,133356760.0170159,0.0,0.0,0.0,0.0,17400786591.22085,True,True,True,True,True,False,A-H
severe,9,2027-06-25,17400786591.22085,0.0,0.0,0.0,166326234.3524421,0.0,0.0,0.0,0.0,17234460356.86841,True,True,True,True,True,False,A-H
severe,10,2027-07-25,17234460356.86841,0.0,0.0,0.0,197420975.60041448,0.0,0.0,0.0,0.0,17037039381.267994,False,True,True,False,True,False,A-H
severe,11,2027-08-25,17037039381.267994,0.0,0.0,0.0,167062267.7070195,0.0,0.0,0.0,0.0,16869977113.560974,False,True,True,False,True,False,A-H
severe,12,2027-09-25,16869977113.560974,0.0,0.0,0.0,157609214.01609,0.0,0.0,0.0,0.0,16712367899.544884,False,True,True,False,True,False,A-H
severe,13,2027-10-25,16712367899.544884,0.0,0.0,0.0,162952324.5015491,0.0,0.0,0.0,0.0,16549415575.043335,False,True,True,False,True,False,A-H
severe,14,2027-11-25,16549415575.043335,0.0,0.0,0.0,140508185.40763393,0.0,0.0,0.0,0.0,16408907389.6357,True,True,True,True,True,False,A-H
severe,15,2027-12-25,16408907389.6357,0.0,0.0,0.0,115648563.84504315,0.0,0.0,0.0,0.0,16293258825.790657,True,True,True,True,True,False,A-H
severe,16,2028-01-25,16293258825.790657,0.0,0.0,0.0,109151300.94243357,0.0,0.0,0.0,0.0,16184107524.848223,True,True,True,True,True,False,A-H
severe,17,2028-02-25,16184107524.848223,0.0,0.0,0.0,106140232.90856595,0.0,0.0,0.0,0.0,16077967291.939657,True,True,True,True,True,False,A-H
severe,18,2028-03-25,16077967291.939657,0.0,0.0,0.0,135698735.98698556,0.0,0.0,0.0,0.0,15942268555.952671,True,True,True,True,True,False,A-H
severe,19,2028-04-25,15942268555.952671,0.0,0.0,0.0,119933846.33968534,0.0,0.0,0.0,0.0,15822334709.612986,True,True,True,True,True,False,A-H
severe,20,2028-05-25,15822334709.612986,0.0,0.0,0.0,129560173.86305568,0.0,0.0,0.0,0.0,15692774535.74993,True,True,True,True,True,False,A-H
severe,21,2028-06-25,15692774535.74993,0.0,0.0,0.0,281660999.2715179,0.0,0.0,0.0,0.0,15411113536.47841,True,True,True,True,True,False,A-H
severe,22,2028-07-25,15411113536.47841,0.0,0.0,0.0,365533130.0713934,0.0,0.0,0.0,0.0,15045580406.407017,False,True,True,False,True,False,A-H
severe,23,2028-08-25,15045580406.407017,0.0,0.0,0.0,313119619.8486868,0.0,0.0,0.0,0.0,14732460786.55833,True,True,True,True,True,False,A-H
severe,24,2028-09-25,14732460786.55833,0.0,0.0,0.0,345564820.7169929,0.0,0.0,0.0,0.0,14386895965.841337,True,True,True,True,True,False,A-H
severe,25,2028-10-25,14386895965.841337,0.0,0.0,0.0,398828009.2253309,0.0,0.0,0.0,0.0,13988067956.616007,True,True,True,True,True,False,A-H
severe,26,2028-11-25,13988067956.616007,0.0,0.0,0.0,367801136.089857,0.0,0.0,0.0,0.0,13620266820.52615,True,True,True,True,True,False,A-H
severe,27,2028-12-25,13620266820.52615,0.0,0.0,0.0,198830989.176207,0.0,0.0,0.0,0.0,13421435831.349943,True,True,True,True,True,False,A-H
severe,28,2029-01-25,13421435831.349943,0.0,0.0,0.0,241251699.43815154,0.0,0.0,0.0,0.0,13180184131.91179,True,True,True,True,True,False,A-H
severe,29,2029-02-25,13180184131.91179,0.0,0.0,0.0,251504693.3391792,0.0,0.0,0.0,0.0,12928679438.57261,False,True,True,False,True,False,A-H
severe,30,2029-03-25,12928679438.57261,0.0,0.0,0.0,220836671.576234,0.0,0.0,0.0,0.0,12707842766.996376,True,True,True,True,True,False,A-H
severe,31,2029-04-25,12707842766.996376,0.0,0.0,0.0,296963349.01707345,0.0,0.0,0.0,0.0,12410879417.979303,True,True,True,True,True,False,A-H
severe,32,2029-05-25,12410879417.979303,0.0,0.0,0.0,308469058.6550099,0.0,0.0,0.0,0.0,12102410359.324293,True,True,True,True,True,False,A-H
severe,33,2029-06-25,12102410359.324293,0.0,0.0,0.0,283244367.00615144,0.0,0.0,0.0,0.0,11819165992.318142,True,True,True,True,True,False,A-H
severe,34,2029-07-25,11819165992.318142,0.0,0.0,0.0,257999541.70683047,0.0,0.0,0.0,0.0,11561166450.611311,False,True,True,False,True,False,A-H
severe,35,2029-08-25,11561166450.611311,0.0,0.0,0.0,251228263.99164274,0.0,0.0,0.0,0.0,11309938186.619669,True,True,True,True,True,False,A-H
severe,36,2029-09-25,11309938186.619669,0.0,0.0,0.0,249134807.21113792,0.0,0.0,0.0,0.0,11060803379.408531,True,True,True,True,True,False,A-H
severe,37,2029-10-25,11060803379.408531,0.0,0.0,0.0,212404848.94631425,0.0,0.0,0.0,0.0,10848398530.462217,True,True,True,True,True,False,A-H
severe,38,2029-11-25,10848398530.462217,0.0,0.0,0.0,253784810.75455207,0.0,0.0,0.0,0.0,10594613719.707664,True,True,True,True,True,False,A-H
severe,39,2029-12-25,10594613719.707664,0.0,0.0,0.0,280263259.88181424,0.0,0.0,0.0,0.0,10314350459.82585,True,True,True,True,True,False,A-H
severe,40,2030-01-25,10314350459.82585,0.0,0.0,0.0,320141600.4601593,0.0,0.0,0.0,0.0,9994208859.36569,False,True,True,False,True,False,A-H
severe,41,2030-02-25,9994208859.36569,0.0,0.0,0.0,324275282.6965042,0.0,0.0,0.0,0.0,9669933576.669186,True,True,True,True,True,False,A-H
severe,42,2030-03-25,9669933576.669186,0.0,0.0,0.0,325563758.6656188,0.0,0.0,0.0,0.0,9344369818.003567,True,True,True,True,True,False,A-H
severe,43,2030-04-25,9344369818.003567,0.0,0.0,0.0,331373093.01726025,0.0,0.0,0.0,0.0,9012996724.986307,True,True,True,True,True,False,A-H
severe,44,2030-05-25,9012996724.986307,0.0,0.0,0.0,304164701.76717854,0.0,0.0,0.0,0.0,8708832023.219128,True,True,True,True,True,False,A-H
severe,45,2030-06-25,8708832023.219128,0.0,0.0,0.0,220139651.5145702,0.0,0.0,0.0,0.0,8488692371.704557,True,True,True,True,True,False,A-H
severe,46,2030-07-25,8488692371.704557,0.0,0.0,0.0,205626025.69675735,0.0,0.0,0.0,0.0,8283066346.0078,True,True,True,True,True,False,A-H
severe,47,2030-08-25,8283066346.0078,0.0,0.0,0.0,172928989.65570432,0.0,0.0,0.0,0.0,8110137356.352096,False,True,True,False,True,False,A-H
severe,48,2030-09-25,8110137356.352096,0.0,0.0,0.0,180424833.712457,0.0,0.0,0.0,0.0,7929712522.639639,True,True,True,True,True,False,A-H
severe,49,2030-10-25,7929712522.639639,0.0,0.0,0.0,174441589.31842896,0.0,0.0,0.0,0.0,7755270933.32121,True,True,True,True,True,False,A-H
severe,50,2030-11-25,7755270933.32121,0.0,0.0,0.0,200234229.0295908,0.0,0.0,0.0,0.0,7555036704.291619,True,True,True,True,True,False,A-H
severe,51,2030-12-25,7555036704.291619,0.0,0.0,0.0,219824305.0158345,0.0,0.0,0.0,0.0,7335212399.2757845,False,True,True,False,True,False,A-H
severe,52,2031-01-25,7335212399.2757845,0.0,0.0,0.0,199155323.40439573,0.0,0.0,0.0,0.0,7136057075.871388,True,True,True,True,True,False,A-H
severe,53,2031-02-25,7136057075.871388,0.0,0.0,0.0,7136057075.871388,0.0,0.0,0.0,0.0,0.0,True,True,True,True,True,True,A-H
severe,1,2026-10-25,203476250.0,769867.65259375,0.0,769867.65259375,10346250.000241492,0.0,0.0,0.0,0.0,193129999.9997585,True,True,True,True,True,False,A-1
severe,2,2026-11-25,193129999.9997585,786591.7123635748,0.0,786591.7123635748,10346250.000241492,0.0,0.0,0.0,0.0,182783749.99951702,True,True,True,True,True,False,A-1
severe,3,2026-12-25,182783749.99951702,719010.8320047668,0.0,719010.8320047668,10346250.000241492,0.0,0.0,0.0,0.0,172437499.99927554,True,True,True,True,True,False,A-1
severe,4,2027-01-25,172437499.99927554,701277.3936559252,0.0,701277.3936559252,10346250.000241492,0.0,0.0,0.0,0.0,162091249.99903405,True,True,True,True,True,False,A-1
severe,5,2027-02-25,162091249.99903405,659443.8638124063,0.0,659443.8638124063,10346250.000241494,0.0,0.0,0.0,0.0,151744999.99879256,True,True,True,True,True,False,A-1
severe,6,2027-03-25,151744999.99879256,546198.4746580927,0.0,546198.4746580927,4138500.000096597,0.0,0.0,0.0,0.0,147606499.99869597,True,True,True,True,True,False,A-1
severe,7,2027-04-25,147606499.99869597,567175.1297766422,0.0,567175.1297766422,4138500.000096597,0.0,0.0,0.0,0.0,143467999.99859938,True,True,True,True,True,False,A-1
severe,8,2027-05-25,143467999.99859938,518278.0411983736,0.0,518278.0411983736,4138500.000096597,0.0,0.0,0.0,0.0,139329499.9985028,True,True,True,True,True,False,A-1
severe,9,2027-06-25,139329499.9985028,495639.96243313135,0.0,495639.96243313135,4138500.000096597,0.0,0.0,0.0,0.0,135190999.9984062,True,True,True,True,True,False,A-1
severe,10,2027-07-25,135190999.9984062,434035.27269749984,0.0,434035.27269749984,4138500.0000965972,0.0,0.0,0.0,0.0,131052499.9983096,False,True,True,False,True,False,A-1
severe,11,2027-08-25,131052499.9983096,406112.80179925956,0.0,406112.80179925956,4138500.000096597,0.0,0.0,0.0,0.0,126913999.998213,False,True,True,False,True,False,A-1
severe,12,2027-09-25,126913999.998213,327877.6231068756,0.0,327877.6231068756,4138500.000096597,0.0,0.0,0.0,0.0,122775499.9981164,False,True,True,False,True,False,A-1
severe,13,2027-10-25,122775499.9981164,234300.55606614292,0.0,234300.55606614292,4138500.0000965972,0.0,0.0,0.0,0.0,118636999.9980198,False,True,True,False,True,False,A-1
severe,14,2027-11-25,118636999.9980198,200612.89031966685,0.0,200612.89031966685,4138500.0000965972,0.0,0.0,0.0,0.0,114498499.9979232,True,True,True,True,True,False,A-1
severe,15,2027-12-25,114498499.9979232,154205.022617603,0.0,154205.022617603,4138500.000096597,0.0,0.0,0.0,0.0,110359999.9978266,True,True,True,True,True,False,A-1
severe,16,2028-01-25,110359999.9978266,138037.14708947044,0.0,138037.14708947044,4138500.000096597,0.0,0.0,0.0,0.0,106221499.99773002,True,True,True,True,True,False,A-1
severe,17,2028-02-25,106221499.99773002,134204.53996334883,0.0,134204.53996334883,4138500.000096597,0.0,0.0,0.0,0.0,102082999.99763343,True,True,True,True,True,False,A-1
severe,18,2028-03-25,102082999.99763343,120676.18973651544,0.0,120676.18973651544,4138500.0000965977,0.0,0.0,0.0,0.0,97944499.99753682,True,True,True,True,True,False,A-1
severe,19,2028-04-25,97944499.99753682,117054.7729492911,0.0,117054.7729492911,4138500.000096597,0.0,0.0,0.0,0.0,93805999.99744022,True,True,True,True,True,False,A-1
severe,20,2028-05-25,93805999.99744022,87723.9980901895,0.0,87723.9980901895,4138500.0000965972,0.0,0.0,0.0,0.0,89667499.99734361,True,True,True,True,True,False,A-1
severe,21,2028-06-25,89667499.99734361,65808.01308572337,0.0,65808.01308572337,4138500.0000965972,0.0,0.0,0.0,0.0,85528999.99724701,True,True,True,True,True,False,A-1
severe,22,2028-07-25,85528999.99724701,60583.041664716635,0.0,60583.041664716635,4138500.0000965972,0.0,0.0,0.0,0.0,81390499.9971504,False,True,True,False,True,False,A-1
severe,23,2028-08-25,81390499.9971504,59573.32430346982,0.0,59573.32430346982,4138500.0000965963,0.0,0.0,0.0,0.0,77251999.99705382,True,True,True,True,True,False,A-1
severe,24,2028-09-25,77251999.99705382,56544.172220065775,0.0,56544.172220065775,4138500.0000965972,0.0,0.0,0.0,0.0,73113499.99695721,True,True,True,True,True,False,A-1
severe,25,2028-10-25,73113499.99695721,51788.72916451136,0.0,51788.72916451136,4138500.0000965972,0.0,0.0,0.0,0.0,68974999.99686061,True,True,True,True,True,False,A-1
severe,26,2028-11-25,68974999.99686061,50485.86805325769,0.0,50485.86805325769,4138500.000096597,0.0,0.0,0.0,0.0,64836499.99676401,True,True,True,True,True,False,A-1
severe,27,2028-12-25,64836499.99676401,45925.854164374505,0.0,45925.854164374505,4138500.0000965977,0.0,0.0,0.0,0.0,60697999.996667415,True,True,True,True,True,False,A-1
severe,28,2029-01-25,60697999.996667415,44427.56388644963,0.0,44427.56388644963,4138500.0000965972,0.0,0.0,0.0,0.0,56559499.99657082,True,True,True,True,True,False,A-1
severe,29,2029-02-25,56559499.99657082,41398.41180304559,0.0,41398.41180304559,4138500.000096597,0.0,0.0,0.0,0.0,52420999.99647422,False,True,True,False,True,False,A-1
severe,30,2029-03-25,52420999.99647422,34656.105553224625,0.0,34656.105553224625,52420999.99647422,0.0,0.0,0.0,0.0,0.0,True,True,True,True,True,False,A-1
severe,31,2029-04-25,0.0,0.0,0.0,0.0,0.0,0.0,0.0,0.0,0.0,0.0,True,True,True,True,True,False,A-1
severe,32,2029-05-25,0.0,0.0,0.0,0.0,0.0,0.0,0.0,0.0,0.0,0.0,True,True,True,True,True,False,A-1
severe,33,2029-06-25,0.0,0.0,0.0,0.0,0.0,0.0,0.0,0.0,0.0,0.0,True,True,True,True,True,False,A-1
severe,34,2029-07-25,0.0,0.0,0.0,0.0,0.0,0.0,0.0,0.0,0.0,0.0,False,True,True,False,True,False,A-1
severe,35,2029-08-25,0.0,0.0,0.0,0.0,0.0,0.0,0.0,0.0,0.0,0.0,True,True,True,True,True,False,A-1
severe,36,2029-09-25,0.0,0.0,0.0,0.0,0.0,0.0,0.0,0.0,0.0,0.0,True,True,True,True,True,False,A-1
severe,37,2029-10-25,0.0,0.0,0.0,0.0,0.0,0.0,0.0,0.0,0.0,0.0,True,True,True,True,True,False,A-1
severe,38,2029-11-25,0.0,0.0,0.0,0.0,0.0,0.0,0.0,0.0,0.0,0.0,True,True,True,True,True,False,A-1
severe,39,2029-12-25,0.0,0.0,0.0,0.0,0.0,0.0,0.0,0.0,0.0,0.0,True,True,True,True,True,False,A-1
severe,40,2030-01-25,0.0,0.0,0.0,0.0,0.0,0.0,0.0,0.0,0.0,0.0,False,True,True,False,True,False,A-1
severe,41,2030-02-25,0.0,0.0,0.0,0.0,0.0,0.0,0.0,0.0,0.0,0.0,True,True,True,True,True,False,A-1
severe,42,2030-03-25,0.0,0.0,0.0,0.0,0.0,0.0,0.0,0.0,0.0,0.0,True,True,True,True,True,False,A-1
severe,43,2030-04-25,0.0,0.0,0.0,0.0,0.0,0.0,0.0,0.0,0.0,0.0,True,True,True,True,True,False,A-1
severe,44,2030-05-25,0.0,0.0,0.0,0.0,0.0,0.0,0.0,0.0,0.0,0.0,True,True,True,True,True,False,A-1
severe,45,2030-06-25,0.0,0.0,0.0,0.0,0.0,0.0,0.0,0.0,0.0,0.0,True,True,True,True,True,False,A-1
severe,46,2030-07-25,0.0,0.0,0.0,0.0,0.0,0.0,0.0,0.0,0.0,0.0,True,True,True,True,True,False,A-1
severe,47,2030-08-25,0.0,0.0,0.0,0.0,0.0,0.0,0.0,0.0,0.0,0.0,False,True,True,False,True,False,A-1
severe,48,2030-09-25,0.0,0.0,0.0,0.0,0.0,0.0,0.0,0.0,0.0,0.0,True,True,True,True,True,False,A-1
severe,49,2030-10-25,0.0,0.0,0.0,0.0,0.0,0.0,0.0,0.0,0.0,0.0,True,True,True,True,True,False,A-1
severe,50,2030-11-25,0.0,0.0,0.0,0.0,0.0,0.0,0.0,0.0,0.0,0.0,True,True,True,True,True,False,A-1
severe,51,2030-12-25,0.0,0.0,0.0,0.0,0.0,0.0,0.0,0.0,0.0,0.0,False,True,True,False,True,False,A-1
severe,52,2031-01-25,0.0,0.0,0.0,0.0,0.0,0.0,0.0,0.0,0.0,0.0,True,True,True,True,True,False,A-1
severe,53,2031-02-25,0.0,0.0,0.0,0.0,0.0,0.0,0.0,0.0,0.0,0.0,True,True,True,True,True,True,A-1
severe,1,2026-10-25,10737765.47,0.0,0.0,0.0,545988.0747585067,0.0,0.0,0.0,0.0,10191777.395241493,True,True,True,True,True,False,A-1H
severe,2,2026-11-25,10191777.395241493,0.0,0.0,0.0,545988.0747585066,0.0,0.0,0.0,0.0,9645789.320482986,True,True,True,True,True,False,A-1H
severe,3,2026-12-25,9645789.320482986,0.0,0.0,0.0,545988.0747585066,0.0,0.0,0.0,0.0,9099801.245724479,True,True,True,True,True,False,A-1H
severe,4,2027-01-25,9099801.245724479,0.0,0.0,0.0,545988.0747585066,0.0,0.0,0.0,0.0,8553813.170965971,True,True,True,True,True,False,A-1H
severe,5,2027-02-25,8553813.170965971,0.0,0.0,0.0,545988.0747585065,0.0,0.0,0.0,0.0,8007825.096207465,True,True,True,True,True,False,A-1H
severe,6,2027-03-25,8007825.096207465,0.0,0.0,0.0,218395.22990340256,0.0,0.0,0.0,0.0,7789429.866304062,True,True,True,True,True,False,A-1H
severe,7,2027-04-25,7789429.866304062,0.0,0.0,0.0,218395.22990340256,0.0,0.0,0.0,0.0,7571034.63640066,True,True,True,True,True,False,A-1H
severe,8,2027-05-25,7571034.63640066,0.0,0.0,0.0,218395.22990340253,0.0,0.0,0.0,0.0,7352639.406497257,True,True,True,True,True,False,A-1H
severe,9,2027-06-25,7352639.406497257,0.0,0.0,0.0,218395.2299034025,0.0,0.0,0.0,0.0,7134244.176593854,True,True,True,True,True,False,A-1H
severe,10,2027-07-25,7134244.176593854,0.0,0.0,0.0,218395.22990340253,0.0,0.0,0.0,0.0,6915848.946690451,False,True,True,False,True,False,A-1H
severe,11,2027-08-25,6915848.946690451,0.0,0.0,0.0,218395.2299034025,0.0,0.0,0.0,0.0,6697453.716787049,False,True,True,False,True,False,A-1H
severe,12,2027-09-25,6697453.716787049,0.0,0.0,0.0,218395.22990340253,0.0,0.0,0.0,0.0,6479058.486883646,False,True,True,False,True,False,A-1H
severe,13,2027-10-25,6479058.486883646,0.0,0.0,0.0,218395.2299034025,0.0,0.0,0.0,0.0,6260663.256980243,False,True,True,False,True,False,A-1H
severe,14,2027-11-25,6260663.256980243,0.0,0.0,0.0,218395.22990340253,0.0,0.0,0.0,0.0,6042268.02707684,True,True,True,True,True,False,A-1H
severe,15,2027-12-25,6042268.02707684,0.0,0.0,0.0,218395.2299034025,0.0,0.0,0.0,0.0,5823872.797173438,True,True,True,True,True,False,A-1H
severe,16,2028-01-25,5823872.797173438,0.0,0.0,0.0,218395.2299034025,0.0,0.0,0.0,0.0,5605477.567270035,True,True,True,True,True,False,A-1H
severe,17,2028-02-25,5605477.567270035,0.0,0.0,0.0,218395.22990340245,0.0,0.0,0.0,0.0,5387082.337366632,True,True,True,True,True,False,A-1H
severe,18,2028-03-25,5387082.337366632,0.0,0.0,0.0,218395.22990340248,0.0,0.0,0.0,0.0,5168687.107463229,True,True,True,True,True,False,A-1H
severe,19,2028-04-25,5168687.107463229,0.0,0.0,0.0,218395.22990340245,0.0,0.0,0.0,0.0,4950291.877559827,True,True,True,True,True,False,A-1H
severe,20,2028-05-25,4950291.877559827,0.0,0.0,0.0,218395.22990340248,0.0,0.0,0.0,0.0,4731896.647656424,True,True,True,True,True,False,A-1H
severe,21,2028-06-25,4731896.647656424,0.0,0.0,0.0,218395.22990340245,0.0,0.0,0.0,0.0,4513501.417753021,True,True,True,True,True,False,A-1H
severe,22,2028-07-25,4513501.417753021,0.0,0.0,0.0,218395.22990340248,0.0,0.0,0.0,0.0,4295106.1878496185,False,True,True,False,True,False,A-1H
severe,23,2028-08-25,4295106.1878496185,0.0,0.0,0.0,218395.22990340245,0.0,0.0,0.0,0.0,4076710.957946216,True,True,True,True,True,False,A-1H
severe,24,2028-09-25,4076710.957946216,0.0,0.0,0.0,218395.22990340248,0.0,0.0,0.0,0.0,3858315.728042814,True,True,True,True,True,False,A-1H
severe,25,2028-10-25,3858315.728042814,0.0,0.0,0.0,218395.22990340248,0.0,0.0,0.0,0.0,3639920.4981394117,True,True,True,True,True,False,A-1H
severe,26,2028-11-25,3639920.4981394117,0.0,0.0,0.0,218395.2299034025,0.0,0.0,0.0,0.0,3421525.2682360094,True,True,True,True,True,False,A-1H
severe,27,2028-12-25,3421525.2682360094,0.0,0.0,0.0,218395.22990340253,0.0,0.0,0.0,0.0,3203130.0383326067,True,True,True,True,True,False,A-1H
severe,28,2029-01-25,3203130.0383326067,0.0,0.0,0.0,218395.2299034025,0.0,0.0,0.0,0.0,2984734.808429204,True,True,True,True,True,False,A-1H
severe,29,2029-02-25,2984734.808429204,0.0,0.0,0.0,218395.22990340248,0.0,0.0,0.0,0.0,2766339.5785258017,False,True,True,False,True,False,A-1H
severe,30,2029-03-25,2766339.5785258017,0.0,0.0,0.0,2766339.5785258017,0.0,0.0,0.0,0.0,0.0,True,True,True,True,True,False,A-1H
severe,31,2029-04-25,0.0,0.0,0.0,0.0,0.0,0.0,0.0,0.0,0.0,0.0,True,True,True,True,True,False,A-1H
severe,32,2029-05-25,0.0,0.0,0.0,0.0,0.0,0.0,0.0,0.0,0.0,0.0,True,True,True,True,True,False,A-1H
severe,33,2029-06-25,0.0,0.0,0.0,0.0,0.0,0.0,0.0,0.0,0.0,0.0,True,True,True,True,True,False,A-1H
severe,34,2029-07-25,0.0,0.0,0.0,0.0,0.0,0.0,0.0,0.0,0.0,0.0,False,True,True,False,True,False,A-1H
severe,35,2029-08-25,0.0,0.0,0.0,0.0,0.0,0.0,0.0,0.0,0.0,0.0,True,True,True,True,True,False,A-1H
severe,36,2029-09-25,0.0,0.0,0.0,0.0,0.0,0.0,0.0,0.0,0.0,0.0,True,True,True,True,True,False,A-1H
severe,37,2029-10-25,0.0,0.0,0.0,0.0,0.0,0.0,0.0,0.0,0.0,0.0,True,True,True,True,True,False,A-1H
severe,38,2029-11-25,0.0,0.0,0.0,0.0,0.0,0.0,0.0,0.0,0.0,0.0,True,True,True,True,True,False,A-1H
severe,39,2029-12-25,0.0,0.0,0.0,0.0,0.0,0.0,0.0,0.0,0.0,0.0,True,True,True,True,True,False,A-1H
severe,40,2030-01-25,0.0,0.0,0.0,0.0,0.0,0.0,0.0,0.0,0.0,0.0,False,True,True,False,True,False,A-1H
severe,41,2030-02-25,0.0,0.0,0.0,0.0,0.0,0.0,0.0,0.0,0.0,0.0,True,True,True,True,True,False,A-1H
severe,42,2030-03-25,0.0,0.0,0.0,0.0,0.0,0.0,0.0,0.0,0.0,0.0,True,True,True,True,True,False,A-1H
severe,43,2030-04-25,0.0,0.0,0.0,0.0,0.0,0.0,0.0,0.0,0.0,0.0,True,True,True,True,True,False,A-1H
severe,44,2030-05-25,0.0,0.0,0.0,0.0,0.0,0.0,0.0,0.0,0.0,0.0,True,True,True,True,True,False,A-1H
severe,45,2030-06-25,0.0,0.0,0.0,0.0,0.0,0.0,0.0,0.0,0.0,0.0,True,True,True,True,True,False,A-1H
severe,46,2030-07-25,0.0,0.0,0.0,0.0,0.0,0.0,0.0,0.0,0.0,0.0,True,True,True,True,True,False,A-1H
severe,47,2030-08-25,0.0,0.0,0.0,0.0,0.0,0.0,0.0,0.0,0.0,0.0,False,True,True,False,True,False,A-1H
severe,48,2030-09-25,0.0,0.0,0.0,0.0,0.0,0.0,0.0,0.0,0.0,0.0,True,True,True,True,True,False,A-1H
severe,49,2030-10-25,0.0,0.0,0.0,0.0,0.0,0.0,0.0,0.0,0.0,0.0,True,True,True,True,True,False,A-1H
severe,50,2030-11-25,0.0,0.0,0.0,0.0,0.0,0.0,0.0,0.0,0.0,0.0,True,True,True,True,True,False,A-1H
severe,51,2030-12-25,0.0,0.0,0.0,0.0,0.0,0.0,0.0,0.0,0.0,0.0,False,True,True,False,True,False,A-1H
severe,52,2031-01-25,0.0,0.0,0.0,0.0,0.0,0.0,0.0,0.0,0.0,0.0,True,True,True,True,True,False,A-1H
severe,53,2031-02-25,0.0,0.0,0.0,0.0,0.0,0.0,0.0,0.0,0.0,0.0,True,True,True,True,True,True,A-1H
severe,1,2026-10-25,157810518.32,616814.246642594,0.0,616814.246642594,5129265.174409268,0.0,0.0,0.0,0.0,152681253.14559072,True,True,True,True,True,False,M-1
severe,2,2026-11-25,152681253.14559072,641570.9032103134,0.0,641570.9032103134,4828921.589084571,0.0,0.0,0.0,0.0,147852331.55650616,True,True,True,True,True,False,M-1
severe,3,2026-12-25,147852331.55650616,600083.7239502239,0.0,600083.7239502239,4049816.723110145,0.0,0.0,0.0,0.0,143802514.83339602,True,True,True,True,True,False,M-1
severe,4,2027-01-25,143802514.83339602,603397.7045704563,0.0,603397.7045704563,3985241.021289278,0.0,0.0,0.0,0.0,139817273.81210673,True,True,True,True,True,False,M-1
severe,5,2027-02-25,139817273.81210673,586885.2740410891,0.0,586885.2740410891,4109536.8497952023,0.0,0.0,0.0,0.0,135707736.96231154,True,True,True,True,True,False,M-1
severe,6,2027-03-25,135707736.96231154,504305.7244653623,0.0,504305.7244653623,4408307.898823401,0.0,0.0,0.0,0.0,131299429.06348814,True,True,True,True,True,False,M-1
severe,7,2027-04-25,131299429.06348814,521475.0337637471,0.0,521475.0337637471,4391935.590796532,0.0,0.0,0.0,0.0,126907493.47269161,True,True,True,True,True,False,M-1
severe,8,2027-05-25,126907493.47269161,474316.66061600234,0.0,474316.66061600234,4779559.065613715,0.0,0.0,0.0,0.0,122127934.4070779,True,True,True,True,True,False,M-1
severe,9,2027-06-25,122127934.4070779,450223.30466258683,0.0,450223.30466258683,5111198.485930974,0.0,0.0,0.0,0.0,117016735.92114691,True,True,True,True,True,False,M-1
severe,10,2027-07-25,117016735.92114691,390313.2758803808,0.0,390313.2758803808,0.0,0.0,0.0,0.0,0.0,117016735.92114691,False,True,True,False,True,False,M-1
severe,11,2027-08-25,117016735.92114691,377732.6543822275,0.0,377732.6543822275,0.0,0.0,0.0,0.0,0.0,117016735.92114691,False,True,True,False,True,False,M-1
severe,12,2027-09-25,117016735.92114691,317423.06929119286,0.0,317423.06929119286,0.0,0.0,0.0,0.0,0.0,117016735.92114691,False,True,True,False,True,False,M-1
severe,13,2027-10-25,117016735.92114691,237937.82007343645,0.0,237937.82007343645,0.0,0.0,0.0,0.0,0.0,117016735.92114691,False,True,True,False,True,False,M-1
severe,14,2027-11-25,117016735.92114691,212987.71658214062,0.0,212987.71658214062,5049360.500495925,0.0,0.0,0.0,0.0,111967375.42065099,True,True,True,True,True,False,M-1
severe,15,2027-12-25,111967375.42065099,164792.0603878084,0.0,164792.0603878084,4182863.2699493077,0.0,0.0,0.0,0.0,107784512.15070169,True,True,True,True,True,False,M-1
severe,16,2028-01-25,107784512.15070169,148737.919668622,0.0,148737.919668622,3956397.2194879353,0.0,0.0,0.0,0.0,103828114.93121375,True,True,True,True,True,False,M-1
severe,17,2028-02-25,103828114.93121375,144591.77196518087,0.0,144591.77196518087,3851444.611671072,0.0,0.0,0.0,0.0,99976670.31954268,True,True,True,True,True,False,M-1
severe,18,2028-03-25,99976670.31954268,130266.73179044167,0.0,130266.73179044167,4881724.215568818,0.0,0.0,0.0,0.0,95094946.10397387,True,True,True,True,True,False,M-1
severe,19,2028-04-25,95094946.10397387,125932.33044540795,0.0,125932.33044540795,4332229.397843447,0.0,0.0,0.0,0.0,90762716.70613042,True,True,True,True,True,False,M-1
severe,20,2028-05-25,90762716.70613042,96223.3685758179,0.0,96223.3685758179,4620492.394399554,0.0,0.0,0.0,0.0,86142224.31173086,True,True,True,True,True,False,M-1
severe,21,2028-06-25,86142224.31173086,74347.47654903159,0.0,74347.47654903159,9891744.97798173,0.0,0.0,0.0,0.0,76250479.33374913,True,True,True,True,True,False,M-1
severe,22,2028-07-25,76250479.33374913,63542.066111457614,0.0,63542.066111457614,0.0,0.0,0.0,0.0,0.0,76250479.33374913,False,True,True,False,True,False,M-1
severe,23,2028-08-25,76250479.33374913,65660.13498183954,0.0,65660.13498183954,11181743.917218262,0.0,0.0,0.0,0.0,65068735.41653087,True,True,True,True,True,False,M-1
severe,24,2028-09-25,65068735.41653087,56031.41105312381,0.0,56031.41105312381,12291216.384841034,0.0,0.0,0.0,0.0,52777519.03168984,True,True,True,True,True,False,M-1
severe,25,2028-10-25,52777519.03168984,43981.26585974153,0.0,43981.26585974153,14123047.051469998,0.0,0.0,0.0,0.0,38654471.98021984,True,True,True,True,True,False,M-1
severe,26,2028-11-25,38654471.98021984,33285.79531630042,0.0,33285.79531630042,12988165.904383263,0.0,0.0,0.0,0.0,25666306.075836577,True,True,True,True,True,False,M-1
severe,27,2028-12-25,25666306.075836577,21388.588396530482,0.0,21388.588396530482,7045626.974171865,0.0,0.0,0.0,0.0,18620679.10166471,True,True,True,True,True,False,M-1
severe,28,2029-01-25,18620679.10166471,16034.473670877946,0.0,16034.473670877946,8495838.092622006,0.0,0.0,0.0,0.0,10124841.009042704,True,True,True,True,True,False,M-1
severe,29,2029-02-25,10124841.009042704,8718.613091120107,0.0,8718.613091120107,0.0,0.0,0.0,0.0,0.0,10124841.009042704,False,True,True,False,True,False,M-1
severe,30,2029-03-25,10124841.009042704,7874.876340366548,0.0,7874.876340366548,9669609.203989528,0.0,0.0,0.0,0.0,455231.80505317636,True,True,True,True,True,False,M-1
severe,31,2029-04-25,455231.80505317636,392.0051654624575,0.0,392.0051654624575,455231.80505317636,0.0,0.0,0.0,0.0,0.0,True,True,True,True,True,False,M-1
severe,32,2029-05-25,0.0,0.0,0.0,0.0,0.0,0.0,0.0,0.0,0.0,0.0,True,True,True,True,True,False,M-1
severe,33,2029-06-25,0.0,0.0,0.0,0.0,0.0,0.0,0.0,0.0,0.0,0.0,True,True,True,True,True,False,M-1
severe,34,2029-07-25,0.0,0.0,0.0,0.0,0.0,0.0,0.0,0.0,0.0,0.0,False,True,True,False,True,False,M-1
severe,35,2029-08-25,0.0,0.0,0.0,0.0,0.0,0.0,0.0,0.0,0.0,0.0,True,True,True,True,True,False,M-1
severe,36,2029-09-25,0.0,0.0,0.0,0.0,0.0,0.0,0.0,0.0,0.0,0.0,True,True,True,True,True,False,M-1
severe,37,2029-10-25,0.0,0.0,0.0,0.0,0.0,0.0,0.0,0.0,0.0,0.0,True,True,True,True,True,False,M-1
severe,38,2029-11-25,0.0,0.0,0.0,0.0,0.0,0.0,0.0,0.0,0.0,0.0,True,True,True,True,True,False,M-1
severe,39,2029-12-25,0.0,0.0,0.0,0.0,0.0,0.0,0.0,0.0,0.0,0.0,True,True,True,True,True,False,M-1
severe,40,2030-01-25,0.0,0.0,0.0,0.0,0.0,0.0,0.0,0.0,0.0,0.0,False,True,True,False,True,False,M-1
severe,41,2030-02-25,0.0,0.0,0.0,0.0,0.0,0.0,0.0,0.0,0.0,0.0,True,True,True,True,True,False,M-1
severe,42,2030-03-25,0.0,0.0,0.0,0.0,0.0,0.0,0.0,0.0,0.0,0.0,True,True,True,True,True,False,M-1
severe,43,2030-04-25,0.0,0.0,0.0,0.0,0.0,0.0,0.0,0.0,0.0,0.0,True,True,True,True,True,False,M-1
severe,44,2030-05-25,0.0,0.0,0.0,0.0,0.0,0.0,0.0,0.0,0.0,0.0,True,True,True,True,True,False,M-1
severe,45,2030-06-25,0.0,0.0,0.0,0.0,0.0,0.0,0.0,0.0,0.0,0.0,True,True,True,True,True,False,M-1
severe,46,2030-07-25,0.0,0.0,0.0,0.0,0.0,0.0,0.0,0.0,0.0,0.0,True,True,True,True,True,False,M-1
severe,47,2030-08-25,0.0,0.0,0.0,0.0,0.0,0.0,0.0,0.0,0.0,0.0,False,True,True,False,True,False,M-1
severe,48,2030-09-25,0.0,0.0,0.0,0.0,0.0,0.0,0.0,0.0,0.0,0.0,True,True,True,True,True,False,M-1
severe,49,2030-10-25,0.0,0.0,0.0,0.0,0.0,0.0,0.0,0.0,0.0,0.0,True,True,True,True,True,False,M-1
severe,50,2030-11-25,0.0,0.0,0.0,0.0,0.0,0.0,0.0,0.0,0.0,0.0,True,True,True,True,True,False,M-1
severe,51,2030-12-25,0.0,0.0,0.0,0.0,0.0,0.0,0.0,0.0,0.0,0.0,False,True,True,False,True,False,M-1
severe,52,2031-01-25,0.0,0.0,0.0,0.0,0.0,0.0,0.0,0.0,0.0,0.0,True,True,True,True,True,False,M-1
severe,53,2031-02-25,0.0,0.0,0.0,0.0,0.0,0.0,0.0,0.0,0.0,0.0,True,True,True,True,True,True,M-1
severe,1,2026-10-25,8327912.15,0.0,0.0,0.0,270679.48462039384,0.0,0.0,0.0,0.0,8057232.665379606,True,True,True,True,True,False,M-1H
severe,2,2026-11-25,8057232.665379606,0.0,0.0,0.0,254829.87573482998,0.0,0.0,0.0,0.0,7802402.789644776,True,True,True,True,True,False,M-1H
severe,3,2026-12-25,7802402.789644776,0.0,0.0,0.0,213715.27229429205,0.0,0.0,0.0,0.0,7588687.517350484,True,True,True,True,True,False,M-1H
severe,4,2027-01-25,7588687.517350484,0.0,0.0,0.0,210307.50976037592,0.0,0.0,0.0,0.0,7378380.007590108,True,True,True,True,True,False,M-1H
severe,5,2027-02-25,7378380.007590108,0.0,0.0,0.0,216866.79840240316,0.0,0.0,0.0,0.0,7161513.209187704,True,True,True,True,True,False,M-1H
severe,6,2027-03-25,7161513.209187704,0.0,0.0,0.0,232633.42204547903,0.0,0.0,0.0,0.0,6928879.787142226,True,True,True,True,True,False,M-1H
severe,7,2027-04-25,6928879.787142226,0.0,0.0,0.0,231769.4293003059,0.0,0.0,0.0,0.0,6697110.35784192,True,True,True,True,True,False,M-1H
severe,8,2027-05-25,6697110.35784192,0.0,0.0,0.0,252224.93682870443,0.0,0.0,0.0,0.0,6444885.421013216,True,True,True,True,True,False,M-1H
severe,9,2027-06-25,6444885.421013216,0.0,0.0,0.0,269726.0767228063,0.0,0.0,0.0,0.0,6175159.344290409,True,True,True,True,True,False,M-1H
severe,10,2027-07-25,6175159.344290409,0.0,0.0,0.0,0.0,0.0,0.0,0.0,0.0,6175159.344290409,False,True,True,False,True,False,M-1H
severe,11,2027-08-25,6175159.344290409,0.0,0.0,0.0,0.0,0.0,0.0,0.0,0.0,6175159.344290409,False,True,True,False,True,False,M-1H
severe,12,2027-09-25,6175159.344290409,0.0,0.0,0.0,0.0,0.0,0.0,0.0,0.0,6175159.344290409,False,True,True,False,True,False,M-1H
severe,13,2027-10-25,6175159.344290409,0.0,0.0,0.0,0.0,0.0,0.0,0.0,0.0,6175159.344290409,False,True,True,False,True,False,M-1H
severe,14,2027-11-25,6175159.344290409,0.0,0.0,0.0,266462.7878386534,0.0,0.0,0.0,0.0,5908696.556451756,True,True,True,True,True,False,M-1H
severe,15,2027-12-25,5908696.556451756,0.0,0.0,0.0,220736.35026636143,0.0,0.0,0.0,0.0,5687960.206185394,True,True,True,True,True,False,M-1H
severe,16,2028-01-25,5687960.206185394,0.0,0.0,0.0,208785.3764448607,0.0,0.0,0.0,0.0,5479174.829740534,True,True,True,True,True,False,M-1H
severe,17,2028-02-25,5479174.829740534,0.0,0.0,0.0,203246.86033632152,0.0,0.0,0.0,0.0,5275927.969404212,True,True,True,True,True,False,M-1H
severe,18,2028-03-25,5275927.969404212,0.0,0.0,0.0,257616.35435064943,0.0,0.0,0.0,0.0,5018311.615053562,True,True,True,True,True,False,M-1H
severe,19,2028-04-25,5018311.615053562,0.0,0.0,0.0,228618.63849740135,0.0,0.0,0.0,0.0,4789692.976556161,True,True,True,True,True,False,M-1H
severe,20,2028-05-25,4789692.976556161,0.0,0.0,0.0,243830.73549176738,0.0,0.0,0.0,0.0,4545862.241064394,True,True,True,True,True,False,M-1H
severe,21,2028-06-25,4545862.241064394,0.0,0.0,0.0,522003.12161572475,0.0,0.0,0.0,0.0,4023859.1194486693,True,True,True,True,True,False,M-1H
severe,22,2028-07-25,4023859.1194486693,0.0,0.0,0.0,0.0,0.0,0.0,0.0,0.0,4023859.1194486693,False,True,True,False,True,False,M-1H
severe,23,2028-08-25,4023859.1194486693,0.0,0.0,0.0,590078.4182050873,0.0,0.0,0.0,0.0,3433780.701243582,True,True,True,True,True,False,M-1H
severe,24,2028-09-25,3433780.701243582,0.0,0.0,0.0,648627.0456449301,0.0,0.0,0.0,0.0,2785153.655598652,True,True,True,True,True,False,M-1H
severe,25,2028-10-25,2785153.655598652,0.0,0.0,0.0,745295.6646176401,0.0,0.0,0.0,0.0,2039857.9909810121,True,True,True,True,True,False,M-1H
severe,26,2028-11-25,2039857.9909810121,0.0,0.0,0.0,685406.1807337782,0.0,0.0,0.0,0.0,1354451.810247234,True,True,True,True,True,False,M-1H
severe,27,2028-12-25,1354451.810247234,0.0,0.0,0.0,371808.9459892323,0.0,0.0,0.0,0.0,982642.8642580018,True,True,True,True,True,False,M-1H
severe,28,2029-01-25,982642.8642580018,0.0,0.0,0.0,448338.8941953236,0.0,0.0,0.0,0.0,534303.9700626782,True,True,True,True,True,False,M-1H
severe,29,2029-02-25,534303.9700626782,0.0,0.0,0.0,0.0,0.0,0.0,0.0,0.0,534303.9700626782,False,True,True,False,True,False,M-1H
severe,30,2029-03-25,534303.9700626782,0.0,0.0,0.0,510280.6633735681,0.0,0.0,0.0,0.0,24023.30668911012,True,True,True,True,True,False,M-1H
severe,31,2029-04-25,24023.30668911012,0.0,0.0,0.0,24023.30668911012,0.0,0.0,0.0,0.0,0.0,True,True,True,True,True,False,M-1H
severe,32,2029-05-25,0.0,0.0,0.0,0.0,0.0,0.0,0.0,0.0,0.0,0.0,True,True,True,True,True,False,M-1H
severe,33,2029-06-25,0.0,0.0,0.0,0.0,0.0,0.0,0.0,0.0,0.0,0.0,True,True,True,True,True,False,M-1H
severe,34,2029-07-25,0.0,0.0,0.0,0.0,0.0,0.0,0.0,0.0,0.0,0.0,False,True,True,False,True,False,M-1H
severe,35,2029-08-25,0.0,0.0,0.0,0.0,0.0,0.0,0.0,0.0,0.0,0.0,True,True,True,True,True,False,M-1H
severe,36,2029-09-25,0.0,0.0,0.0,0.0,0.0,0.0,0.0,0.0,0.0,0.0,True,True,True,True,True,False,M-1H
severe,37,2029-10-25,0.0,0.0,0.0,0.0,0.0,0.0,0.0,0.0,0.0,0.0,True,True,True,True,True,False,M-1H
severe,38,2029-11-25,0.0,0.0,0.0,0.0,0.0,0.0,0.0,0.0,0.0,0.0,True,True,True,True,True,False,M-1H
severe,39,2029-12-25,0.0,0.0,0.0,0.0,0.0,0.0,0.0,0.0,0.0,0.0,True,True,True,True,True,False,M-1H
severe,40,2030-01-25,0.0,0.0,0.0,0.0,0.0,0.0,0.0,0.0,0.0,0.0,False,True,True,False,True,False,M-1H
severe,41,2030-02-25,0.0,0.0,0.0,0.0,0.0,0.0,0.0,0.0,0.0,0.0,True,True,True,True,True,False,M-1H
severe,42,2030-03-25,0.0,0.0,0.0,0.0,0.0,0.0,0.0,0.0,0.0,0.0,True,True,True,True,True,False,M-1H
severe,43,2030-04-25,0.0,0.0,0.0,0.0,0.0,0.0,0.0,0.0,0.0,0.0,True,True,True,True,True,False,M-1H
severe,44,2030-05-25,0.0,0.0,0.0,0.0,0.0,0.0,0.0,0.0,0.0,0.0,True,True,True,True,True,False,M-1H
severe,45,2030-06-25,0.0,0.0,0.0,0.0,0.0,0.0,0.0,0.0,0.0,0.0,True,True,True,True,True,False,M-1H
severe,46,2030-07-25,0.0,0.0,0.0,0.0,0.0,0.0,0.0,0.0,0.0,0.0,True,True,True,True,True,False,M-1H
severe,47,2030-08-25,0.0,0.0,0.0,0.0,0.0,0.0,0.0,0.0,0.0,0.0,False,True,True,False,True,False,M-1H
severe,48,2030-09-25,0.0,0.0,0.0,0.0,0.0,0.0,0.0,0.0,0.0,0.0,True,True,True,True,True,False,M-1H
severe,49,2030-10-25,0.0,0.0,0.0,0.0,0.0,0.0,0.0,0.0,0.0,0.0,True,True,True,True,True,False,M-1H
severe,50,2030-11-25,0.0,0.0,0.0,0.0,0.0,0.0,0.0,0.0,0.0,0.0,True,True,True,True,True,False,M-1H
severe,51,2030-12-25,0.0,0.0,0.0,0.0,0.0,0.0,0.0,0.0,0.0,0.0,False,True,True,False,True,False,M-1H
severe,52,2031-01-25,0.0,0.0,0.0,0.0,0.0,0.0,0.0,0.0,0.0,0.0,True,True,True,True,True,False,M-1H
severe,53,2031-02-25,0.0,0.0,0.0,0.0,0.0,0.0,0.0,0.0,0.0,0.0,True,True,True,True,True,True,M-1H
severe,1,2026-10-25,37850000.0,157402.06375,0.0,157402.06375,0.0,0.0,0.0,0.0,0.0,37850000.0,True,True,True,True,True,False,M-2A
severe,2,2026-11-25,37850000.0,168824.6770659583,0.0,168824.6770659583,0.0,0.0,0.0,0.0,0.0,37850000.0,True,True,True,True,True,False,M-2A
severe,3,2026-12-25,37850000.0,163083.13426666666,0.0,163083.13426666666,0.0,0.0,0.0,0.0,0.0,37850000.0,True,True,True,True,True,False,M-2A
severe,4,2027-01-25,37850000.0,168597.13581906943,0.0,168597.13581906943,0.0,0.0,0.0,0.0,0.0,37850000.0,True,True,True,True,True,False,M-2A
severe,5,2027-02-25,37850000.0,168653.90542544442,0.0,168653.90542544442,0.0,0.0,0.0,0.0,0.0,37850000.0,True,True,True,True,True,False,M-2A
severe,6,2027-03-25,37850000.0,149486.66614038887,0.0,149486.66614038887,0.0,0.0,0.0,0.0,0.0,37850000.0,True,True,True,True,True,False,M-2A
severe,7,2027-04-25,37850000.0,160104.77009429163,0.0,160104.77009429163,0.0,0.0,0.0,0.0,0.0,37850000.0,True,True,True,True,True,False,M-2A
severe,8,2027-05-25,37850000.0,150926.8462970833,0.0,150926.8462970833,0.0,0.0,0.0,0.0,0.0,37850000.0,True,True,True,True,True,False,M-2A
severe,9,2027-06-25,37850000.0,149311.53085748613,0.0,149311.53085748613,0.0,0.0,0.0,0.0,0.0,37850000.0,True,True,True,True,True,False,M-2A
severe,10,2027-07-25,37850000.0,135712.45369916668,0.0,135712.45369916668,0.0,0.0,0.0,0.0,0.0,37850000.0,False,True,True,False,True,False,M-2A
severe,11,2027-08-25,37850000.0,131958.56762929165,0.0,131958.56762929165,0.0,0.0,0.0,0.0,0.0,37850000.0,False,True,True,False,True,False,M-2A
severe,12,2027-09-25,37850000.0,112450.94952897223,0.0,112450.94952897223,0.0,0.0,0.0,0.0,0.0,37850000.0,False,True,True,False,True,False,M-2A
severe,13,2027-10-25,37850000.0,86425.39269125,0.0,86425.39269125,0.0,0.0,0.0,0.0,0.0,37850000.0,False,True,True,False,True,False,M-2A
severe,14,2027-11-25,37850000.0,78670.49864798611,0.0,78670.49864798611,0.0,0.0,0.0,0.0,0.0,37850000.0,True,True,True,True,True,False,M-2A
severe,15,2027-12-25,37850000.0,65169.61523999999,0.0,65169.61523999999,0.0,0.0,0.0,0.0,0.0,37850000.0,True,True,True,True,True,False,M-2A
severe,16,2028-01-25,37850000.0,62009.26370459722,0.0,62009.26370459722,0.0,0.0,0.0,0.0,0.0,37850000.0,True,True,True,True,True,False,M-2A
severe,17,2028-02-25,37850000.0,62488.09610609722,0.0,62488.09610609722,0.0,0.0,0.0,0.0,0.0,37850000.0,True,True,True,True,True,False,M-2A
severe,18,2028-03-25,37850000.0,58464.54692268055,0.0,58464.54692268055,0.0,0.0,0.0,0.0,0.0,37850000.0,True,True,True,True,True,False,M-2A
severe,19,2028-04-25,37850000.0,59901.91276365278,0.0,59901.91276365278,0.0,0.0,0.0,0.0,0.0,37850000.0,True,True,True,True,True,False,M-2A
severe,20,2028-05-25,37850000.0,49589.708977083326,0.0,49589.708977083326,0.0,0.0,0.0,0.0,0.0,37850000.0,True,True,True,True,True,False,M-2A
severe,21,2028-06-25,37850000.0,42445.42682054167,0.0,42445.42682054167,0.0,0.0,0.0,0.0,0.0,37850000.0,True,True,True,True,True,False,M-2A
severe,22,2028-07-25,37850000.0,41004.166666666664,0.0,41004.166666666664,0.0,0.0,0.0,0.0,0.0,37850000.0,False,True,True,False,True,False,M-2A
severe,23,2028-08-25,37850000.0,42370.97222222222,0.0,42370.97222222222,0.0,0.0,0.0,0.0,0.0,37850000.0,True,True,True,True,True,False,M-2A
severe,24,2028-09-25,37850000.0,42370.97222222222,0.0,42370.97222222222,0.0,0.0,0.0,0.0,0.0,37850000.0,True,True,True,True,True,False,M-2A
severe,25,2028-10-25,37850000.0,41004.166666666664,0.0,41004.166666666664,0.0,0.0,0.0,0.0,0.0,37850000.0,True,True,True,True,True,False,M-2A
severe,26,2028-11-25,37850000.0,42370.97222222222,0.0,42370.97222222222,0.0,0.0,0.0,0.0,0.0,37850000.0,True,True,True,True,True,False,M-2A
severe,27,2028-12-25,37850000.0,41004.166666666664,0.0,41004.166666666664,0.0,0.0,0.0,0.0,0.0,37850000.0,True,True,True,True,True,False,M-2A
severe,28,2029-01-25,37850000.0,42370.97222222222,0.0,42370.97222222222,0.0,0.0,0.0,0.0,0.0,37850000.0,True,True,True,True,True,False,M-2A
severe,29,2029-02-25,37850000.0,42370.97222222222,0.0,42370.97222222222,0.0,0.0,0.0,0.0,0.0,37850000.0,False,True,True,False,True,False,M-2A
severe,30,2029-03-25,37850000.0,38270.555555555555,0.0,38270.555555555555,0.0,0.0,0.0,0.0,0.0,37850000.0,True,True,True,True,True,False,M-2A
severe,31,2029-04-25,37850000.0,42370.97222222222,0.0,42370.97222222222,9906974.762951164,0.0,0.0,0.0,0.0,27943025.237048835,True,True,True,True,True,False,M-2A
severe,32,2029-05-25,27943025.237048835,30271.610673469568,0.0,30271.610673469568,10731905.937058985,0.0,0.0,0.0,0.0,17211119.29998985,True,True,True,True,True,False,M-2A
severe,33,2029-06-25,17211119.29998985,19266.891883044194,0.0,19266.891883044194,9819320.426548392,0.0,0.0,0.0,0.0,7391798.873441458,True,True,True,True,True,False,M-2A
severe,34,2029-07-25,7391798.873441458,8007.782112894913,0.0,8007.782112894913,0.0,0.0,0.0,0.0,0.0,7391798.873441458,False,True,True,False,True,False,M-2A
severe,35,2029-08-25,7391798.873441458,8274.708183324741,0.0,8274.708183324741,7391798.873441458,0.0,0.0,0.0,0.0,0.0,True,True,True,True,True,False,M-2A
severe,36,2029-09-25,0.0,0.0,0.0,0.0,0.0,0.0,0.0,0.0,0.0,0.0,True,True,True,True,True,False,M-2A
severe,37,2029-10-25,0.0,0.0,0.0,0.0,0.0,0.0,0.0,0.0,0.0,0.0,True,True,True,True,True,False,M-2A
severe,38,2029-11-25,0.0,0.0,0.0,0.0,0.0,0.0,0.0,0.0,0.0,0.0,True,True,True,True,True,False,M-2A
severe,39,2029-12-25,0.0,0.0,0.0,0.0,0.0,0.0,0.0,0.0,0.0,0.0,True,True,True,True,True,False,M-2A
severe,40,2030-01-25,0.0,0.0,0.0,0.0,0.0,0.0,0.0,0.0,0.0,0.0,False,True,True,False,True,False,M-2A
severe,41,2030-02-25,0.0,0.0,0.0,0.0,0.0,0.0,0.0,0.0,0.0,0.0,True,True,True,True,True,False,M-2A
severe,42,2030-03-25,0.0,0.0,0.0,0.0,0.0,0.0,0.0,0.0,0.0,0.0,True,True,True,True,True,False,M-2A
severe,43,2030-04-25,0.0,0.0,0.0,0.0,0.0,0.0,0.0,0.0,0.0,0.0,True,True,True,True,True,False,M-2A
severe,44,2030-05-25,0.0,0.0,0.0,0.0,0.0,0.0,0.0,0.0,0.0,0.0,True,True,True,True,True,False,M-2A
severe,45,2030-06-25,0.0,0.0,0.0,0.0,0.0,0.0,0.0,0.0,0.0,0.0,True,True,True,True,True,False,M-2A
severe,46,2030-07-25,0.0,0.0,0.0,0.0,0.0,0.0,0.0,0.0,0.0,0.0,True,True,True,True,True,False,M-2A
severe,47,2030-08-25,0.0,0.0,0.0,0.0,0.0,0.0,0.0,0.0,0.0,0.0,False,True,True,False,True,False,M-2A
severe,48,2030-09-25,0.0,0.0,0.0,0.0,0.0,0.0,0.0,0.0,0.0,0.0,True,True,True,True,True,False,M-2A
severe,49,2030-10-25,0.0,0.0,0.0,0.0,0.0,0.0,0.0,0.0,0.0,0.0,True,True,True,True,True,False,M-2A
severe,50,2030-11-25,0.0,0.0,0.0,0.0,0.0,0.0,0.0,0.0,0.0,0.0,True,True,True,True,True,False,M-2A
severe,51,2030-12-25,0.0,0.0,0.0,0.0,0.0,0.0,0.0,0.0,0.0,0.0,False,True,True,False,True,False,M-2A
severe,52,2031-01-25,0.0,0.0,0.0,0.0,0.0,0.0,0.0,0.0,0.0,0.0,True,True,True,True,True,False,M-2A
severe,53,2031-02-25,0.0,0.0,0.0,0.0,0.0,0.0,0.0,0.0,0.0,0.0,True,True,True,True,True,True,M-2A
severe,1,2026-10-25,2017015.0,0.0,0.0,0.0,0.0,0.0,0.0,0.0,0.0,2017015.0,True,True,True,True,True,False,M-2AH
severe,2,2026-11-25,2017015.0,0.0,0.0,0.0,0.0,0.0,0.0,0.0,0.0,2017015.0,True,True,True,True,True,False,M-2AH
severe,3,2026-12-25,2017015.0,0.0,0.0,0.0,0.0,0.0,0.0,0.0,0.0,2017015.0,True,True,True,True,True,False,M-2AH
severe,4,2027-01-25,2017015.0,0.0,0.0,0.0,0.0,0.0,0.0,0.0,0.0,2017015.0,True,True,True,True,True,False,M-2AH
severe,5,2027-02-25,2017015.0,0.0,0.0,0.0,0.0,0.0,0.0,0.0,0.0,2017015.0,True,True,True,True,True,False,M-2AH
severe,6,2027-03-25,2017015.0,0.0,0.0,0.0,0.0,0.0,0.0,0.0,0.0,2017015.0,True,True,True,True,True,False,M-2AH
severe,7,2027-04-25,2017015.0,0.0,0.0,0.0,0.0,0.0,0.0,0.0,0.0,2017015.0,True,True,True,True,True,False,M-2AH
severe,8,2027-05-25,2017015.0,0.0,0.0,0.0,0.0,0.0,0.0,0.0,0.0,2017015.0,True,True,True,True,True,False,M-2AH
severe,9,2027-06-25,2017015.0,0.0,0.0,0.0,0.0,0.0,0.0,0.0,0.0,2017015.0,True,True,True,True,True,False,M-2AH
severe,10,2027-07-25,2017015.0,0.0,0.0,0.0,0.0,0.0,0.0,0.0,0.0,2017015.0,False,True,True,False,True,False,M-2AH
severe,11,2027-08-25,2017015.0,0.0,0.0,0.0,0.0,0.0,0.0,0.0,0.0,2017015.0,False,True,True,False,True,False,M-2AH
severe,12,2027-09-25,2017015.0,0.0,0.0,0.0,0.0,0.0,0.0,0.0,0.0,2017015.0,False,True,True,False,True,False,M-2AH
severe,13,2027-10-25,2017015.0,0.0,0.0,0.0,0.0,0.0,0.0,0.0,0.0,2017015.0,False,True,True,False,True,False,M-2AH
severe,14,2027-11-25,2017015.0,0.0,0.0,0.0,0.0,0.0,0.0,0.0,0.0,2017015.0,True,True,True,True,True,False,M-2AH
severe,15,2027-12-25,2017015.0,0.0,0.0,0.0,0.0,0.0,0.0,0.0,0.0,2017015.0,True,True,True,True,True,False,M-2AH
severe,16,2028-01-25,2017015.0,0.0,0.0,0.0,0.0,0.0,0.0,0.0,0.0,2017015.0,True,True,True,True,True,False,M-2AH
severe,17,2028-02-25,2017015.0,0.0,0.0,0.0,0.0,0.0,0.0,0.0,0.0,2017015.0,True,True,True,True,True,False,M-2AH
severe,18,2028-03-25,2017015.0,0.0,0.0,0.0,0.0,0.0,0.0,0.0,0.0,2017015.0,True,True,True,True,True,False,M-2AH
severe,19,2028-04-25,2017015.0,0.0,0.0,0.0,0.0,0.0,0.0,0.0,0.0,2017015.0,True,True,True,True,True,False,M-2AH
severe,20,2028-05-25,2017015.0,0.0,0.0,0.0,0.0,0.0,0.0,0.0,0.0,2017015.0,True,True,True,True,True,False,M-2AH
severe,21,2028-06-25,2017015.0,0.0,0.0,0.0,0.0,0.0,0.0,0.0,0.0,2017015.0,True,True,True,True,True,False,M-2AH
severe,22,2028-07-25,2017015.0,0.0,0.0,0.0,0.0,0.0,0.0,0.0,0.0,2017015.0,False,True,True,False,True,False,M-2AH
severe,23,2028-08-25,2017015.0,0.0,0.0,0.0,0.0,0.0,0.0,0.0,0.0,2017015.0,True,True,True,True,True,False,M-2AH
severe,24,2028-09-25,2017015.0,0.0,0.0,0.0,0.0,0.0,0.0,0.0,0.0,2017015.0,True,True,True,True,True,False,M-2AH
severe,25,2028-10-25,2017015.0,0.0,0.0,0.0,0.0,0.0,0.0,0.0,0.0,2017015.0,True,True,True,True,True,False,M-2AH
severe,26,2028-11-25,2017015.0,0.0,0.0,0.0,0.0,0.0,0.0,0.0,0.0,2017015.0,True,True,True,True,True,False,M-2AH
severe,27,2028-12-25,2017015.0,0.0,0.0,0.0,0.0,0.0,0.0,0.0,0.0,2017015.0,True,True,True,True,True,False,M-2AH
severe,28,2029-01-25,2017015.0,0.0,0.0,0.0,0.0,0.0,0.0,0.0,0.0,2017015.0,True,True,True,True,True,False,M-2AH
severe,29,2029-02-25,2017015.0,0.0,0.0,0.0,0.0,0.0,0.0,0.0,0.0,2017015.0,False,True,True,False,True,False,M-2AH
severe,30,2029-03-25,2017015.0,0.0,0.0,0.0,0.0,0.0,0.0,0.0,0.0,2017015.0,True,True,True,True,True,False,M-2AH
severe,31,2029-04-25,2017015.0,0.0,0.0,0.0,527939.6750724951,0.0,0.0,0.0,0.0,1489075.3249275049,True,True,True,True,True,False,M-2AH
severe,32,2029-05-25,1489075.3249275049,0.0,0.0,0.0,571900.0067011105,0.0,0.0,0.0,0.0,917175.3182263944,True,True,True,True,True,False,M-2AH
severe,33,2029-06-25,917175.3182263944,0.0,0.0,0.0,523268.6021176884,0.0,0.0,0.0,0.0,393906.71610870596,True,True,True,True,True,False,M-2AH
severe,34,2029-07-25,393906.71610870596,0.0,0.0,0.0,0.0,0.0,0.0,0.0,0.0,393906.71610870596,False,True,True,False,True,False,M-2AH
severe,35,2029-08-25,393906.71610870596,0.0,0.0,0.0,393906.71610870596,0.0,0.0,0.0,0.0,0.0,True,True,True,True,True,False,M-2AH
severe,36,2029-09-25,0.0,0.0,0.0,0.0,0.0,0.0,0.0,0.0,0.0,0.0,True,True,True,True,True,False,M-2AH
severe,37,2029-10-25,0.0,0.0,0.0,0.0,0.0,0.0,0.0,0.0,0.0,0.0,True,True,True,True,True,False,M-2AH
severe,38,2029-11-25,0.0,0.0,0.0,0.0,0.0,0.0,0.0,0.0,0.0,0.0,True,True,True,True,True,False,M-2AH
severe,39,2029-12-25,0.0,0.0,0.0,0.0,0.0,0.0,0.0,0.0,0.0,0.0,True,True,True,True,True,False,M-2AH
severe,40,2030-01-25,0.0,0.0,0.0,0.0,0.0,0.0,0.0,0.0,0.0,0.0,False,True,True,False,True,False,M-2AH
severe,41,2030-02-25,0.0,0.0,0.0,0.0,0.0,0.0,0.0,0.0,0.0,0.0,True,True,True,True,True,False,M-2AH
severe,42,2030-03-25,0.0,0.0,0.0,0.0,0.0,0.0,0.0,0.0,0.0,0.0,True,True,True,True,True,False,M-2AH
severe,43,2030-04-25,0.0,0.0,0.0,0.0,0.0,0.0,0.0,0.0,0.0,0.0,True,True,True,True,True,False,M-2AH
severe,44,2030-05-25,0.0,0.0,0.0,0.0,0.0,0.0,0.0,0.0,0.0,0.0,True,True,True,True,True,False,M-2AH
severe,45,2030-06-25,0.0,0.0,0.0,0.0,0.0,0.0,0.0,0.0,0.0,0.0,True,True,True,True,True,False,M-2AH
severe,46,2030-07-25,0.0,0.0,0.0,0.0,0.0,0.0,0.0,0.0,0.0,0.0,True,True,True,True,True,False,M-2AH
severe,47,2030-08-25,0.0,0.0,0.0,0.0,0.0,0.0,0.0,0.0,0.0,0.0,False,True,True,False,True,False,M-2AH
severe,48,2030-09-25,0.0,0.0,0.0,0.0,0.0,0.0,0.0,0.0,0.0,0.0,True,True,True,True,True,False,M-2AH
severe,49,2030-10-25,0.0,0.0,0.0,0.0,0.0,0.0,0.0,0.0,0.0,0.0,True,True,True,True,True,False,M-2AH
severe,50,2030-11-25,0.0,0.0,0.0,0.0,0.0,0.0,0.0,0.0,0.0,0.0,True,True,True,True,True,False,M-2AH
severe,51,2030-12-25,0.0,0.0,0.0,0.0,0.0,0.0,0.0,0.0,0.0,0.0,False,True,True,False,True,False,M-2AH
severe,52,2031-01-25,0.0,0.0,0.0,0.0,0.0,0.0,0.0,0.0,0.0,0.0,True,True,True,True,True,False,M-2AH
severe,53,2031-02-25,0.0,0.0,0.0,0.0,0.0,0.0,0.0,0.0,0.0,0.0,True,True,True,True,True,True,M-2AH
severe,1,2026-10-25,37850000.0,157402.06375,0.0,157402.06375,0.0,0.0,0.0,0.0,0.0,37850000.0,True,True,True,True,True,False,M-2B
severe,2,2026-11-25,37850000.0,168824.6770659583,0.0,168824.6770659583,0.0,0.0,0.0,0.0,0.0,37850000.0,True,True,True,True,True,False,M-2B
severe,3,2026-12-25,37850000.0,163083.13426666666,0.0,163083.13426666666,0.0,0.0,0.0,0.0,0.0,37850000.0,True,True,True,True,True,False,M-2B
severe,4,2027-01-25,37850000.0,168597.13581906943,0.0,168597.13581906943,0.0,0.0,0.0,0.0,0.0,37850000.0,True,True,True,True,True,False,M-2B
severe,5,2027-02-25,37850000.0,168653.90542544442,0.0,168653.90542544442,0.0,0.0,0.0,0.0,0.0,37850000.0,True,True,True,True,True,False,M-2B
severe,6,2027-03-25,37850000.0,149486.66614038887,0.0,149486.66614038887,0.0,0.0,0.0,0.0,0.0,37850000.0,True,True,True,True,True,False,M-2B
severe,7,2027-04-25,37850000.0,160104.77009429163,0.0,160104.77009429163,0.0,0.0,0.0,0.0,0.0,37850000.0,True,True,True,True,True,False,M-2B
severe,8,2027-05-25,37850000.0,150926.8462970833,0.0,150926.8462970833,0.0,0.0,0.0,0.0,0.0,37850000.0,True,True,True,True,True,False,M-2B
severe,9,2027-06-25,37850000.0,149311.53085748613,0.0,149311.53085748613,0.0,0.0,0.0,0.0,0.0,37850000.0,True,True,True,True,True,False,M-2B
severe,10,2027-07-25,37850000.0,135712.45369916668,0.0,135712.45369916668,0.0,0.0,0.0,0.0,0.0,37850000.0,False,True,True,False,True,False,M-2B
severe,11,2027-08-25,37850000.0,131958.56762929165,0.0,131958.56762929165,0.0,0.0,0.0,0.0,0.0,37850000.0,False,True,True,False,True,False,M-2B
severe,12,2027-09-25,37850000.0,112450.94952897223,0.0,112450.94952897223,0.0,0.0,0.0,0.0,0.0,37850000.0,False,True,True,False,True,False,M-2B
severe,13,2027-10-25,37850000.0,86425.39269125,0.0,86425.39269125,0.0,0.0,0.0,0.0,0.0,37850000.0,False,True,True,False,True,False,M-2B
severe,14,2027-11-25,37850000.0,78670.49864798611,0.0,78670.49864798611,0.0,0.0,0.0,0.0,0.0,37850000.0,True,True,True,True,True,False,M-2B
severe,15,2027-12-25,37850000.0,65169.61523999999,0.0,65169.61523999999,0.0,0.0,0.0,0.0,0.0,37850000.0,True,True,True,True,True,False,M-2B
severe,16,2028-01-25,37850000.0,62009.26370459722,0.0,62009.26370459722,0.0,0.0,0.0,0.0,0.0,37850000.0,True,True,True,True,True,False,M-2B
severe,17,2028-02-25,37850000.0,62488.09610609722,0.0,62488.09610609722,0.0,0.0,0.0,0.0,0.0,37850000.0,True,True,True,True,True,False,M-2B
severe,18,2028-03-25,37850000.0,58464.54692268055,0.0,58464.54692268055,0.0,0.0,0.0,0.0,0.0,37850000.0,True,True,True,True,True,False,M-2B
severe,19,2028-04-25,37850000.0,59901.91276365278,0.0,59901.91276365278,0.0,0.0,0.0,0.0,0.0,37850000.0,True,True,True,True,True,False,M-2B
severe,20,2028-05-25,37850000.0,49589.708977083326,0.0,49589.708977083326,0.0,0.0,0.0,0.0,0.0,37850000.0,True,True,True,True,True,False,M-2B
severe,21,2028-06-25,37850000.0,42445.42682054167,0.0,42445.42682054167,0.0,0.0,0.0,0.0,0.0,37850000.0,True,True,True,True,True,False,M-2B
severe,22,2028-07-25,37850000.0,41004.166666666664,0.0,41004.166666666664,0.0,0.0,0.0,0.0,0.0,37850000.0,False,True,True,False,True,False,M-2B
severe,23,2028-08-25,37850000.0,42370.97222222222,0.0,42370.97222222222,0.0,0.0,0.0,0.0,0.0,37850000.0,True,True,True,True,True,False,M-2B
severe,24,2028-09-25,37850000.0,42370.97222222222,0.0,42370.97222222222,0.0,0.0,0.0,0.0,0.0,37850000.0,True,True,True,True,True,False,M-2B
severe,25,2028-10-25,37850000.0,41004.166666666664,0.0,41004.166666666664,0.0,0.0,0.0,0.0,0.0,37850000.0,True,True,True,True,True,False,M-2B
severe,26,2028-11-25,37850000.0,42370.97222222222,0.0,42370.97222222222,0.0,0.0,0.0,0.0,0.0,37850000.0,True,True,True,True,True,False,M-2B
severe,27,2028-12-25,37850000.0,41004.166666666664,0.0,41004.166666666664,0.0,0.0,0.0,0.0,0.0,37850000.0,True,True,True,True,True,False,M-2B
severe,28,2029-01-25,37850000.0,42370.97222222222,0.0,42370.97222222222,0.0,0.0,0.0,0.0,0.0,37850000.0,True,True,True,True,True,False,M-2B
severe,29,2029-02-25,37850000.0,42370.97222222222,0.0,42370.97222222222,0.0,0.0,0.0,0.0,0.0,37850000.0,False,True,True,False,True,False,M-2B
severe,30,2029-03-25,37850000.0,38270.555555555555,0.0,38270.555555555555,0.0,0.0,0.0,0.0,0.0,37850000.0,True,True,True,True,True,False,M-2B
severe,31,2029-04-25,37850000.0,42370.97222222222,0.0,42370.97222222222,0.0,0.0,0.0,0.0,0.0,37850000.0,True,True,True,True,True,False,M-2B
severe,32,2029-05-25,37850000.0,41004.166666666664,0.0,41004.166666666664,0.0,0.0,0.0,0.0,0.0,37850000.0,True,True,True,True,True,False,M-2B
severe,33,2029-06-25,37850000.0,42370.97222222222,0.0,42370.97222222222,0.0,0.0,0.0,0.0,0.0,37850000.0,True,True,True,True,True,False,M-2B
severe,34,2029-07-25,37850000.0,41004.166666666664,0.0,41004.166666666664,0.0,0.0,0.0,0.0,0.0,37850000.0,False,True,True,False,True,False,M-2B
severe,35,2029-08-25,37850000.0,42370.97222222222,0.0,42370.97222222222,1445335.3723329718,0.0,0.0,0.0,0.0,36404664.627667025,True,True,True,True,True,False,M-2B
severe,36,2029-09-25,36404664.627667025,40752.99956930503,0.0,40752.99956930503,8730842.457658257,0.0,0.0,0.0,0.0,27673822.170008767,True,True,True,True,True,False,M-2B
severe,37,2029-10-25,27673822.170008767,29979.974017509496,0.0,29979.974017509496,7409046.243797267,0.0,0.0,0.0,0.0,20264775.9262115,True,True,True,True,True,False,M-2B
severe,38,2029-11-25,20264775.9262115,22685.290828508983,0.0,22685.290828508983,8824381.328496933,0.0,0.0,0.0,0.0,11440394.597714566,True,True,True,True,True,False,M-2B
severe,39,2029-12-25,11440394.597714566,12393.76081419078,0.0,12393.76081419078,9707773.066028554,0.0,0.0,0.0,0.0,1732621.5316860117,True,True,True,True,True,False,M-2B
severe,40,2030-01-25,1732621.5316860117,1939.5735479707296,0.0,1939.5735479707296,0.0,0.0,0.0,0.0,0.0,1732621.5316860117,False,True,True,False,True,False,M-2B
severe,41,2030-02-25,1732621.5316860117,1939.5735479707296,0.0,1939.5735479707296,1732621.5316860117,0.0,0.0,0.0,0.0,0.0,True,True,True,True,True,False,M-2B
severe,42,2030-03-25,0.0,0.0,0.0,0.0,0.0,0.0,0.0,0.0,0.0,0.0,True,True,True,True,True,False,M-2B
severe,43,2030-04-25,0.0,0.0,0.0,0.0,0.0,0.0,0.0,0.0,0.0,0.0,True,True,True,True,True,False,M-2B
severe,44,2030-05-25,0.0,0.0,0.0,0.0,0.0,0.0,0.0,0.0,0.0,0.0,True,True,True,True,True,False,M-2B
severe,45,2030-06-25,0.0,0.0,0.0,0.0,0.0,0.0,0.0,0.0,0.0,0.0,True,True,True,True,True,False,M-2B
severe,46,2030-07-25,0.0,0.0,0.0,0.0,0.0,0.0,0.0,0.0,0.0,0.0,True,True,True,True,True,False,M-2B
severe,47,2030-08-25,0.0,0.0,0.0,0.0,0.0,0.0,0.0,0.0,0.0,0.0,False,True,True,False,True,False,M-2B
severe,48,2030-09-25,0.0,0.0,0.0,0.0,0.0,0.0,0.0,0.0,0.0,0.0,True,True,True,True,True,False,M-2B
severe,49,2030-10-25,0.0,0.0,0.0,0.0,0.0,0.0,0.0,0.0,0.0,0.0,True,True,True,True,True,False,M-2B
severe,50,2030-11-25,0.0,0.0,0.0,0.0,0.0,0.0,0.0,0.0,0.0,0.0,True,True,True,True,True,False,M-2B
severe,51,2030-12-25,0.0,0.0,0.0,0.0,0.0,0.0,0.0,0.0,0.0,0.0,False,True,True,False,True,False,M-2B
severe,52,2031-01-25,0.0,0.0,0.0,0.0,0.0,0.0,0.0,0.0,0.0,0.0,True,True,True,True,True,False,M-2B
severe,53,2031-02-25,0.0,0.0,0.0,0.0,0.0,0.0,0.0,0.0,0.0,0.0,True,True,True,True,True,True,M-2B
severe,1,2026-10-25,2017015.0,0.0,0.0,0.0,0.0,0.0,0.0,0.0,0.0,2017015.0,True,True,True,True,True,False,M-2BH
severe,2,2026-11-25,2017015.0,0.0,0.0,0.0,0.0,0.0,0.0,0.0,0.0,2017015.0,True,True,True,True,True,False,M-2BH
severe,3,2026-12-25,2017015.0,0.0,0.0,0.0,0.0,0.0,0.0,0.0,0.0,2017015.0,True,True,True,True,True,False,M-2BH
severe,4,2027-01-25,2017015.0,0.0,0.0,0.0,0.0,0.0,0.0,0.0,0.0,2017015.0,True,True,True,True,True,False,M-2BH
severe,5,2027-02-25,2017015.0,0.0,0.0,0.0,0.0,0.0,0.0,0.0,0.0,2017015.0,True,True,True,True,True,False,M-2BH
severe,6,2027-03-25,2017015.0,0.0,0.0,0.0,0.0,0.0,0.0,0.0,0.0,2017015.0,True,True,True,True,True,False,M-2BH
severe,7,2027-04-25,2017015.0,0.0,0.0,0.0,0.0,0.0,0.0,0.0,0.0,2017015.0,True,True,True,True,True,False,M-2BH
severe,8,2027-05-25,2017015.0,0.0,0.0,0.0,0.0,0.0,0.0,0.0,0.0,2017015.0,True,True,True,True,True,False,M-2BH
severe,9,2027-06-25,2017015.0,0.0,0.0,0.0,0.0,0.0,0.0,0.0,0.0,2017015.0,True,True,True,True,True,False,M-2BH
severe,10,2027-07-25,2017015.0,0.0,0.0,0.0,0.0,0.0,0.0,0.0,0.0,2017015.0,False,True,True,False,True,False,M-2BH
severe,11,2027-08-25,2017015.0,0.0,0.0,0.0,0.0,0.0,0.0,0.0,0.0,2017015.0,False,True,True,False,True,False,M-2BH
severe,12,2027-09-25,2017015.0,0.0,0.0,0.0,0.0,0.0,0.0,0.0,0.0,2017015.0,False,True,True,False,True,False,M-2BH
severe,13,2027-10-25,2017015.0,0.0,0.0,0.0,0.0,0.0,0.0,0.0,0.0,2017015.0,False,True,True,False,True,False,M-2BH
severe,14,2027-11-25,2017015.0,0.0,0.0,0.0,0.0,0.0,0.0,0.0,0.0,2017015.0,True,True,True,True,True,False,M-2BH
severe,15,2027-12-25,2017015.0,0.0,0.0,0.0,0.0,0.0,0.0,0.0,0.0,2017015.0,True,True,True,True,True,False,M-2BH
severe,16,2028-01-25,2017015.0,0.0,0.0,0.0,0.0,0.0,0.0,0.0,0.0,2017015.0,True,True,True,True,True,False,M-2BH
severe,17,2028-02-25,2017015.0,0.0,0.0,0.0,0.0,0.0,0.0,0.0,0.0,2017015.0,True,True,True,True,True,False,M-2BH
severe,18,2028-03-25,2017015.0,0.0,0.0,0.0,0.0,0.0,0.0,0.0,0.0,2017015.0,True,True,True,True,True,False,M-2BH
severe,19,2028-04-25,2017015.0,0.0,0.0,0.0,0.0,0.0,0.0,0.0,0.0,2017015.0,True,True,True,True,True,False,M-2BH
severe,20,2028-05-25,2017015.0,0.0,0.0,0.0,0.0,0.0,0.0,0.0,0.0,2017015.0,True,True,True,True,True,False,M-2BH
severe,21,2028-06-25,2017015.0,0.0,0.0,0.0,0.0,0.0,0.0,0.0,0.0,2017015.0,True,True,True,True,True,False,M-2BH
severe,22,2028-07-25,2017015.0,0.0,0.0,0.0,0.0,0.0,0.0,0.0,0.0,2017015.0,False,True,True,False,True,False,M-2BH
severe,23,2028-08-25,2017015.0,0.0,0.0,0.0,0.0,0.0,0.0,0.0,0.0,2017015.0,True,True,True,True,True,False,M-2BH
severe,24,2028-09-25,2017015.0,0.0,0.0,0.0,0.0,0.0,0.0,0.0,0.0,2017015.0,True,True,True,True,True,False,M-2BH
severe,25,2028-10-25,2017015.0,0.0,0.0,0.0,0.0,0.0,0.0,0.0,0.0,2017015.0,True,True,True,True,True,False,M-2BH
severe,26,2028-11-25,2017015.0,0.0,0.0,0.0,0.0,0.0,0.0,0.0,0.0,2017015.0,True,True,True,True,True,False,M-2BH
severe,27,2028-12-25,2017015.0,0.0,0.0,0.0,0.0,0.0,0.0,0.0,0.0,2017015.0,True,True,True,True,True,False,M-2BH
severe,28,2029-01-25,2017015.0,0.0,0.0,0.0,0.0,0.0,0.0,0.0,0.0,2017015.0,True,True,True,True,True,False,M-2BH
severe,29,2029-02-25,2017015.0,0.0,0.0,0.0,0.0,0.0,0.0,0.0,0.0,2017015.0,False,True,True,False,True,False,M-2BH
severe,30,2029-03-25,2017015.0,0.0,0.0,0.0,0.0,0.0,0.0,0.0,0.0,2017015.0,True,True,True,True,True,False,M-2BH
severe,31,2029-04-25,2017015.0,0.0,0.0,0.0,0.0,0.0,0.0,0.0,0.0,2017015.0,True,True,True,True,True,False,M-2BH
severe,32,2029-05-25,2017015.0,0.0,0.0,0.0,0.0,0.0,0.0,0.0,0.0,2017015.0,True,True,True,True,True,False,M-2BH
severe,33,2029-06-25,2017015.0,0.0,0.0,0.0,0.0,0.0,0.0,0.0,0.0,2017015.0,True,True,True,True,True,False,M-2BH
severe,34,2029-07-25,2017015.0,0.0,0.0,0.0,0.0,0.0,0.0,0.0,0.0,2017015.0,False,True,True,False,True,False,M-2BH
severe,35,2029-08-25,2017015.0,0.0,0.0,0.0,77021.4828540605,0.0,0.0,0.0,0.0,1939993.5171459394,True,True,True,True,True,False,M-2BH
severe,36,2029-09-25,1939993.5171459394,0.0,0.0,0.0,465263.9418687865,0.0,0.0,0.0,0.0,1474729.575277153,True,True,True,True,True,False,M-2BH
severe,37,2029-10-25,1474729.575277153,0.0,0.0,0.0,394825.82323468284,0.0,0.0,0.0,0.0,1079903.75204247,True,True,True,True,True,False,M-2BH
severe,38,2029-11-25,1079903.75204247,0.0,0.0,0.0,470248.59987577924,0.0,0.0,0.0,0.0,609655.1521666908,True,True,True,True,True,False,M-2BH
severe,39,2029-12-25,609655.1521666908,0.0,0.0,0.0,517324.2771671225,0.0,0.0,0.0,0.0,92330.87499956827,True,True,True,True,True,False,M-2BH
severe,40,2030-01-25,92330.87499956827,0.0,0.0,0.0,0.0,0.0,0.0,0.0,0.0,92330.87499956827,False,True,True,False,True,False,M-2BH
severe,41,2030-02-25,92330.87499956827,0.0,0.0,0.0,92330.87499956827,0.0,0.0,0.0,0.0,0.0,True,True,True,True,True,False,M-2BH
severe,42,2030-03-25,0.0,0.0,0.0,0.0,0.0,0.0,0.0,0.0,0.0,0.0,True,True,True,True,True,False,M-2BH
severe,43,2030-04-25,0.0,0.0,0.0,0.0,0.0,0.0,0.0,0.0,0.0,0.0,True,True,True,True,True,False,M-2BH
severe,44,2030-05-25,0.0,0.0,0.0,0.0,0.0,0.0,0.0,0.0,0.0,0.0,True,True,True,True,True,False,M-2BH
severe,45,2030-06-25,0.0,0.0,0.0,0.0,0.0,0.0,0.0,0.0,0.0,0.0,True,True,True,True,True,False,M-2BH
severe,46,2030-07-25,0.0,0.0,0.0,0.0,0.0,0.0,0.0,0.0,0.0,0.0,True,True,True,True,True,False,M-2BH
severe,47,2030-08-25,0.0,0.0,0.0,0.0,0.0,0.0,0.0,0.0,0.0,0.0,False,True,True,False,True,False,M-2BH
severe,48,2030-09-25,0.0,0.0,0.0,0.0,0.0,0.0,0.0,0.0,0.0,0.0,True,True,True,True,True,False,M-2BH
severe,49,2030-10-25,0.0,0.0,0.0,0.0,0.0,0.0,0.0,0.0,0.0,0.0,True,True,True,True,True,False,M-2BH
severe,50,2030-11-25,0.0,0.0,0.0,0.0,0.0,0.0,0.0,0.0,0.0,0.0,True,True,True,True,True,False,M-2BH
severe,51,2030-12-25,0.0,0.0,0.0,0.0,0.0,0.0,0.0,0.0,0.0,0.0,False,True,True,False,True,False,M-2BH
severe,52,2031-01-25,0.0,0.0,0.0,0.0,0.0,0.0,0.0,0.0,0.0,0.0,True,True,True,True,True,False,M-2BH
severe,53,2031-02-25,0.0,0.0,0.0,0.0,0.0,0.0,0.0,0.0,0.0,0.0,True,True,True,True,True,True,M-2BH
severe,1,2026-10-25,102515181.0,0.0,0.0,0.0,0.0,0.0,0.0,0.0,0.0,102515181.0,True,True,True,True,True,False,B-1H
severe,2,2026-11-25,102515181.0,0.0,0.0,0.0,0.0,0.0,0.0,0.0,0.0,102515181.0,True,True,True,True,True,False,B-1H
severe,3,2026-12-25,102515181.0,0.0,0.0,0.0,0.0,0.0,0.0,0.0,0.0,102515181.0,True,True,True,True,True,False,B-1H
severe,4,2027-01-25,102515181.0,0.0,0.0,0.0,0.0,0.0,0.0,0.0,0.0,102515181.0,True,True,True,True,True,False,B-1H
severe,5,2027-02-25,102515181.0,0.0,0.0,0.0,0.0,0.0,0.0,0.0,0.0,102515181.0,True,True,True,True,True,False,B-1H
severe,6,2027-03-25,102515181.0,0.0,0.0,0.0,0.0,0.0,0.0,0.0,0.0,102515181.0,True,True,True,True,True,False,B-1H
severe,7,2027-04-25,102515181.0,0.0,0.0,0.0,0.0,0.0,0.0,0.0,0.0,102515181.0,True,True,True,True,True,False,B-1H
severe,8,2027-05-25,102515181.0,0.0,0.0,0.0,0.0,0.0,0.0,0.0,0.0,102515181.0,True,True,True,True,True,False,B-1H
severe,9,2027-06-25,102515181.0,0.0,0.0,0.0,0.0,0.0,0.0,0.0,0.0,102515181.0,True,True,True,True,True,False,B-1H
severe,10,2027-07-25,102515181.0,0.0,0.0,0.0,0.0,0.0,0.0,0.0,0.0,102515181.0,False,True,True,False,True,False,B-1H
severe,11,2027-08-25,102515181.0,0.0,0.0,0.0,0.0,0.0,0.0,0.0,0.0,102515181.0,False,True,True,False,True,False,B-1H
severe,12,2027-09-25,102515181.0,0.0,0.0,0.0,0.0,0.0,0.0,0.0,0.0,102515181.0,False,True,True,False,True,False,B-1H
severe,13,2027-10-25,102515181.0,0.0,0.0,0.0,0.0,0.0,0.0,0.0,0.0,102515181.0,False,True,True,False,True,False,B-1H
severe,14,2027-11-25,102515181.0,0.0,0.0,0.0,0.0,0.0,0.0,0.0,0.0,102515181.0,True,True,True,True,True,False,B-1H
severe,15,2027-12-25,102515181.0,0.0,0.0,0.0,0.0,0.0,0.0,0.0,0.0,102515181.0,True,True,True,True,True,False,B-1H
severe,16,2028-01-25,102515181.0,0.0,0.0,0.0,0.0,0.0,0.0,0.0,0.0,102515181.0,True,True,True,True,True,False,B-1H
severe,17,2028-02-25,102515181.0,0.0,0.0,0.0,0.0,0.0,0.0,0.0,0.0,102515181.0,True,True,True,True,True,False,B-1H
severe,18,2028-03-25,102515181.0,0.0,0.0,0.0,0.0,0.0,0.0,0.0,0.0,102515181.0,True,True,True,True,True,False,B-1H
severe,19,2028-04-25,102515181.0,0.0,0.0,0.0,0.0,0.0,0.0,0.0,0.0,102515181.0,True,True,True,True,True,False,B-1H
severe,20,2028-05-25,102515181.0,0.0,0.0,0.0,0.0,0.0,0.0,0.0,0.0,102515181.0,True,True,True,True,True,False,B-1H
severe,21,2028-06-25,102515181.0,0.0,0.0,0.0,0.0,0.0,0.0,0.0,0.0,102515181.0,True,True,True,True,True,False,B-1H
severe,22,2028-07-25,102515181.0,0.0,0.0,0.0,0.0,0.0,0.0,0.0,0.0,102515181.0,False,True,True,False,True,False,B-1H
severe,23,2028-08-25,102515181.0,0.0,0.0,0.0,0.0,0.0,0.0,0.0,0.0,102515181.0,True,True,True,True,True,False,B-1H
severe,24,2028-09-25,102515181.0,0.0,0.0,0.0,0.0,0.0,0.0,0.0,0.0,102515181.0,True,True,True,True,True,False,B-1H
severe,25,2028-10-25,102515181.0,0.0,0.0,0.0,0.0,0.0,0.0,0.0,0.0,102515181.0,True,True,True,True,True,False,B-1H
severe,26,2028-11-25,102515181.0,0.0,0.0,0.0,0.0,0.0,0.0,0.0,0.0,102515181.0,True,True,True,True,True,False,B-1H
severe,27,2028-12-25,102515181.0,0.0,0.0,0.0,0.0,0.0,0.0,0.0,0.0,102515181.0,True,True,True,True,True,False,B-1H
severe,28,2029-01-25,102515181.0,0.0,0.0,0.0,0.0,0.0,0.0,0.0,0.0,102515181.0,True,True,True,True,True,False,B-1H
severe,29,2029-02-25,102515181.0,0.0,0.0,0.0,0.0,0.0,0.0,0.0,0.0,102515181.0,False,True,True,False,True,False,B-1H
severe,30,2029-03-25,102515181.0,0.0,0.0,0.0,0.0,0.0,0.0,0.0,0.0,102515181.0,True,True,True,True,True,False,B-1H
severe,31,2029-04-25,102515181.0,0.0,0.0,0.0,0.0,0.0,0.0,0.0,0.0,102515181.0,True,True,True,True,True,False,B-1H
severe,32,2029-05-25,102515181.0,0.0,0.0,0.0,0.0,0.0,0.0,0.0,0.0,102515181.0,True,True,True,True,True,False,B-1H
severe,33,2029-06-25,102515181.0,0.0,0.0,0.0,0.0,0.0,0.0,0.0,0.0,102515181.0,True,True,True,True,True,False,B-1H
severe,34,2029-07-25,102515181.0,0.0,0.0,0.0,0.0,0.0,0.0,0.0,0.0,102515181.0,False,True,True,False,True,False,B-1H
severe,35,2029-08-25,102515181.0,0.0,0.0,0.0,0.0,0.0,0.0,0.0,0.0,102515181.0,True,True,True,True,True,False,B-1H
severe,36,2029-09-25,102515181.0,0.0,0.0,0.0,0.0,0.0,0.0,0.0,0.0,102515181.0,True,True,True,True,True,False,B-1H
severe,37,2029-10-25,102515181.0,0.0,0.0,0.0,0.0,0.0,0.0,0.0,0.0,102515181.0,True,True,True,True,True,False,B-1H
severe,38,2029-11-25,102515181.0,0.0,0.0,0.0,0.0,0.0,0.0,0.0,0.0,102515181.0,True,True,True,True,True,False,B-1H
severe,39,2029-12-25,102515181.0,0.0,0.0,0.0,0.0,0.0,0.0,0.0,0.0,102515181.0,True,True,True,True,True,False,B-1H
severe,40,2030-01-25,102515181.0,0.0,0.0,0.0,0.0,0.0,0.0,0.0,0.0,102515181.0,False,True,True,False,True,False,B-1H
severe,41,2030-02-25,102515181.0,0.0,0.0,0.0,10282071.742431473,0.0,0.0,0.0,0.0,92233109.25756852,True,True,True,True,True,False,B-1H
severe,42,2030-03-25,92233109.25756852,0.0,0.0,0.0,12101957.618199468,0.0,0.0,0.0,0.0,80131151.63936906,True,True,True,True,True,False,B-1H
severe,43,2030-04-25,80131151.63936906,0.0,0.0,0.0,12261143.64346236,0.0,0.0,0.0,0.0,67870007.9959067,True,True,True,True,True,False,B-1H
severe,44,2030-05-25,67870007.9959067,0.0,0.0,0.0,11196864.516353011,0.0,0.0,0.0,0.0,56673143.479553685,True,True,True,True,True,False,B-1H
severe,45,2030-06-25,56673143.479553685,0.0,0.0,0.0,8053715.177532733,0.0,0.0,0.0,0.0,48619428.30202095,True,True,True,True,True,False,B-1H
severe,46,2030-07-25,48619428.30202095,0.0,0.0,0.0,7483319.5129051795,0.0,0.0,0.0,0.0,41136108.78911577,True,True,True,True,True,False,B-1H
severe,47,2030-08-25,41136108.78911577,0.0,0.0,0.0,0.0,0.0,0.0,0.0,0.0,41136108.78911577,False,True,True,False,True,False,B-1H
severe,48,2030-09-25,41136108.78911577,0.0,0.0,0.0,6633807.447536677,0.0,0.0,0.0,0.0,34502301.341579095,True,True,True,True,True,False,B-1H
severe,49,2030-10-25,34502301.341579095,0.0,0.0,0.0,6379129.200862467,0.0,0.0,0.0,0.0,28123172.140716627,True,True,True,True,True,False,B-1H
severe,50,2030-11-25,28123172.140716627,0.0,0.0,0.0,7289138.304264247,0.0,0.0,0.0,0.0,20834033.83645238,True,True,True,True,True,False,B-1H
severe,51,2030-12-25,20834033.83645238,0.0,0.0,0.0,0.0,0.0,0.0,0.0,0.0,20834033.83645238,False,True,True,False,True,False,B-1H
severe,52,2031-01-25,20834033.83645238,0.0,0.0,0.0,7388209.01004076,0.0,0.0,0.0,0.0,13445824.82641162,True,True,True,True,True,False,B-1H
severe,53,2031-02-25,13445824.82641162,0.0,0.0,0.0,13445824.82641162,0.0,0.0,0.0,0.0,0.0,True,True,True,True,True,True,B-1H
severe,1,2026-10-25,273373818.0,0.0,0.0,0.0,0.0,0.0,0.0,0.0,0.0,273373818.0,True,True,True,True,True,False,B-2H
severe,2,2026-11-25,273373818.0,0.0,0.0,0.0,0.0,0.0,0.0,0.0,0.0,273373818.0,True,True,True,True,True,False,B-2H
severe,3,2026-12-25,273373818.0,0.0,0.0,0.0,0.0,0.0,0.0,0.0,0.0,273373818.0,True,True,True,True,True,False,B-2H
severe,4,2027-01-25,273373818.0,0.0,0.0,0.0,0.0,0.0,0.0,0.0,0.0,273373818.0,True,True,True,True,True,False,B-2H
severe,5,2027-02-25,273373818.0,0.0,0.0,0.0,0.0,0.0,0.0,0.0,0.0,273373818.0,True,True,True,True,True,False,B-2H
severe,6,2027-03-25,273373818.0,0.0,0.0,0.0,0.0,0.0,0.0,0.0,0.0,273373818.0,True,True,True,True,True,False,B-2H
severe,7,2027-04-25,273373818.0,0.0,0.0,0.0,0.0,0.0,0.0,0.0,0.0,273373818.0,True,True,True,True,True,False,B-2H
severe,8,2027-05-25,273373818.0,0.0,0.0,0.0,0.0,0.0,0.0,0.0,0.0,273373818.0,True,True,True,True,True,False,B-2H
severe,9,2027-06-25,273373818.0,0.0,0.0,0.0,0.0,0.0,0.0,0.0,0.0,273373818.0,True,True,True,True,True,False,B-2H
severe,10,2027-07-25,273373818.0,0.0,0.0,0.0,0.0,0.0,0.0,0.0,0.0,273373818.0,False,True,True,False,True,False,B-2H
severe,11,2027-08-25,273373818.0,0.0,0.0,0.0,0.0,0.0,0.0,0.0,0.0,273373818.0,False,True,True,False,True,False,B-2H
severe,12,2027-09-25,273373818.0,0.0,0.0,0.0,0.0,0.0,0.0,0.0,0.0,273373818.0,False,True,True,False,True,False,B-2H
severe,13,2027-10-25,273373818.0,0.0,0.0,0.0,0.0,0.0,0.0,0.0,0.0,273373818.0,False,True,True,False,True,False,B-2H
severe,14,2027-11-25,273373818.0,0.0,0.0,0.0,0.0,0.0,0.0,0.0,0.0,273373818.0,True,True,True,True,True,False,B-2H
severe,15,2027-12-25,273373818.0,0.0,0.0,0.0,0.0,0.0,0.0,0.0,0.0,273373818.0,True,True,True,True,True,False,B-2H
severe,16,2028-01-25,273373818.0,0.0,0.0,0.0,0.0,0.0,0.0,0.0,0.0,273373818.0,True,True,True,True,True,False,B-2H
severe,17,2028-02-25,273373818.0,0.0,0.0,0.0,0.0,0.0,0.0,0.0,0.0,273373818.0,True,True,True,True,True,False,B-2H
severe,18,2028-03-25,273373818.0,0.0,0.0,0.0,0.0,0.0,0.0,0.0,0.0,273373818.0,True,True,True,True,True,False,B-2H
severe,19,2028-04-25,273373818.0,0.0,0.0,0.0,0.0,0.0,0.0,0.0,0.0,273373818.0,True,True,True,True,True,False,B-2H
severe,20,2028-05-25,273373818.0,0.0,0.0,0.0,0.0,0.0,0.0,0.0,0.0,273373818.0,True,True,True,True,True,False,B-2H
severe,21,2028-06-25,273373818.0,0.0,0.0,0.0,0.0,0.0,0.0,0.0,0.0,273373818.0,True,True,True,True,True,False,B-2H
severe,22,2028-07-25,273373818.0,0.0,0.0,0.0,0.0,0.0,0.0,0.0,0.0,273373818.0,False,True,True,False,True,False,B-2H
severe,23,2028-08-25,273373818.0,0.0,0.0,0.0,0.0,0.0,0.0,0.0,0.0,273373818.0,True,True,True,True,True,False,B-2H
severe,24,2028-09-25,273373818.0,0.0,0.0,0.0,0.0,0.0,0.0,0.0,0.0,273373818.0,True,True,True,True,True,False,B-2H
severe,25,2028-10-25,273373818.0,0.0,0.0,0.0,0.0,0.0,0.0,0.0,0.0,273373818.0,True,True,True,True,True,False,B-2H
severe,26,2028-11-25,273373818.0,0.0,0.0,0.0,0.0,0.0,0.0,0.0,0.0,273373818.0,True,True,True,True,True,False,B-2H
severe,27,2028-12-25,273373818.0,0.0,0.0,0.0,0.0,0.0,0.0,0.0,0.0,273373818.0,True,True,True,True,True,False,B-2H
severe,28,2029-01-25,273373818.0,0.0,0.0,0.0,0.0,0.0,0.0,0.0,0.0,273373818.0,True,True,True,True,True,False,B-2H
severe,29,2029-02-25,273373818.0,0.0,0.0,0.0,0.0,0.0,0.0,0.0,0.0,273373818.0,False,True,True,False,True,False,B-2H
severe,30,2029-03-25,273373818.0,0.0,0.0,0.0,0.0,0.0,0.0,0.0,0.0,273373818.0,True,True,True,True,True,False,B-2H
severe,31,2029-04-25,273373818.0,0.0,0.0,0.0,0.0,0.0,0.0,0.0,0.0,273373818.0,True,True,True,True,True,False,B-2H
severe,32,2029-05-25,273373818.0,0.0,0.0,0.0,0.0,0.0,0.0,0.0,0.0,273373818.0,True,True,True,True,True,False,B-2H
severe,33,2029-06-25,273373818.0,0.0,0.0,0.0,0.0,0.0,0.0,0.0,0.0,273373818.0,True,True,True,True,True,False,B-2H
severe,34,2029-07-25,273373818.0,0.0,0.0,0.0,0.0,0.0,0.0,0.0,0.0,273373818.0,False,True,True,False,True,False,B-2H
severe,35,2029-08-25,273373818.0,0.0,0.0,0.0,0.0,0.0,0.0,0.0,0.0,273373818.0,True,True,True,True,True,False,B-2H
severe,36,2029-09-25,273373818.0,0.0,0.0,0.0,0.0,0.0,0.0,0.0,0.0,273373818.0,True,True,True,True,True,False,B-2H
severe,37,2029-10-25,273373818.0,0.0,0.0,0.0,0.0,0.0,0.0,0.0,0.0,273373818.0,True,True,True,True,True,False,B-2H
severe,38,2029-11-25,273373818.0,0.0,44247.47025675012,0.0,0.0,841427.79058406,0.0,841427.79058406,0.0,272532390.2094159,True,True,True,True,True,False,B-2H
severe,39,2029-12-25,272532390.2094159,0.0,44448.09056026264,0.0,0.0,1747868.3857608093,0.0,1747868.3857608093,0.0,270784521.8236551,True,True,True,True,True,False,B-2H
severe,40,2030-01-25,270784521.8236551,0.0,44520.9524951152,0.0,0.0,1755192.639020756,0.0,1755192.639020756,0.0,269029329.1846344,False,True,True,False,True,False,B-2H
severe,41,2030-02-25,269029329.1846344,0.0,44430.183893238835,0.0,0.0,1678731.5933590718,0.0,1678731.5933590718,0.0,267350597.5912753,True,True,True,True,True,False,B-2H
severe,42,2030-03-25,267350597.5912753,0.0,44199.01932056239,0.0,0.0,1647121.4308227303,0.0,1647121.4308227303,0.0,265703476.16045257,True,True,True,True,True,False,B-2H
severe,43,2030-04-25,265703476.16045257,0.0,43921.302758310325,0.0,0.0,1669453.9028150495,0.0,1669453.9028150495,0.0,264034022.25763753,True,True,True,True,True,False,B-2H
severe,44,2030-05-25,264034022.25763753,0.0,43531.529054734325,0.0,0.0,1664204.5031554552,0.0,1664204.5031554552,0.0,262369817.75448206,True,True,True,True,True,False,B-2H
severe,45,2030-06-25,262369817.75448206,0.0,43201.2923858519,0.0,0.0,1626919.460186066,0.0,1626919.460186066,0.0,260742898.294296,True,True,True,True,True,False,B-2H
severe,46,2030-07-25,260742898.294296,0.0,43228.00136589997,0.0,0.0,1591908.7880940689,0.0,1591908.7880940689,0.0,259150989.50620192,True,True,True,True,True,False,B-2H
severe,47,2030-08-25,259150989.50620192,0.0,43295.07800407708,0.0,0.0,1594843.0371794496,0.0,1594843.0371794496,0.0,257556146.46902248,False,True,True,False,True,False,B-2H
severe,48,2030-09-25,257556146.46902248,0.0,43544.492379321295,0.0,0.0,1587115.20223962,0.0,1587115.20223962,0.0,255969031.26678285,True,True,True,True,True,False,B-2H
severe,49,2030-10-25,255969031.26678285,0.0,43716.2145432595,0.0,0.0,1557262.4680225742,0.0,1557262.4680225742,0.0,254411768.79876027,True,True,True,True,True,False,B-2H
severe,50,2030-11-25,254411768.79876027,0.0,43858.70452346746,0.0,0.0,1515872.848908026,0.0,1515872.848908026,0.0,252895895.94985223,True,True,True,True,True,False,B-2H
severe,51,2030-12-25,252895895.94985223,0.0,43817.197208687154,0.0,0.0,1460877.4265669945,0.0,1460877.4265669945,0.0,251435018.52328524,False,True,True,False,True,False,B-2H
severe,52,2031-01-25,251435018.52328524,0.0,43641.990346440165,0.0,0.0,1460242.028894009,0.0,1460242.028894009,0.0,249974776.49439123,True,True,True,True,True,False,B-2H
severe,53,2031-02-25,249974776.49439123,0.0,43474.5720681542,0.0,248550539.42193335,1424237.0724578826,0.0,1424237.0724578826,0.0,0.0,True,True,True,True,True,True,B-2H
severe,1,2026-10-25,56953878.0,0.0,0.0,0.0,0.0,0.0,0.0,0.0,0.0,56953878.0,True,True,True,True,True,False,B-3H
severe,2,2026-11-25,56953878.0,0.0,0.0,0.0,0.0,0.0,1997.5265878733053,1997.5265878733053,0.0,56951880.47341213,True,True,True,True,True,False,B-3H
severe,3,2026-12-25,56951880.47341213,0.0,0.0,0.0,0.0,0.0,3968.8873983352737,3968.8873983352737,0.0,56947911.586013794,True,True,True,True,True,False,B-3H
severe,4,2027-01-25,56947911.586013794,0.0,0.0,0.0,0.0,0.0,5920.732044646604,5920.732044646604,0.0,56941990.85396915,True,True,True,True,True,False,B-3H
severe,5,2027-02-25,56941990.85396915,0.0,0.0,0.0,0.0,0.0,7854.063685216611,7854.063685216611,0.0,56934136.79028393,True,True,True,True,True,False,B-3H
severe,6,2027-03-25,56934136.79028393,0.0,0.0,0.0,0.0,0.0,9764.328804579603,9764.328804579603,0.0,56924372.46147935,True,True,True,True,True,False,B-3H
severe,7,2027-04-25,56924372.46147935,0.0,0.0,0.0,0.0,0.0,11644.98814258756,11644.98814258756,0.0,56912727.47333676,True,True,True,True,True,False,B-3H
severe,8,2027-05-25,56912727.47333676,0.0,0.0,0.0,0.0,0.0,13512.015594607614,13512.015594607614,0.0,56899215.457742155,True,True,True,True,True,False,B-3H
severe,9,2027-06-25,56899215.457742155,0.0,0.0,0.0,0.0,23904975.32393496,15348.913569906132,23920324.237504866,0.0,32978891.22023729,True,True,True,True,True,False,B-3H
severe,10,2027-07-25,32978891.22023729,0.0,0.0,0.0,0.0,0.0,17150.26821308019,17150.26821308019,0.0,32961740.95202421,False,True,True,False,True,False,B-3H
severe,11,2027-08-25,32961740.95202421,0.0,0.0,0.0,0.0,0.0,18871.71746298742,18871.71746298742,0.0,32942869.234561224,False,True,True,False,True,False,B-3H
severe,12,2027-09-25,32942869.234561224,0.0,0.0,0.0,0.0,0.0,20602.555381327355,20602.555381327355,0.0,32922266.679179896,False,True,True,False,True,False,B-3H
severe,13,2027-10-25,32922266.679179896,0.0,0.0,0.0,0.0,0.0,22330.514177272133,22330.514177272133,0.0,32899936.16500262,False,True,True,False,True,False,B-3H
severe,14,2027-11-25,32899936.16500262,0.0,0.0,0.0,0.0,0.0,23663.49733870467,23663.49733870467,0.0,32876272.667663917,True,True,True,True,True,False,B-3H
severe,15,2027-12-25,32876272.667663917,0.0,0.0,0.0,0.0,0.0,25037.560579093664,25037.560579093664,0.0,32851235.107084822,True,True,True,True,True,False,B-3H
severe,16,2028-01-25,32851235.107084822,0.0,0.0,0.0,0.0,0.0,26456.60861213968,26456.60861213968,0.0,32824778.498472683,True,True,True,True,True,False,B-3H
severe,17,2028-02-25,32824778.498472683,0.0,0.0,0.0,0.0,0.0,27902.310425917294,27902.310425917294,0.0,32796876.188046765,True,True,True,True,True,False,B-3H
severe,18,2028-03-25,32796876.188046765,0.0,0.0,0.0,0.0,0.0,29375.36799664444,29375.36799664444,0.0,32767500.82005012,True,True,True,True,True,False,B-3H
severe,19,2028-04-25,32767500.82005012,0.0,0.0,0.0,0.0,0.0,30797.50326767113,30797.50326767113,0.0,32736703.31678245,True,True,True,True,True,False,B-3H
severe,20,2028-05-25,32736703.31678245,0.0,0.0,0.0,0.0,1844182.3139089823,32267.610272169528,1876449.924181152,0.0,30860253.392601296,True,True,True,True,True,False,B-3H
severe,21,2028-06-25,30860253.392601296,0.0,0.0,0.0,0.0,1838848.314597665,33781.121485678465,1872629.4360833436,0.0,28987623.956517953,True,True,True,True,True,False,B-3H
severe,22,2028-07-25,28987623.956517953,0.0,0.0,0.0,0.0,1810947.5916602148,34894.708520843684,1845842.3001810585,0.0,27141781.656336892,False,True,True,False,True,False,B-3H
severe,23,2028-08-25,27141781.656336892,0.0,0.0,0.0,0.0,1803547.5536949432,35727.2297072828,1839274.783402226,0.0,25302506.872934666,True,True,True,True,True,False,B-3H
severe,24,2028-09-25,25302506.872934666,0.0,0.0,0.0,0.0,1821439.7521306197,36571.6669722536,1858011.4191028734,0.0,23444495.453831792,True,True,True,True,True,False,B-3H
severe,25,2028-10-25,23444495.453831792,0.0,0.0,0.0,0.0,1825682.8972610554,37320.87224812746,1863003.7695091828,0.0,21581491.684322607,True,True,True,True,True,False,B-3H
severe,26,2028-11-25,21581491.684322607,0.0,0.0,0.0,0.0,1827368.5555078208,37878.758391829135,1865247.31389965,0.0,19716244.37042296,True,True,True,True,True,False,B-3H
severe,27,2028-12-25,19716244.37042296,0.0,0.0,0.0,0.0,1825811.875346223,38429.160322407355,1864241.0356686302,0.0,17852003.33475433,True,True,True,True,True,False,B-3H
severe,28,2029-01-25,17852003.33475433,0.0,0.0,0.0,0.0,1825748.5889410996,39393.470195982525,1865142.0591370822,0.0,15986861.275617247,True,True,True,True,True,False,B-3H
severe,29,2029-02-25,15986861.275617247,0.0,0.0,0.0,0.0,1830147.687883868,40189.30177076217,1870336.9896546302,0.0,14116524.285962617,False,True,True,False,True,False,B-3H
severe,30,2029-03-25,14116524.285962617,0.0,0.0,0.0,0.0,1825071.0612815795,40929.85125195109,1866000.9125335307,0.0,12250523.373429088,True,True,True,True,True,False,B-3H
severe,31,2029-04-25,12250523.373429088,0.0,0.0,0.0,0.0,1825103.5843087405,41519.38806952411,1866622.9723782646,0.0,10383900.401050825,True,True,True,True,True,False,B-3H
severe,32,2029-05-25,10383900.401050825,0.0,0.0,0.0,0.0,1479859.215267229,41963.6027458028,1521822.8180130317,0.0,8862077.583037792,True,True,True,True,True,False,B-3H
severe,33,2029-06-25,8862077.583037792,0.0,0.0,0.0,0.0,1520621.2214737392,42284.636438743466,1562905.8579124827,0.0,7299171.725125309,True,True,True,True,True,False,B-3H
severe,34,2029-07-25,7299171.725125309,0.0,0.0,0.0,0.0,1530523.8999218582,42662.640625805856,1573186.540547664,0.0,5725985.184577645,False,True,True,False,True,False,B-3H
severe,35,2029-08-25,5725985.184577645,0.0,0.0,0.0,0.0,1562765.908188264,43097.95428397039,1605863.8624722343,0.0,4120121.3221054105,True,True,True,True,True,False,B-3H
severe,36,2029-09-25,4120121.3221054105,0.0,0.0,0.0,0.0,1597359.982295296,43484.250238266475,1640844.2325335625,0.0,2479277.089571848,True,True,True,True,True,False,B-3H
severe,37,2029-10-25,2479277.089571848,0.0,0.0,0.0,0.0,1625670.829489695,43824.688145224776,1669495.5176349196,0.0,809781.5719369283,True,True,True,True,True,False,B-3H
severe,38,2029-11-25,809781.5719369283,0.0,0.0,0.0,0.0,809781.5719369283,0.0,809781.5719369283,0.0,0.0,True,True,True,True,True,False,B-3H
severe,39,2029-12-25,0.0,0.0,0.0,0.0,0.0,0.0,0.0,0.0,0.0,0.0,True,True,True,True,True,False,B-3H
severe,40,2030-01-25,0.0,0.0,0.0,0.0,0.0,0.0,0.0,0.0,0.0,0.0,False,True,True,False,True,False,B-3H
severe,41,2030-02-25,0.0,0.0,0.0,0.0,0.0,0.0,0.0,0.0,0.0,0.0,True,True,True,True,True,False,B-3H
severe,42,2030-03-25,0.0,0.0,0.0,0.0,0.0,0.0,0.0,0.0,0.0,0.0,True,True,True,True,True,False,B-3H
severe,43,2030-04-25,0.0,0.0,0.0,0.0,0.0,0.0,0.0,0.0,0.0,0.0,True,True,True,True,True,False,B-3H
severe,44,2030-05-25,0.0,0.0,0.0,0.0,0.0,0.0,0.0,0.0,0.0,0.0,True,True,True,True,True,False,B-3H
severe,45,2030-06-25,0.0,0.0,0.0,0.0,0.0,0.0,0.0,0.0,0.0,0.0,True,True,True,True,True,False,B-3H
severe,46,2030-07-25,0.0,0.0,0.0,0.0,0.0,0.0,0.0,0.0,0.0,0.0,True,True,True,True,True,False,B-3H
severe,47,2030-08-25,0.0,0.0,0.0,0.0,0.0,0.0,0.0,0.0,0.0,0.0,False,True,True,False,True,False,B-3H
severe,48,2030-09-25,0.0,0.0,0.0,0.0,0.0,0.0,0.0,0.0,0.0,0.0,True,True,True,True,True,False,B-3H
severe,49,2030-10-25,0.0,0.0,0.0,0.0,0.0,0.0,0.0,0.0,0.0,0.0,True,True,True,True,True,False,B-3H
severe,50,2030-11-25,0.0,0.0,0.0,0.0,0.0,0.0,0.0,0.0,0.0,0.0,True,True,True,True,True,False,B-3H
severe,51,2030-12-25,0.0,0.0,0.0,0.0,0.0,0.0,0.0,0.0,0.0,0.0,False,True,True,False,True,False,B-3H
severe,52,2031-01-25,0.0,0.0,0.0,0.0,0.0,0.0,0.0,0.0,0.0,0.0,True,True,True,True,True,False,B-3H
severe,53,2031-02-25,0.0,0.0,0.0,0.0,0.0,0.0,0.0,0.0,0.0,0.0,True,True,True,True,True,True,B-3H
